<?xml version="1.0" encoding="UTF-8"?><relatedinfo topic="Достижения">
	<faqlist>
		<faq question="Для чего необходимы вкладки достижений и статистики?">
			Страницы достижений и статистики появляются в профиле персонажа и функционируют, как аналогичные страницы в игре. Кроме того, были добавлены специальные возможности, доступные только в Оружейной. Например, теперь пользователи могут сравнивать достижени яперсонажей из разных игровых миров.
		</faq>
		<faq question="Как переключаться между категориями во вкладке достижений и статистики?">
			Чтобы переключаться между категориями, щелкните по названию категории или подкатегории в меню в левой части экрана.
		</faq>
		<faq question="Как сравнить достижения и статистику нескольких персонажей?">
			Чтобы сравнить нескольких персонажей, перейдите на вкладку "Персонажи для сравнения" в правом верхнем углу окна достижений или статистики. Введите имя и игровой мир персонажа, с которым вы хотите сравнить просматриваемого в данный момент персонажа. Портрет и достижения второго персонажа отобразятся радом с первм. Вы можете сравнивать таким образом до четырех персонажей.
		</faq>
		<faq question="Нужно ли входить в Оружейную, чтобы просмотреть достижения или статистику другого игрока?">
			Нет, эта информация считается открытой, и вы мосжете ее просматривать, не входя в Оружейную.
		</faq>

	</faqlist>
	<relatedlinks>
		<relatedlink name="Система достижений" url="http://www.wow-europe.com/wrath/features/gameplay/achievements.xml&amp;locale=ru_ru"/>
	</relatedlinks>
</relatedinfo>
