<?xml version="1.0" encoding="UTF-8"?><relatedinfo topic="Калькулятор Арены">
	<faqlist>
		<faq question="Что такое калькулятор Арены?">
			Калькулятор Арены выполняет три функции. Калькулятор очков позволяет определить, сколько очков вы можете получить в конце недели в зависимости от вашего места в рейтинге. В калькуляторе рейтинга вы вводите некую желаемую цель и общее число накопленных очков и получаете таблицу, определяющую, какого рейтинга вы в среднем должны достичь за тот или иной промежуток времени, чтобы добиться этой цели. Аналогично действует третий калькулятор — времени; только здесь, исходя из цели и числа очков, вы вычисляете, сколько времени вам потребуется для достижения цели при заданном вами среднем уровне рейтинга.
		</faq>
		<faq question="Как вычисляется рейтинг моей команды?">
			Изначально рейтинг новой команды 0. Далее он возрастает в зависимости от последующих побед. На сколько повышается ависит от разницы в рейтинге между вашей командой и командой противника.
		</faq>
		<faq key="getArenaPoints" question="Каким образом рейтинг моей команды влияет на очки, которые начисляются мне?">
			В конце каждой недели вычисляется, сколько очков принес вашей команде в целом ее рейтинг. Чтобы получать очки, команда должна принять участие, как минимум, в десяти поединках за неделю. А чтобы часть этих очков была начислена лично вам, вы должны участовать минимум в 30% этих поединков. Учтите, что в конце недели вы получите очки только с одной команды, а не со всех, в которые вы входите, по совокупности. Единственным источником очков среди команд, за которые вы играете, будет для вас та, что наберет за неделю больше всего очков по рейтингу (и в зависимости от размера команды). Помните, что выгоднее играть за команду 5х5, чем 2х2 или 3х3, так как последние, имея тот же рейтинг, получают меньше очков.  
		</faq>
		<faq question="Что можно купить на очки, полученные на Арене, и сколько очков можно иметь одновременно?">
			Очками, полученными на Арене, можно расплачиваться за награды. Вы можете накопить до 5000 очков, и они не пропадут. 
		</faq>
		<!--<faq question = "Скажите, а .999... = 1?">
			<a href = "http://www.blizzard.com/press/040401.shtml">Да</a>. 
		</faq>-->
	</faqlist>
	<relatedlinks>
		<relatedlink name="Турнир Арены" url="arena-tournament.xml"/>		
		<relatedlink type="hr"/>
		<relatedlink name="Система поединков на Арене" type="external" url="http://www.wow-europe.com/ru/info/basics/arena/index.html"/>
		<relatedlink name="Арена: взгляд изнутри" type="external" url="http://www.wow-europe.com/ru/misc/wowinsider/wowi11/arena.html"/>
		<relatedlink type="hr"/>	
		<relatedlink name="Возможные проблемы" type="external" url="http://forums.wow-europe.com/thread.html?topicId=1016061940&amp;sid=1"/>
		<relatedlink name="Сообщить о технической ошибке" type="report" url="http://forums.wow-europe.com/board.html?&amp;sid=5&amp;forumId=50005"/>
		<relatedlink name="Сообщить об ошибке в переводе" type="report" url="http://forums.wow-europe.com/board.html?forumId=50002&amp;sid=5"/>
	</relatedlinks>
</relatedinfo>
