<?xml version="1.0" encoding="UTF-8"?><relatedinfo topic="Календарь игрока">
	<faqlist>
		<faq question="Как работает календарь игрока в Оружейной?">
			Все функции календаря описаны на <a href="/updates.xml#anchorcalendarinterface">странице обновлений</a>. Среди них - возможность просматривать регулярные события через интерфейс, идентичный внутриигровому. Также пользователь сможет отвечать на приглашения других игроков: эти изменения будут отображены и в игре.
		</faq>
		<faq question="Как можно просмотреть календарь игрока в Оружейной?">
			Просто щелкните по вкладке "Календарь" в профиле персонажа. Вы будете перенаправлены на экран входа в систему и должны будете ввести имя и пароль своей учетной записи. Вы также можете воспользоваться строкой входа в верхнем правом углу страницы Оружейной и затем перейти на вкладку "Календарь".
		</faq>
		<faq question="Что такое лента календаря?">
			Инструмент настройки календаря позволяет вам переносить все данные вашего внутриигрового календаря во внешнее онлайн-приложение для планирования, например Google Calendar. Инструмент может объединять до пяти персонажей вашей учетной записи в одну ленту и автоматически синхронизировать все изменения. За более подробной информацией обратитесь в раздел <a href="/faq-calendar-feed.xml">вопросов и ответов</a>.
		</faq>
		<faq question="Почему необходимо входить в систему, чтобы просмотреть календарь моего персонажа?">
			Как и банк гильдии, календарь игрока является информацией, не предназначенной для публичного просмотра, поэтому эти данные защищены паролем от вашей учетной записи.
		</faq>
		<faq question="Можно ли отвечать на приглашения через Оружейную?">
			Да, вы можете отвечать на приглашения других игроков поучаствовать в событиях, созданных пользователями. Изменения будут видны и в игре.
		</faq>
		<faq question="Могу ли я просматривать календари других персонажей?">
			Войдя в Оружейную, вы сможете просматривать календари всех персонажей, принадлежащих данной учетной записи. Нажмите кнопку меню профиля в правом верхнем углу экрана и выберите персонажа из выпадающего меню. Вы не можете просматривать календари персонажей, не принадлежащих данной учетной записи. Более подробная информация о меню профиля персонажа опубликована на <a href="/faq-login.xml">здесь</a>.
		</faq>
		<faq question="Могу ли я создавать новые события в Оружейной?">
			Нет, создавать события с помощью календаря игрока в Оружейной нельзя. Для этого следует воспользоваться внутриигровым календарем игрока.
		</faq>
	
	</faqlist>
	<relatedlinks>
		<relatedlink name="Календарь событий" url="http://www.wow-europe.com/ru/info/basics/events/calendar.html"/>
		<relatedlink name="Календарь рейдов" url="http://www.wow-europe.com/ru/info/basics/raidcalendar/index.html"/>
	</relatedlinks>
</relatedinfo>
