<?xml version="1.0" encoding="UTF-8"?><relatedinfo topic="Лента персонажа">
	<faqlist>

		<faq question="Что такое лента персонажа?">
			Новостная лента отображает сведения о самых последних действиях персонажа в игре: убийстве босса, получении предмета или достижения и т.п. Новостную ленту можно добавить в RSS-ленту. Новостные ленты можно настраивать с помощью встроенного инструмента и экспортировать в RSS-ленты.
		</faq>	
		<faq question="Как настроить ленту новостей?">
			Щелкните по значку RSS на странице профиля персонажа (оранжевый значок в верхнем правом углу окна новостей), чтобы перейти на страницу настройки ленты новостей. Здесь вы сможете создать новостную ленту для добавления в RSS-ленту. 
			<ul>
				<li>В одной ленте вы можете объединить 5 персонажей. Данные каждого персонажа должны быть указаны в формате <b>имя@игровой мир</b>. Если вы уже вошли в Оружейную, игровой мир указывать не надо: по умолчанию будет использоваться игровой мир основного персонажа.</li>
				<li>Достижения можно добавлять в ленту с помощью фильтра. </li>
				<li>Критерии достижения - это промежуточные шаги на пути к выполнению достижения, например убийство босса в рейдовом подземелье. Отключение этой функции отключит слежение за этими новостями для всех персонажей, тогда как ее включение позволит соблюдать все правила, созданные для категории достижений (например, отключение категории "Задания" отключит и слежение за критериями таких достижений). </li>
				<li>Категория "Убийство боссов" охватывает всех боссов из таблицы статистики персонажа, в том числе главных боссов подземелий классического World of Warcraft и Burning Crusade, а также всех рейдовых боссов Wrath of the Lich King.</li>
				<li>Новости о полученных предметах можно сортировать по степени редкости или уровню.</li>
			</ul>
		</faq>
		<faq question="Как пользоваться настроенной лентой новостей?">
			Адрес вашей RSS-ленты обновляется по мере вносимых вами изменений. Закончив настройку ленты, скопируйте адрес ленты и добавьте его в свою RSS-ленту. Вы можете импортировать ленты в Outlook и другие клиенты электронной почты.
		</faq>	
		<faq question="Можно ли настраивать ленту новостей, отображаемую на странице профиля персонажа?">
			В отличие от RSS-ленты, настраиваемой пользователем, лента новостей, отображаемая на странице профиля персонажа (на главной странице на вкладке "Новости персонажа"), является неотфилтьрованным потоком новостей персонажа: ее нельзя настраивать.
		</faq>
		<faq question="Почему я не могу найти определенного персонажа, чье имя ввожу в строке поиска в ленте новостей?">
			В этом разделе Оружейной хранится информация лишь о тех персонажах, которые относятся к европейским игровым мирам. Чтобы получить информацию о персонажах других регионов, например США, воспользуйтесь меню выбора региона в нижней части страницы. Кроме того, играть нужно регулярно, иначе профиль персонажа не будет показываться в новостной ленте. Наконец, уровень персонажа должен быть не ниже 10-го.
			<p/>
			Вводя имя персонажа, соблюдайте пробелы в названиях игровых миров (например "Вечная песня") и проверяйте, чтобы имя персонажа и игрового мира были написаны без ошибок.
		</faq>
	</faqlist>
	<relatedlinks>
		<relatedlink name="Поиск персонажей" url="character-search.xml"/>
		<relatedlink type="hr"/>
		<relatedlink name="Ваш персонаж" type="external" url="http://www.wow-europe.com/ru/info/basics/index.html#character"/>
		<relatedlink name="Расы" type="external" url="http://www.wow-europe.com/ru/info/races/index.html"/>
		<relatedlink name="Классы" type="external" url="http://www.wow-europe.com/ru/info/classes/index.html"/>
		<relatedlink name="Профессии" type="external" url="http://www.wow-europe.com/ru/info/professions/intro.html"/>
		<relatedlink type="hr"/>
		<relatedlink name="Вопросы и ответы" url="faq-armory.xml"/>
		<relatedlink name="Оружейная" type="external" url="http://forums.wow-europe.com/thread.html?topicId=5591699784&amp;sid=5"/>		
		<relatedlink name="Сообщаить об ошибке" type="report" url="mailto:wowarmory@blizzard.com?subject=WoW Armory Error&amp;body=Введите описание ошибки. Browser Agent: REPLACEBROWSER. Error on page: REPLACEURL"/>
	</relatedlinks>
</relatedinfo>
