<?xml version="1.0" encoding="UTF-8"?><relatedinfo topic="Информация о персонаже">
	<faqlist>
		<faq question="Почему профиль моего персонажа выглядит иначе?">
			С выходом обновления 3.3 профили персонажей в Оружейной изменились: был улучшен интерфейс, добавлены новые функции, среди которых - возможность просматривать модели персонажей в 3D, новости о персонаже и т.д. Более подробно об этом рассказывается в разделе <a href="/updates.xml">обновлений</a>.
		</faq>	
		<faq question="Как пользоваться функцией просмотра моделей в Оружейной?">
			С помощью новой функции просмотра моделей в 3D вы сможете рассматривать модели персонажей в том виде, в каком они появляются в игре: в полной экипировке, с прической и аксессуарами, со шлемом и плащом или без них. Наведите указатель мыши на окно просмотра модели, чтобы воспользоваться панелью действий.
			<ul>
				<li>Камера. Для вращения камеры нажмите и удерживайте левую кнопку мыши или щелкните по кнопкам со стрелками в левом верхнем углу онка. Чтобы приблизить или отдалить камеру, наведите указатель мыши на окно просмотра и воспользуйтесь колесиком мыши или кнопками приближения и отдаления камеры в левом верхнем углу окна. Чтобы переместить персонажа в рамке, щелкните правой кнопкой мыши по персонажу и, удерживая кнопку, перемещайте персонажа (или используйте квадратик в нижнем левом углу экрана).</li>
				<li>Анимация. Каждый персонаж может выполнить ряд действий. Воспользуйтесь кнопками со стрелками рядом с названием анимированного действия, чтобы посмотреть все возможные варианты. Набор действий зависит от класса персонажа и оружия, экипированного в данный момент.</li>
				<li>Поза. Если вы вошли в Оружейную под своим именем пользователя и пароля, вы можете сохранить позу персонажа "по умолчанию". Воспользуйтесь камерой и функцией анимации, чтобы создать позу, и щелкните по значку "Сохранить". <strong>Все посетители профиля будут видеть вашего персонажа именно в этой позе</strong>.</li>
				<li>Управление. Кнопки паузы и перемотки анимации помогут вам выбрать самую лучшую позу для вашего персонажа.</li>
				<li>Полноэкранный режим. Вы можете просматривать модели персонажа в полноэкранном режиме на одном из вариантов фона. Панель управления будет работать так же, как в стандартной режиме. </li> 
				<li>Код вставки. Вы можете поместить независимую версию окна просмотра вашего персонажа на любой странице, поддерживающей эту функцию,  например в социальной сети, на форуме или на сайте гильдии.</li>
				<li>Параметры. Пользователям доступны дополнительные параметры для выбора фона в полноэкранном режиме и отображения гильдейской накидки, плаща или головного убора.</li>
			</ul>
		</faq>
		<faq question="Что такое лента новостей персонажа?">
			Новостная лента отображает сведения о самых последних действиях персонажа в игре: убийстве босса, получении предмета или достижения и т.п. Новостную ленту можно добавить в RSS-ленту, например iGoogle или Netvibes, или Facebook. Более подробную информацию вы можете прочитать в разделе <a href="faq-character-feed.xml;">вопросов и ответов</a>.
		</faq>
		<faq question="Что такое список экипировки?">
			Вы можете просматривать экипировку вашего персонажа в виде списка с отдельными колонками для уровня предметов, самоцветов и чар. Воспользуйтесь значками в правом верхнем углу окна просмотра модели, чтобы выключить режим списка.
		</faq>
		<faq question="Почему в окне просмотра моделей некоторые персонажи отображаются с графическими артефактами?">
			В определенных условиях модели персонажей могут отображаться с искажениями или артефактами (например дополнительными полигонами). Это временное явление, вызванное механизмами движка, на котором работает просмотр трехмерных моделей персонажей. Похоже, гномы питают к подобным эффектам особую слабость.
		</faq>

		<faq question="Зачем нужна функция «Улучшения» в профиле персонажа?">
			Наведите мышку на любой предмет в профиле персонажа: появится стрелка, которая затем превратится в кнопку «Улучшения». Щелкнув по этой кнопке, вы попадете на страницу результатов поиска, на которой будет выведен перечень предметов, которые для данного персонажа являются предметами более высокого ранга.
			<p/>
			Этот перечень формируется с учетом класса, к которому относится персонаж, его характеристик и качества его обмундирования в целом. Таким образом вы можете найти улучшения экипировки ак для вашего персонажа, так и для других персонажей World of Warcraft. Кроме того, если у вашего персонажа несколько комплектов обмундирования, с помощью этой функции можно найти предметы более высокого ранга для каждого из них.
			<p/>
			Подробнее читайте в разделе <a href="faq-item-info-recommended.xml">часто задаваемых вопросов о поиске улучшений экипировки</a>.
		</faq>		
		<faq question="Почему я не вижу информации о своем персонаже?">
			В этом разделе Оружейной хранится информация лишь о тех персонажах, которые относятся к европейским игровым мирам. Чтобы получить информацию о персонажах других регионов, например США, воспользуйтесь меню выбора региона в нижней части страницы. Кроме того, играть нужно регулярно, иначе профиль персонажа не будет показываться в Оружейной. Наконец, уровень персонажа должен быть не ниже 10-го.
		</faq>				
		<faq question="Что означает значок Facebook, появляющийся в профиле моего персонажа при входе в Оружейную?">
			Если вы вошли в Оружейную и просматриваете профиль своего персонажа, то рядом с лентой новостей персонажа вы увидите значок Facebook. Щелкните по значку, чтобы перейти на главную страницу приложения "Оружейная World of Warcraft на Facebook". Оно позволит вам создать настраиваемую ленту новостей ваших персонажей и персонажей ваших друзей прямо в Оружейной и транслировать их в Facebook. Таким же образом вы можете следить за новостями персонажей ваших друзей. Более подробно эта функция описана на странице <a href="/updates.xml">обновлений</a>.
		</faq>		
		<faq question="Почему не выводится полный список моих почетных убийств?">
			Теперь количество почетных побед отображается в закладке «Статистика» профиля персонажа.
		</faq>
	</faqlist>
	<relatedlinks>
		<relatedlink name="Путеводитель по характеристикам персонажа" type="external" url="http://www.wow-europe.com/ru/info/basics/characters.html"/>
		<relatedlink name="Расы" type="external" url="http://www.wow-europe.com/ru/info/races/index.html"/>
		<relatedlink name="Классы" type="external" url="http://www.wow-europe.com/ru/info/classes/index.html"/>
		<relatedlink name="Профессии" type="external" url="http://www.wow-europe.com/ru/info/professions/index.html"/>
		<relatedlink type="hr"/>
		<relatedlink name="Часто задаваемые вопросы" url="faq-armory.xml"/>		
		<relatedlink name="Возможные проблемы" type="external" url="http://forums.wow-europe.com/thread.html?topicId=1016061940&amp;sid=1"/>
		<relatedlink name="Сообщить о технической ошибке" type="report" url="http://forums.wow-europe.com/board.html?&amp;sid=5&amp;forumId=50005"/>
		<relatedlink name="Сообщить об ошибке в переводе" type="report" url="http://forums.wow-europe.com/board.html?forumId=50002&amp;sid=5"/>
	</relatedlinks>
</relatedinfo>
