<?xml version="1.0" encoding="UTF-8"?><relatedinfo topic="Улучшения">
	<faqlist>
		<faq question="Как формируется подборка предлагаемых улучшений экипировки?">
			Вы ищете предмет для конкретного персонажа. Вначале Оружейная автоматически определяет, каким вооружением располагает ваш персонаж на данный момент и каково, в среднем, качество предметов, которыми он владеет. Все предложения формируются исходя из этих базовых сведений, а также из уровня предмета, его редкости и еще нескольких параметров, — но не класса персонажа и не его специализации. Учитываются также те показатели (урон заклинаний, сила атаки, выносливость), которые были существенно улучшены, и предлагаются предметы, которые могут улучшить их еще больше.
		</faq>
		<faq question="Как эффективнее всего использовать функцию «Улучшения»?">
Вот несколько советов. Помните, что как бы ни изменилось вооружение вашего персонажа, в его профиле в Оружейной эти изменения отобразятся только после выхода из игры.
		<ul>
			<li>
          <strong>Подберите такие предметы вооружения, которые оптимально соответствуют интересующему вас формату игры.</strong> Например, если вы собираетесь участвовать в рейдах, то проследите, чтобы на момент выхода из игры у вашего персонажа был комплект рейдового вооружения. Если хотите участвовать в PvP-поединках и ищете улучшения экипровки для PvP, то выходите из игры с соответствующим комплектом вооружения, и т.п.</li>
			<li>
          <strong>Попробуйте играть с разными комплектами вооружения.</strong> Многие классы могут носить с собой отдельный комплект для каждого типа игры: одиночного похода, рейда, PvP-поединка. Чтобы найти улучшения для каждого комплекта, нужно просто при выходе из игры выбрать нужный. Если в вашем вооружении будут предметы из разных комплектов вперемешку, то поиск будет менее прицельным.</li>
			<li>
          <strong>Не забывайте, какие факторы принимаются во внимание при формировании списка предметов, а какие нет.</strong> В общих чертах, предложение формируется на основе характеристик персонажа и примерного качества его вооружения в целом. Класс персонажа учитывается только чтобы исключить недоступные этому классу виды оружия, а таланты не учитываются вовсе.</li>
			<li>
          <strong>Уровень и редкость предмета.</strong> Чтобы сформировать список найденных предметов, Оружейная сначала определяет, каким вооружением располагает ваш персонаж на данный момент и каково, в среднем, качество предметов, которыми он владеет, — преимущественно исходя из их уровня и редкости. Приобретение даже одного редкого предмета заметно повысит характеристики вашего персонажа.</li>
		</ul>
		</faq>
		<faq question="По какому принципу организован список найденных предметов?">
			Список сортируется, как и результаты любого поиска предметов, по релевантности. В данном случае соответствие определяется тем, насколько найденный предмет соответствует среднему качеству предметов, которыми владеет персонаж, и его характеристикам. Предмет с более высоким показателем релевантности не обязательно «лучше» и не обязательно даже больше подходит вашему персонажу, чем менее релевантный. Предлагаемые вам предметы отобраны, скорее, как близкие к тем, что у вас уже есть.
		</faq>
		<faq question="Влияют ли внешние воздействия, такие как благоприятные и неблагоприятные заклинания, на результаты поиска?">
			Нет. Благоприятные и неблагоприятные эффекты, воздействующие на персонажа, больше не отображаются в Оружейной.
		</faq>
		<faq question="Можно ли перед выходом из игры сменить комплект оборудования, чтобы найти предметы именно для этого комплекта?">
			Можно и даже нужно.
		</faq>												
		<faq question="Почему среди предложенных мне предметов есть награды за выполнение заданий, доступные только членам другой фракции?">
			Отбор наград за выполнение заданий с учетом фракции пока не налажен. Со временем, возможно, эта опция появится.
		</faq>
		<faq question="Почему тот предмет, для которого я ищу улучшение, тоже выводится в списке найденного?">
			Предмет фигурирует в списке найденного, чтобы было ясно, каков его статус по сравнению с остальными. Иными словами, если предмет сам появляется среди предлагаемых, это значит, что он уже вполне подходит вашему персонажу. Сопоставление с другими доступными вам предметами помогает лучше сориентироваться при выборе. Но, в принципе, — и это относится к любому предмету в списке найденного, — предмет с высоким показателем релевантности не обязательно самый лучший для вашего персонажа.
		</faq>
		<faq question="Я думал, что некий предмет X окажется в списке найденного, а его там нет. Почему?">
			Тому может быть несколько причин. У предмета может быть слишком высокий уровень для вашего персонажа. Или же его уровень слишком высок или низок по сравнению с другими предметами при надевании вашего персонажа. Возможно также, что предмет Х по своим функциям очень близок к тому, что у вас уже есть, и никак не улучшает характеристики персонажа.
		</faq>
		<faq question="Могут ли фигурировать в списке найденного предметы, на которые наложено то или иное заклинание (например, заклинание “орла”)?">
			Да, могут. Однако они выводятся в обычном виде, без заклинания. Щелкнув по любому из этих предметов, вы попадете на страницу информации о нем и увидите перечень заклинаний, которые могут быть на него наложены. Обратите внимание: в списке найденного эти предметы могут занимать менее выгодное место, чем прочие, и не всегда правомерно. 
		</faq>

	</faqlist>
	<relatedlinks>
		<relatedlink name="награды за эмблемы льда" url="search.xml?source=dungeon&amp;dungeon=emblemoffrost&amp;type=all&amp;rrt=all&amp;rqrMin=&amp;rqrMax=&amp;usbleBy=all&amp;advOptName=none&amp;andor=and&amp;searchType=items&amp;advOpt=none"/>		
		<relatedlink name="Награды за эмблемы триумфа" url="search.xml?source=dungeon&amp;dungeon=emblemoftriumph&amp;type=all&amp;rrt=all&amp;rqrMin=&amp;rqrMax=&amp;usbleBy=all&amp;advOptName=none&amp;andor=and&amp;searchType=items&amp;advOpt=none"/>		
		<relatedlink name="Фамильные вещи" url="search.xml?source=all&amp;type=all&amp;usbleBy=all&amp;rqrMin=&amp;rqrMax=&amp;rrt=hm&amp;advOptName=none&amp;andor=and&amp;searchType=items&amp;advOpt=none"/>						
		<relatedlink type="hr"/>
		<relatedlink name="Добыча в подземельях и рейдах" url="dungeons.xml"/>
		<relatedlink name="Награды фракций" url="factions.xml"/>
		<relatedlink name="Награды за PvP-бои" url="pvprewards.xml"/>		
		<relatedlink type="hr"/>
		<relatedlink name="Боевые рейтинги" type="external" url="http://www.wow-europe.com/ru/info/basics/characters.html"/>				
		<relatedlink name="Путеводитель по предметам" type="external" url="http://www.wow-europe.com/ru/info/items/basics.html"/>
		<relatedlink type="hr"/>
		<relatedlink name="Возможные проблемы" type="external" url="http://forums.wow-europe.com/thread.html?topicId=1016061940&amp;sid=1"/>
		<relatedlink name="Часто задаваемые вопросы" url="faq-armory.xml"/>		
		<relatedlink name="Сообщить о технической ошибке" type="report" url="http://forums.wow-europe.com/board.html?&amp;sid=5&amp;forumId=50005"/>
		<relatedlink name="Сообщить об ошибке в переводе" type="report" url="http://forums.wow-europe.com/board.html?forumId=50002&amp;sid=5"/>
	</relatedlinks>
</relatedinfo>