<?xml version="1.0" encoding="UTF-8"?><relatedinfo topic="Турнир арены">
	<faqlist>
		<faq question="Какая информация о Турнире арены появляется в Оружейной?">
			В Оружейной можно найти профили каждого персонажа и каждой команды, принимающих участие в Турнире арены. Кроме того, ежедневно публикуются обнровленные рейтинги боевой группы "Колизей". 
		</faq>
		<faq question="Чем отличаются профили участников Турнира от профилей Оружейной?">
			Профили участников Туринра несколько отличаются от профилей персонажей, публикуемых в Оружейной. Информация о PvP отображается более полно, а данные, не относящиеся к Турниру, опускаются. Например, правая панель профиля участника заменяется эмблемой и рейтингом команды, вместо панели профессий отображается личный рейтинг игрока, а вместо имени гильдии указывается имя команды, в которой состоит игрок. 
		</faq>
		<faq question="Как просмотреть рейтинги Турнира для других регионов?">
			На страницу рейтингов Турнира арены можно перейти с помощью меню в врехнем левом углу экрана "Поиск по Оружейной". Перейдя по этой ссылке, вы попадете на страницу рейтингов для вашего региона по умолчанию (Северная Америка, Европа или Корея). Используйте ссылки в нижней части страницы, чтобы перейти к рейтингам для других регионов. Мы рекомендуем всем участникам Турнира регулярно просматривать данные по всем регионам, чтобы быть в курсе последних событий. 
		</faq>
		<faq question="Где можно узнать больше о Турнире арены?">
			На странице "Информация о Турнире арены" вы сможете узнать подробную информацию о Турнире и даже зарегистрироваться в качестве участника.
		</faq>		
	</faqlist>
	<relatedlinks>
		<relatedlink name="Рейтинг Туурнира арены" url="battlegroups.xml#tournament"/>
		<relatedlink name="Информация о Турнире арены" url="http://www.worldofwarcraft.com/pvp/tournament/index.xml"/>
		<relatedlink name="Регистрация" url="http://www.worldofwarcraft.com/account/"/>
		<relatedlink type="hr"/>
		<relatedlink name="ЧаВо" url="faq-armory.xml"/>
		<relatedlink name="Известные ошибки" url="http://forums.worldofwarcraft.com/thread.html?topicId=2765957433&amp;sid=1"/>		
		<relatedlink name="Сообщить об ошибке" type="report" url="mailto:wowarmory@blizzard.com?subject=Ошибка Оружейнойr&amp;body=Опишите ошибку. Браузер: название браузера. Ошибка на странице: адрес страницы"/>
	</relatedlinks>
</relatedinfo>
