<?xml version="1.0" encoding="UTF-8"?><OpenSearchDescription xmlns="http://a9.com/-/spec/opensearch/1.1/" xmlns:moz="http://www.mozilla.org/2006/browser/search/">
<ShortName>World of Warcraft Armory</ShortName>
<Description>World of Warcraft Armory Search</Description>
<InputEncoding>UTF-8</InputEncoding>
<Image height="16" width="16">data:image/png,%89PNG%0D%0A%1A%0A%00%00%00%0DIHDR%00%00%00%10%00%00%00%10%08%06%00%00%00%1F%F3%FFa%00%00%00%04gAMA%00%00%AF%C87%05%8A%E9%00%00%00%19tEXtSoftware%00Adobe%20ImageReadyq%C9e%3C%00%00%036IDATx%DAl%93_h%5B%05%14%C6%7F%F7%DE4%FFn%9AlM%D2%EA%B6%8E-k%F3G%890-%AD%3AT%909%04%1F%DC%1Ed%22%93%09%C2%FE%B9%CAP%7C%F1I%9F%C47%D7%B9v%0F%9B%ADe%14_%9C%0CuLPW%1FTX%A4%1D%DDl7k%9A%A6i%DA%A4i%DA%E6O%93%9B%9B%7Bs%BDU%14%5D%3Dp%9E%CE%E1%E3%3B%E7%FB%3E%C10%0C%EE%AFK%17%2F%18%96%FA%AF%D8%9B%F2X%2C6tc%07%823%C2K%87_%11%EE%DF%15%FE%0Dpa%E0%AC%F1DW%92p%40gvf%85U-%40vn%01%7Bm%86%88W%E5%CE%B4%9B%A4%F4%1C'%7B%CF%08%9B%00%A6%BE%3Cjt%F44%B8%95%3E%40Z%3B%40Uk%E3%B7%F8%1A%C9%DF'%B83%F1-%89%A91%5E%0D%25%E9%F2W%D8%B1%EF)%9E~mH%F8%07%E0%83w%8E%18%A7%0E%C5%E9%FB%5C%A2%E4%3B%0C%0D%8D%86%23Jnq%96B~%85%F9%E4%18%D1%F0%0AzC%A4%F0%CB%24%3Dn%85Bp%3F%1F%0E%8C%08%96%0D%94%C7%82%09%FA%AF%3D%C8%17%B1V%C6%06%BE%E6%DC%7BE.%A1%D2Z%CB%92%99%8F%91-%3B%F9%EAm%07%C4%B7%B1%EB%F2%5D%A4%88%9D%F6%F8%F8%9F%CC%C5%E1O%FA%0D%8F%96%E7%9B%E9%C7%91%B7%07X%2C%A8%84%A4%1C%93%B7b%3C%DB%B9%C8%23b%95%8AP%A6%D9%96%E3%CA%C8%8F%A8V%99%D1%94%C16%7B%89%F3%7D%1F%19b%3Dw%97%89%B8%17wk'jq%8De%97%93%F6%88%86%16%9F%23%B8%B7%C8%03%18%B8%5C%12rPgZ%AE%23%3A%5B(%D7%24%F3%C1%16%D6%17%EEa%D1%CA%AB%DC%9B%93P%E5%14%D5u%9D%9F%C7k%1C%7B%C1I%F7p%85P%A7%86%1ARY%B0l%FCK%24S%B1%22%E9%AA%D9%0AE%D5F%B3R%40%D4u%01%A5T%20%97I%226J%0C%0D%AD%81%D7Awd%1D%BBV%26%FA%A4%8D%E8CUX%86%F1%94%86%A0%2Ca5j%D8%AD%02%0DS%00q%83%D2NO%85R!%8FK%16I%A6m%14%2B%12%A7%0E%B6%92%1AU)6%C3%B1Cmd%A7-%CC%A4S%C8B%11%97d%10%DAm%0E%9A%9C%88%AE%F6(%81-%3A%8E%FA%1C%8A)S%B9%DC%C2%F5%98Dx%97%9F%1Fn%E4%F9%3E%AF%E0%0D%9A%9E%88%95%10%A4%3AMJ%8D%3D%DB%5Dtw%F9%F1%ED%DE%8Bx%E4%E8%EBBB%F1%F2%E2%CE8%B3%E9y%1A%CE6%D6%B2v0U%9BUL%0F%8C%EB%18%D7KL%265%0C%F3%FEr%B5%CA%FB%EFF%B9%99%969%F9%C6%E9%BF%7C%E0%08%86%09%2F%15y%B96E%7F%CC%C7%A7%C3%25%AE%0E%E6%B9%5D%EBD%9CZe%FF%B5%18%CBz%05%13%8A%C1%C1%E7y%E6Q%1F%DF%C5%AA%FF%B5%F2%C0%E9%1EC%2F%E4%A85%A0%7F%B4N%22%2B%99%8E%D4%CDI%C6l%9D%7D%3Dm%5C%FE%EC%04%9E%ADV%86%DE%BA%C2%99%8B1aS%98%CE%7F%7C%CEX%FAi%84%80%3B%87%CDm%C3%EA%91%F1%B7o%25%FA%B0%9F-%1D%3E%AE%DE%B0%B2%98%DD%C3%89%E3%C7%85%FFM%E3%DF%D5%D7w%D6%C8%24n%E3%B4%AE%E3%94m%26%2B%0F%AE%96%0Ez%DF%EC%DD%14%E7%3F%04%18%00%EB%ACv%A0%F6%9B6o%00%00%00%00IEND%AEB%60%82</Image>
<Url method="get" template="http://www.wowarmory.com/search.xml?searchQuery={searchTerms}&amp;searchType=all" type="text/html"/>
<moz:SearchForm>http://www.wowarmory.com</moz:SearchForm>
</OpenSearchDescription>
