<?xml version="1.0" encoding="UTF-8"?><strings>
		<string key="stand" string="Idle"/>
		<string key="dance" string="Dance"/>
		<string key="laugh" string="Laugh"/>
		<string key="flex" string="Flex"/>
		<string key="chicken" string="Chicken"/>
        <string key="crouch" string="Crouch"/>
        <string key="talk" string="Talk"/>
        <string key="bow" string="Bow"/>
        <string key="wave" string="Wave"/>				
        <string key="rude" string="Rude"/>
        <string key="kiss" string="Kiss"/>
        <string key="cry" string="Cry"/>
        <string key="point" string="Point"/>				
        <string key="salute" string="Salute"/>			
        <string key="yes" string="Yes"/>			
        <string key="no" string="No"/>	
        <string key="train" string="Train"/>	

		<string key="readyspelldirected" string="Casting (targeted)"/>
		<string key="castdirected" string="Cast (targeted)"/>
		<string key="readyspellomni" string="Casting (general)"/>
		<string key="castomni" string="Cast (general)"/>
		<string key="readythrown" string="Ranged idle"/>
		<string key="attackthrown" string="Ranged attack"/>
		
		<!-- Melee (ClassIds 1,2,3,4,6) -->
		<string key="ready1h" string="Melee idle"/>
		<string key="attack1h" string="Melee attack"/>
		<string key="ready2h" string="Melee idle"/>
		<string key="ready2hl" string="Melee idle"/>
		<string key="attack2h" string="Melee attack"/>
		<string key="attack2hl" string="Melee attack"/>
		<string key="attack1hpierce" string="Melee attack"/>
		<string key="attackunarmed" string="Melee attack"/>
		<string key="readyunarmed" string="Melee idle"/>
				
		<!-- Hunter (ClassId 3) -->
		<string key="attackbow" string="Fire"/>
		<string key="readybow" string="Ranged idle"/>
		<string key="readygun" string="Ranged idle"/>
		<string key="attackgun" string="Fire"/>
		<string key="loadbow" string="Reload"/>
		<string key="loadgun" string="Reload"/>
		<string key="holdbow" string="Aim"/>
				
		<string key="human" string="Human"/>
		<string key="orc-troll" string="Orc/Troll"/>
		<string key="gnome-dwarf" string="Gnome/Dwarf"/>
		<string key="nightelf" string="Night Elf"/>
		<string key="undead" string="Undead"/>
		<string key="tauren" string="Tauren"/>
		<string key="gnome-dwarf" string="Gnome/Dwarf"/>
		<string key="orc-troll" string="Orc/Troll"/>
		<string key="bloodelf" string="Blood Elf"/>
		<string key="draenei" string="Draenei"/>

		<!-- Special Attacks -->
		<string key="whirlwind" string="Whirlwind"/>
		<string key="special1h" string="Special attack"/>
		<string key="special2h" string="Special attack"/>
		<string key="mutilate" string="Mutilate"/>

		<!-- Options Menu -->
		<string key="equipmentHeader" string="Display Options"/>
		<string key="showHelmet" string="Helm"/>
		<string key="showCloak" string="Cloak"/>
		<string key="showTabard" string="Tabard"/>
		<string key="highQuality" string="High"/>
		<string key="mediumQuality" string="Medium"/>
		<string key="lowQuality" string="Low"/>
		<string key="loginToPose" string="Log in to assign default poses for characters on your account"/>
		<string key="qualityHeader" string="Model Quality"/>
		<string key="backgroundHeader" string="Background"/>
		<string key="embedDescription" string="Embed this HTML on a website to display a standalone version of the Armory's model viewer for this character."/>
		<string key="copy" string="Copy"/>
		<string key="embedCopied" string="The HTML has been copied to your clipboard."/>
		<string key="close" string="Close"/>
		<string key="embedTooltip" string="Link to this character's model viewer"/>
		<string key="saveTooltip" string="Save this pose as the default for all visitors to this profile"/>

		<!-- Backgrounds -->
		<string key="argenttournament" string="Tournament"/>
		<string key="dalaran" string="Dalaran"/>
		<string key="shattrath" string="Shattrath City"/>
		<string key="shattrath2" string="Shattrath City 2"/>
		<string key="wintergrasp" string="Wintergrasp"/>
		<string key="alteracvalley_horde" string="AV (Frostwolf)"/>
		<string key="alteracvalley_alliance" string="AV (Stormpike)"/>
		<string key="deathknight" string="Death Knight"/>
		
		<string key="loading" string="Loading..."/>
		
</strings>
