<?xml version="1.0" encoding="UTF-8"?><relatedinfo topic="Talents des personnages">
	<faqlist>
		<faq question="Quelles sont les fonctionnalités de la page des talents ?">
			L'ajout de la double spécialisation des talents dans World of Warcraft est reflété dans l'Armurerie. Si votre personnage a activé sa double spécialisation, vous pouvez alterner entre les deux en cliquant sur l'onglet idoine dans le coin supérieur droit de la fenêtre de l'arbre de talents. De surcroît, un ensemble de glyphes est associé à chaque spécialisation. les fiches de personnage des chasseurs comportent également les spécialisations de talents de leur familier sur cette même page. Le familier affiché peut être sélectionné par une liste déroulante, qui inclue le nom en jeu du familier et son type de créature.
		</faq>
		<faq question="Comment sont nommées les spécialisations ?">
			Les spécialisations de talents prennent automatiquement le nom de la spécialisation dominante (la branche dans laquelle vous avez mis le plus de points). Les arbres partagés entre plusieurs branches sont marquées « hybride », et ceux qui ne contiennent pas de points « vide ».
		</faq>
		<faq question="Puis-je interagir avec les talents de cette page ?">
			Comme il s'agit de l'affichage des talents actuels de votre personnage, vous ne pouvez pas les modifier sur cette page. Toutefois, Le bouton d'exportation « Vers le calculateur » vous amènera vers un archétype semblable sur notre site. Vous pourrez alors modifier votre archétype directement dans le calculateur de talents.
		</faq>
	</faqlist>
	<relatedlinks>
		<relatedlink name="Guide des talents" type="external" url="http://www.wow-europe.com/fr/info/basics/talents/index.html"/>
		<relatedlink type="hr"/>
		<relatedlink name="F.A.Q." url="faq-armory.xml"/>		
		<relatedlink name="Problèmes connus" type="external" url="http://forums.wow-europe.com/thread.html?topicId=1016252442&amp;sid=2"/>
		<relatedlink name="Signaler une erreur technique" type="report" url="http://forums.wow-europe.com/board.html?forumId=11088&amp;sid=1"/>
		<relatedlink name="Signaler une erreur de traduction" type="translation" url="http://forums.wow-europe.com/board.html?forumId=11213&amp;sid=2"/>
	</relatedlinks>
</relatedinfo>