<?xml version="1.0" encoding="UTF-8"?><page globalSearch="1" lang="en_gb" requestUrl="/data/dungeonStrings.xml">
  <dungeons>
    <dungeon id="4987" key="rubysanctum25" name="Ruby Sanctum (25)" release="2">
      <boss id="39864" name="Halion"/>
    </dungeon>
    <dungeon id="4987" key="rubysanctum10" name="Ruby Sanctum (10)" release="2">
      <boss id="39863" name="Halion"/>
    </dungeon>
    <dungeon id="4812" key="icecrowncitadel25" name="Icecrown Citadel (25)" release="2">
      <boss id="37957" name="Lord Marrowgar"/>
      <boss id="38106" name="Lady Deathwhisper"/>
      <boss id="202180" name="Gunship Armory"/>
      <boss id="38582" name="Deathbringer Saurfang"/>
      <boss id="37504" name="Festergut"/>
      <boss id="38390" name="Rotface"/>
      <boss id="38431" name="Professor Putricide"/>
      <boss id="38401" name="Prince Valanar"/>
      <boss id="38434" name="Blood-Queen Lana'thel"/>
      <boss id="202339" name="Cache of the Dreamwalker"/>
      <boss id="38265" name="Sindragosa"/>
      <boss id="39166" name="The Lich King"/>
    </dungeon>
    <dungeon id="4812" key="icecrowncitadel10" name="Icecrown Citadel (10)" release="2">
      <boss id="36612" name="Lord Marrowgar"/>
      <boss id="36855" name="Lady Deathwhisper"/>
      <boss id="202178" name="Gunship Armory"/>
      <boss id="37813" name="Deathbringer Saurfang"/>
      <boss id="36626" name="Festergut"/>
      <boss id="36627" name="Rotface"/>
      <boss id="36678" name="Professor Putricide"/>
      <boss id="37970" name="Prince Valanar"/>
      <boss id="37955" name="Blood-Queen Lana'thel"/>
      <boss id="201959" name="Cache of the Dreamwalker"/>
      <boss id="36853" name="Sindragosa"/>
      <boss id="36597" name="The Lich King"/>
    </dungeon>
    <dungeon id="4809" key="forgeofsouls" name="Forge of Souls" release="2">
      <boss id="36497" name="Bronjahm"/>
      <boss id="36502" name="Devourer of Souls"/>
    </dungeon>
    <dungeon id="4813" key="pitofsaron" name="Pit of Saron" release="2">
      <boss id="36494" name="Forgemaster Garfrost"/>
      <boss id="36476" name="Ick"/>
      <boss id="36658" name="Scourgelord Tyrannus"/>
    </dungeon>
    <dungeon id="4820" key="hallsofreflection" name="Halls of Reflection" release="2">
      <boss id="38112" name="Falric"/>
      <boss id="38113" name="Marwyn"/>
      <boss id="201710" name="The Captain's Chest"/>
    </dungeon>
    <dungeon id="2159" key="onyxiaslair" name="Onyxia's Lair" release="2">
      <boss id="10184" name="Onyxia"/>
    </dungeon>
    <dungeon id="4722" key="trialofthecrusader25" name="Trial of the Crusader (25)" release="2">
      <boss id="34566" name="Anub'arak"/>
      <boss id="35347" name="Eydis Darkbane"/>
      <boss id="35350" name="Fjola Lightbane"/>
      <boss id="195633" name="Champions' Cache"/>
      <boss id="35216" name="Lord Jaraxxus"/>
      <boss id="35447" name="Icehowl"/>
    </dungeon>
    <dungeon id="4722" key="trialofthecrusader10" name="Trial of the Crusader (10)" release="2">
      <boss id="34564" name="Anub'arak"/>
      <boss id="34496" name="Eydis Darkbane"/>
      <boss id="34497" name="Fjola Lightbane"/>
      <boss id="195631" name="Champions' Cache"/>
      <boss id="34780" name="Lord Jaraxxus"/>
      <boss id="34797" name="Icehowl"/>
    </dungeon>
    <dungeon id="4723" key="trialofthechampion" name="Trial of the Champion" release="2">
      <boss id="35451" name="The Black Knight"/>
      <boss id="195374" name="Eadric's Cache"/>
      <boss id="195323" name="Confessor's Cache"/>
      <boss id="195709" name="Champion's Cache"/>
    </dungeon>
    <dungeon id="4273" key="ulduar" name="Ulduar" release="2">
      <boss id="32871" name="Algalon the Observer"/>
      <boss id="33113" name="Flame Leviathan"/>
      <boss id="33186" name="Razorscale"/>
      <boss id="33293" name="XT-002 Deconstructor"/>
      <boss id="33118" name="Ignis the Furnace Master"/>
      <boss id="32867" name="Steelbreaker"/>
      <boss id="32927" name="Runemaster Molgeim"/>
      <boss id="32857" name="Stormcaller Brundir"/>
      <boss id="195046" name="Cache of Living Stone"/>
      <boss id="33515" name="Auriaya"/>
      <boss id="194957" name="Cache of Innovation"/>
      <boss id="194308" name="Cache of Winter"/>
      <boss id="194312" name="Cache of Storms"/>
      <boss id="194331" name="Freya's Gift"/>
      <boss id="33271" name="General Vezax"/>
      <boss id="33288" name="Yogg-Saron"/>
    </dungeon>
    <dungeon id="4500" key="theeyeofeternity" name="Eye of Eternity" release="2">
      <boss id="28859" name="Malygos"/>
    </dungeon>
    <dungeon id="4493" key="theobsidiansanctum" name="Obsidian Sanctum" release="2">
      <boss id="28860" name="Sartharion"/>
    </dungeon>
    <dungeon id="3456" key="naxxramas" name="Naxxramas" release="2">
      <boss id="181366" name="Four Horsemen Chest"/>
      <boss id="15956" name="Anub'Rekhan"/>
      <boss id="15932" name="Gluth"/>
      <boss id="16060" name="Gothik the Harvester"/>
      <boss id="15953" name="Grand Widow Faerlina"/>
      <boss id="15931" name="Grobbulus"/>
      <boss id="15936" name="Heigan the Unclean"/>
      <boss id="16061" name="Instructor Razuvious"/>
      <boss id="15990" name="Kel'Thuzad"/>
      <boss id="16011" name="Loatheb"/>
      <boss id="15952" name="Maexxna"/>
      <boss id="15954" name="Noth the Plaguebringer"/>
      <boss id="16028" name="Patchwerk"/>
      <boss id="15989" name="Sapphiron"/>
      <boss id="15928" name="Thaddius"/>
    </dungeon>
    <dungeon id="4603" key="vaultarchavon" name="Vault of Archavon" release="2">
      <boss id="31125" name="Archavon the Stone Watcher"/>
      <boss id="33993" name="Emalon the Storm Watcher"/>
    </dungeon>
    <dungeon id="4100" key="cullingofstratholme" name="Culling of Stratholme" release="2">
      <boss id="26530" name="Salramm the Fleshcrafter"/>
      <boss id="26529" name="Meathook"/>
      <boss id="26533" name="Mal'Ganis"/>
      <boss id="26532" name="Chrono-Lord Epoch"/>
      <boss id="32273" name="Infinite Corruptor"/>
    </dungeon>
    <dungeon id="4272" key="hallsoflightning" name="Halls of Lightning" release="2">
      <boss id="28586" name="General Bjarngrim"/>
      <boss id="28546" name="Ionar"/>
      <boss id="28587" name="Volkhan"/>
      <boss id="28923" name="Loken"/>
    </dungeon>
    <dungeon id="4228" key="theoculus" name="Oculus" release="2">
      <boss id="27654" name="Drakos the Interrogator"/>
      <boss id="27447" name="Varos Cloudstrider"/>
      <boss id="27655" name="Mage-Lord Urom"/>
      <boss id="27656" name="Ley-Guardian Eregos"/>
    </dungeon>
    <dungeon id="1196" key="utgardepinnacle" name="Utgarde Pinnacle" release="2">
      <boss id="26668" name="Svala Sorrowgrave"/>
      <boss id="26687" name="Gortok Palehoof"/>
      <boss id="26693" name="Skadi the Ruthless"/>
      <boss id="26861" name="King Ymiron"/>
    </dungeon>
    <dungeon id="4264" key="hallsofstone" name="Halls of Stone" release="2">
      <boss id="190586" name="Tribunal Chest"/>
      <boss id="27978" name="Sjonnir The Ironshaper"/>
      <boss id="27975" name="Maiden of Grief"/>
      <boss id="27977" name="Krystallus"/>
    </dungeon>
    <dungeon id="4416" key="gundrak" name="Gundrak" release="2">
      <boss id="29304" name="Slad'ran"/>
      <boss id="29305" name="Moorabi"/>
      <boss id="29306" name="Gal'darah"/>
      <boss id="29307" name="Drakkari Colossus"/>
    </dungeon>
    <dungeon id="4415" key="violethold" name="Violet Hold" release="2">
      <boss id="29315" name="Erekem"/>
      <boss id="29316" name="Moragg"/>
      <boss id="29313" name="Ichoron"/>
      <boss id="29266" name="Xevozz"/>
      <boss id="29312" name="Lavanthor"/>
      <boss id="29314" name="Zuramat the Obliterator"/>
      <boss id="31134" name="Cyanigosa"/>
    </dungeon>
    <dungeon id="4196" key="draktharonkeep" name="Drak'Tharon Keep" release="2">
      <boss id="26630" name="Trollgore"/>
      <boss id="26631" name="Novos the Summoner"/>
      <boss id="27483" name="King Dred"/>
      <boss id="26632" name="The Prophet Tharon'ja"/>
    </dungeon>
    <dungeon id="4494" key="ahnkahet" name="Ahn'kahet: The Old Kingdom" release="2">
      <boss id="29308" name="Prince Taldaram"/>
      <boss id="29309" name="Elder Nadox"/>
      <boss id="29310" name="Jedoga Shadowseeker"/>
      <boss id="30258" name="Amanitar"/>
      <boss id="29311" name="Herald Volazj"/>
    </dungeon>
    <dungeon id="4277" key="azjol-nerub" name="Azjol-Nerub" release="2">
      <boss id="28684" name="Krik'thir the Gatewatcher"/>
      <boss id="28921" name="Hadronox"/>
      <boss id="29120" name="Anub'arak"/>
    </dungeon>
    <dungeon id="4265" key="thenexus" name="Nexus" release="2">
      <boss id="26723" name="Keristrasza"/>
      <boss id="26731" name="Grand Magus Telestra"/>
      <boss id="26763" name="Anomalus"/>
      <boss id="26794" name="Ormorok the Tree-Shaper"/>
    </dungeon>
    <dungeon id="206" key="utgardekeep" name="Utgarde Keep" release="2">
      <boss id="23953" name="Prince Keleseth"/>
      <boss id="24200" name="Skarvald the Constructor"/>
      <boss id="24201" name="Dalronn the Controller"/>
      <boss id="23980" name="Ingvar the Plunderer"/>
    </dungeon>
    <dungeon id="4075" key="sunwellplateau" name="Sunwell Plateau" release="1">
      <boss id="24850" name="Kalecgos"/>
      <boss id="24882" name="Brutallus"/>
      <boss id="25038" name="Felmyst"/>
      <boss id="25165" name="Lady Sacrolash"/>
      <boss id="25166" name="Grand Warlock Alythess"/>
      <boss id="25741" name="M'uru"/>
      <boss id="25315" name="Kil'jaeden"/>
    </dungeon>
    <dungeon id="3959" key="blacktemple" name="Black Temple" release="1">
      <boss id="23420" name="Essence of Anger"/>
      <boss id="22949" name="Gathios the Shatterer"/>
      <boss id="22950" name="High Nethermancer Zerevor"/>
      <boss id="22951" name="Lady Malande"/>
      <boss id="22947" name="Mother Shahraz"/>
      <boss id="22871" name="Teron Gorefiend"/>
      <boss id="22952" name="Veras Darkshadow"/>
      <boss id="22887" name="High Warlord Naj'entus"/>
      <boss id="22898" name="Supremus"/>
      <boss id="22948" name="Gurtogg Bloodboil"/>
      <boss id="22841" name="Shade of Akama"/>
      <boss id="22917" name="Illidan Stormrage"/>
    </dungeon>
    <dungeon id="3606" key="hyjalsummit" name="Hyjal Summit" release="1">
      <boss id="17808" name="Anetheron"/>
      <boss id="17842" name="Azgalor"/>
      <boss id="17888" name="Kaz'rogal"/>
      <boss id="17767" name="Rage Winterchill"/>
      <boss id="17968" name="Archimonde"/>
    </dungeon>
    <dungeon id="3845" key="eye" name="Tempest Keep" release="1">
      <boss id="19514" name="Al'ar"/>
      <boss id="18805" name="High Astromancer Solarian"/>
      <boss id="19622" name="Kael'thas Sunstrider"/>
      <boss id="19516" name="Void Reaver"/>
    </dungeon>
    <dungeon id="3607" key="serpentshrinecavern" name="Serpentshrine Cavern" release="1">
      <boss id="21214" name="Fathom-Lord Karathress"/>
      <boss id="21216" name="Hydross the Unstable"/>
      <boss id="21215" name="Leotheras the Blind"/>
      <boss id="21213" name="Morogrim Tidewalker"/>
      <boss id="21212" name="Lady Vashj"/>
      <boss id="21217" name="The Lurker Below"/>
    </dungeon>
    <dungeon id="3805" key="zulaman" name="Zul'Aman" release="1">
      <boss id="23576" name="Nalorakk"/>
      <boss id="23574" name="Akil'zon"/>
      <boss id="23578" name="Jan'alai"/>
      <boss id="23577" name="Halazzi"/>
      <boss id="24363" name="Hex Lord Malacrass"/>
      <boss id="23863" name="Zul'jin"/>
      <boss id="186672" name="Ashli's Bag"/>
      <boss id="186667" name="Kraz's Package"/>
      <boss id="187021" name="Harkor's Satchel"/>
      <boss id="186648" name="Tanzar's Trunk"/>
    </dungeon>
    <dungeon id="3836" key="magtheridonslair" name="Magtheridon's Lair" release="1">
      <boss id="17257" name="Magtheridon"/>
    </dungeon>
    <dungeon id="3923" key="gruulslair" name="Gruul's Lair" release="1">
      <boss id="19044" name="Gruul the Dragonkiller"/>
      <boss id="18831" name="High King Maulgar"/>
    </dungeon>
    <dungeon id="3457" key="karazhan" name="Karazhan" release="1">
      <boss id="16152" name="Attumen the Huntsman"/>
      <boss id="17521" name="The Big Bad Wolf"/>
      <boss id="185119" name="Dust Covered Chest"/>
      <boss id="18168" name="The Crone"/>
      <boss id="15691" name="The Curator"/>
      <boss id="16179" name="Hyakiss the Lurker"/>
      <boss id="17534" name="Julianne"/>
      <boss id="16457" name="Maiden of Virtue"/>
      <boss id="15687" name="Moroes"/>
      <boss id="15689" name="Netherspite"/>
      <boss id="17225" name="Nightbane"/>
      <boss id="15690" name="Prince Malchezaar"/>
      <boss id="16181" name="Rokad the Ravager"/>
      <boss id="17533" name="Romulo"/>
      <boss id="16524" name="Shade of Aran"/>
      <boss id="16180" name="Shadikith the Glider"/>
      <boss id="15688" name="Terestian Illhoof"/>
    </dungeon>
    <dungeon id="4131" key="magistersterrace" name="Magisters' Terrace" release="1">
      <boss id="24723" name="Selin Fireheart"/>
      <boss id="24744" name="Vexallus"/>
      <boss id="24560" name="Priestess Delrissa"/>
      <boss id="24664" name="Kael'thas Sunstrider"/>
    </dungeon>
    <dungeon id="3848" key="arcatraz" name="Arcatraz" release="1">
      <boss id="20885" name="Dalliah the Doomsayer"/>
      <boss id="20912" name="Harbinger Skyriss"/>
      <boss id="20886" name="Wrath-Scryer Soccothrates"/>
      <boss id="20870" name="Zereketh the Unbound"/>
    </dungeon>
    <dungeon id="3790" key="auchenaicrypts" name="Auchenai Crypts" release="1">
      <boss id="18373" name="Exarch Maladaar"/>
      <boss id="18371" name="Shirrak the Dead Watcher"/>
    </dungeon>
    <dungeon id="2366" key="blackmorass" name="Black Morass" release="1">
      <boss id="17881" name="Aeonus"/>
      <boss id="17879" name="Chrono Lord Deja"/>
      <boss id="17880" name="Temporus"/>
    </dungeon>
    <dungeon id="3713" key="bloodfurnace" name="Blood Furnace" release="1">
      <boss id="17380" name="Broggok"/>
      <boss id="17377" name="Keli'dan the Breaker"/>
      <boss id="17381" name="The Maker"/>
    </dungeon>
    <dungeon id="3847" key="botanica" name="Botanica" release="1">
      <boss id="3847" name="Orendil Broadleaf"/>
      <boss id="17975" name="High Botanist Freywinn"/>
      <boss id="17980" name="Laj"/>
      <boss id="17978" name="Thorngrin the Tender"/>
      <boss id="17977" name="Warp Splinter"/>
    </dungeon>
    <dungeon id="3562" key="hellfireramparts" name="Hellfire Ramparts" release="1">
      <boss id="17308" name="Omor the Unscarred"/>
      <boss id="17536" name="Nazan"/>
      <boss id="17306" name="Watchkeeper Gargolmar"/>
    </dungeon>
    <dungeon id="3792" key="manatombs" name="Mana-Tombs" release="1">
      <boss id="18344" name="Nexus-Prince Shaffar"/>
      <boss id="18341" name="Pandemonius"/>
      <boss id="18343" name="Tavarok"/>
    </dungeon>
    <dungeon id="3849" key="mechanar" name="Mechanar" release="1">
      <boss id="184465" name="Cache of the Legion"/>
      <boss id="19218" name="Gatewatcher Gyro-Kill"/>
      <boss id="19710" name="Gatewatcher Iron-Hand"/>
      <boss id="19219" name="Mechano-Lord Capacitus"/>
      <boss id="19221" name="Nethermancer Sepethrea"/>
      <boss id="19220" name="Pathaleon the Calculator"/>
    </dungeon>
    <dungeon id="2367" key="oldhillsbradfoothills" name="Old Hillsbrad Foothills" release="1">
      <boss id="17862" name="Captain Skarloc"/>
      <boss id="18096" name="Epoch Hunter"/>
      <boss id="17848" name="Lieutenant Drake"/>
    </dungeon>
    <dungeon id="3791" key="sethekkhalls" name="Sethekk Halls" release="1">
      <boss id="18472" name="Darkweaver Syth"/>
      <boss id="18473" name="Talon King Ikiss"/>
    </dungeon>
    <dungeon id="3789" key="shadowlabyrinth" name="Shadow Labyrinth" release="1">
      <boss id="18731" name="Ambassador Hellmaw"/>
      <boss id="18667" name="Blackheart the Inciter"/>
      <boss id="18732" name="Grandmaster Vorpil"/>
      <boss id="18708" name="Murmur"/>
    </dungeon>
    <dungeon id="3714" key="shatteredhalls" name="Shattered Halls" release="1">
      <boss id="20923" name="Blood Guard Porung"/>
      <boss id="16807" name="Grand Warlock Nethekurse"/>
      <boss id="16809" name="Warbringer O'mrogg"/>
      <boss id="16808" name="Warchief Kargath Bladefist"/>
    </dungeon>
    <dungeon id="3717" key="slavepens" name="Slave Pens" release="1">
      <boss id="17941" name="Mennu the Betrayer"/>
      <boss id="17942" name="Quagmirran"/>
      <boss id="17991" name="Rokmar the Crackler"/>
    </dungeon>
    <dungeon id="3715" key="steamvault" name="Steamvault" release="1">
      <boss id="17797" name="Hydromancer Thespia"/>
      <boss id="17796" name="Mekgineer Steamrigger"/>
      <boss id="17798" name="Warlord Kalithresh"/>
    </dungeon>
    <dungeon id="3716" key="underbog" name="Underbog" release="1">
      <boss id="17882" name="The Black Stalker"/>
      <boss id="18105" name="Ghaz'an"/>
      <boss id="17770" name="Hungarfen"/>
      <boss id="17826" name="Swamplord Musel'ek"/>
    </dungeon>
    <dungeon id="3428" key="templeofahnqiraj" name="Ahn'Qiraj" release="0">
      <boss id="15516" name="Battleguard Sartura"/>
      <boss id="15727" name="C'Thun"/>
      <boss id="15276" name="Emperor Vek'lor"/>
      <boss id="15275" name="Emperor Vek'nilash"/>
      <boss id="15510" name="Fankriss the Unyielding"/>
      <boss id="15511" name="Lord Kri"/>
      <boss id="15517" name="Ouro"/>
      <boss id="15509" name="Princess Huhuran"/>
      <boss id="15543" name="Princess Yauj"/>
      <boss id="15263" name="The Prophet Skeram"/>
      <boss id="15544" name="Vem"/>
      <boss id="15299" name="Viscidus"/>
    </dungeon>
    <dungeon id="2677" key="blackwinglair" name="Blackwing Lair" release="0">
      <boss id="12017" name="Broodlord Lashlayer"/>
      <boss id="14020" name="Chromaggus"/>
      <boss id="14601" name="Ebonroc"/>
      <boss id="11983" name="Firemaw"/>
      <boss id="11981" name="Flamegor"/>
      <boss id="11583" name="Nefarian"/>
      <boss id="12435" name="Razorgore the Untamed"/>
      <boss id="13020" name="Vaelastrasz the Corrupt"/>
    </dungeon>
    <dungeon id="2717" key="moltencore" name="Molten Core" release="0">
      <boss id="12056" name="Baron Geddon"/>
      <boss id="12057" name="Garr"/>
      <boss id="12259" name="Gehennas"/>
      <boss id="11988" name="Golemagg the Incinerator"/>
      <boss id="12118" name="Lucifron"/>
      <boss id="11982" name="Magmadar"/>
      <boss id="12018" name="Majordomo Executus"/>
      <boss id="11502" name="Ragnaros"/>
      <boss id="12264" name="Shazzrah"/>
      <boss id="12098" name="Sulfuron Harbinger"/>
    </dungeon>
    <dungeon id="3429" key="ruinsofahnqiraj" name="Ruins of Ahn'Qiraj" release="0">
      <boss id="15369" name="Ayamiss the Hunter"/>
      <boss id="15370" name="Buru the Gorger"/>
      <boss id="15341" name="General Rajaxx"/>
      <boss id="15348" name="Kurinnaxx"/>
      <boss id="15340" name="Moam"/>
      <boss id="15339" name="Ossirian the Unscarred"/>
    </dungeon>
    <dungeon id="1977" key="zulgurub" name="Zul'Gurub" release="0">
      <boss id="11382" name="Bloodlord Mandokir"/>
      <boss id="15114" name="Gahz'ranka"/>
      <boss id="14834" name="Hakkar"/>
      <boss id="14509" name="High Priest Thekal"/>
      <boss id="14507" name="High Priest Venoxis"/>
      <boss id="14515" name="High Priestess Arlokk"/>
      <boss id="14517" name="High Priestess Jeklik"/>
      <boss id="14510" name="High Priestess Mar'li"/>
      <boss id="11380" name="Jin'do the Hexxer"/>
    </dungeon>
    <dungeon id="719" key="blackfathomdepths" name="Blackfathom Deeps" release="0">
      <boss id="4829" name="Aku'mai"/>
      <boss id="12876" name="Baron Aquanis"/>
      <boss id="6243" name="Gelihast"/>
      <boss id="4887" name="Ghamoo-ra"/>
      <boss id="4831" name="Lady Sarevess"/>
      <boss id="12902" name="Lorgus Jett"/>
      <boss id="4830" name="Old Serra'kis"/>
      <boss id="4832" name="Twilight Lord Kelris"/>
    </dungeon>
    <dungeon id="1583" key="blackrockspire" name="Blackrock Spire" release="0">
      <boss id="9596" name="Bannok Grimaxe"/>
      <boss id="10263" name="Burning Felguard"/>
      <boss id="10376" name="Crystal Fang"/>
      <boss id="10363" name="General Drakkisath"/>
      <boss id="9718" name="Ghok Bashguud"/>
      <boss id="10268" name="Gizrul the Slavener"/>
      <boss id="10899" name="Goraluk Anvilcrack"/>
      <boss id="10339" name="Gyth"/>
      <boss id="10220" name="Halycon"/>
      <boss id="9196" name="Highlord Omokk"/>
      <boss id="10509" name="Jed Runewatcher"/>
      <boss id="16042" name="Lord Valthalak"/>
      <boss id="16080" name="Mor Grayhoof"/>
      <boss id="10596" name="Mother Smolderweb"/>
      <boss id="9568" name="Overlord Wyrmthalak"/>
      <boss id="9816" name="Pyroguard Emberseer"/>
      <boss id="9736" name="Quartermaster Zigris"/>
      <boss id="9236" name="Shadow Hunter Vosh'gajin"/>
      <boss id="10264" name="Solakar Flamewreath"/>
      <boss id="9218" name="Spirestone Battle Lord"/>
      <boss id="9219" name="Spirestone Butcher"/>
      <boss id="9217" name="Spirestone Lord Magus"/>
      <boss id="10430" name="The Beast"/>
      <boss id="10584" name="Urok Doomhowl"/>
      <boss id="9237" name="War Master Voone"/>
      <boss id="10429" name="Warchief Rend Blackhand"/>
    </dungeon>
    <dungeon id="1584" key="blackrockdepths" name="Blackrock Depths" release="0">
      <boss id="9156" name="Ambassador Flamelash"/>
      <boss id="181074" name="Arena Spoils"/>
      <boss id="9031" name="Anub'shiah"/>
      <boss id="9016" name="Bael'Gar"/>
      <boss id="169243" name="Chest of The Seven"/>
      <boss id="9438" name="Dark Keeper Bethek"/>
      <boss id="9442" name="Dark Keeper Ofgut"/>
      <boss id="9443" name="Dark Keeper Pelver"/>
      <boss id="9439" name="Dark Keeper Uggel"/>
      <boss id="9437" name="Dark Keeper Vorfalk"/>
      <boss id="9441" name="Dark Keeper Zimrel"/>
      <boss id="9019" name="Emperor Dagran Thaurissan"/>
      <boss id="9029" name="Eviscerator"/>
      <boss id="9056" name="Fineous Darkvire"/>
      <boss id="9033" name="General Angerforge"/>
      <boss id="8983" name="Golem Lord Argelmach"/>
      <boss id="9027" name="Gorosh the Dervish"/>
      <boss id="9028" name="Grizzle"/>
      <boss id="9032" name="Hedrum the Creeper"/>
      <boss id="9018" name="High Interrogator Gerstahn"/>
      <boss id="10076" name="High Priestess of Thaurissan"/>
      <boss id="9319" name="Houndmaster Grebmar"/>
      <boss id="9537" name="Hurley Blackbreath"/>
      <boss id="9017" name="Lord Incendius"/>
      <boss id="9025" name="Lord Roccor"/>
      <boss id="9938" name="Magmus"/>
      <boss id="9030" name="Ok'thor the Breaker"/>
      <boss id="8923" name="Panzor the Invincible"/>
      <boss id="9502" name="Phalanx"/>
      <boss id="9499" name="Plugger Spazzring"/>
      <boss id="8929" name="Princess Moira Bronzebeard"/>
      <boss id="9024" name="Pyromancer Loregrain"/>
      <boss id="9543" name="Ribbly Screwspigot"/>
      <boss id="16059" name="Theldren"/>
      <boss id="9042" name="Verek"/>
      <boss id="9041" name="Warder Stilgiss"/>
      <boss id="9476" name="Watchman Doomgrip"/>
    </dungeon>
    <dungeon id="1581" key="deadmines" name="Deadmines" release="0">
      <boss id="596" name="Brainwashed Noble"/>
      <boss id="647" name="Captain Greenskin"/>
      <boss id="645" name="Cookie"/>
      <boss id="639" name="Edwin VanCleef"/>
      <boss id="626" name="Foreman Thistlenettle"/>
      <boss id="1763" name="Gilnid"/>
      <boss id="599" name="Marisa du'Paige"/>
      <boss id="3586" name="Miner Johnson"/>
      <boss id="646" name="Mr. Smite"/>
      <boss id="644" name="Rhahk'Zor"/>
      <boss id="643" name="Sneed"/>
      <boss id="642" name="Sneed's Shredder"/>
    </dungeon>
    <dungeon id="2557" key="diremaul" name="Dire Maul" release="0">
      <boss id="11492" name="Alzzin the Wildshaper"/>
      <boss id="14325" name="Captain Kromcrush"/>
      <boss id="14324" name="Cho'Rush the Observer"/>
      <boss id="14308" name="Ferra"/>
      <boss id="14321" name="Guard Fengus"/>
      <boss id="14326" name="Guard Mol'dar"/>
      <boss id="14323" name="Guard Slip'kik"/>
      <boss id="13280" name="Hydrospawn"/>
      <boss id="11488" name="Illyanna Ravenoak"/>
      <boss id="11496" name="Immol'thar"/>
      <boss id="16097" name="Isalien"/>
      <boss id="11501" name="King Gordok"/>
      <boss id="14327" name="Lethtendris"/>
      <boss id="14506" name="Lord Hel'nurath"/>
      <boss id="11487" name="Magister Kalendris"/>
      <boss id="14349" name="Pimgib"/>
      <boss id="11486" name="Prince Tortheldrin"/>
      <boss id="14354" name="Pusillin"/>
      <boss id="14322" name="Stomper Kreeg"/>
      <boss id="11489" name="Tendris Warpwood"/>
      <boss id="11467" name="Tsu'zee"/>
      <boss id="11490" name="Zevrim Thornhoof"/>
      <boss id="179564" name="Gordok Tribute"/>
    </dungeon>
    <dungeon id="721" key="gnomeregan" name="Gnomeregan" release="0">
      <boss id="6229" name="Crowd Pummeler 9-60"/>
      <boss id="6228" name="Dark Iron Ambassador"/>
      <boss id="6235" name="Electrocutioner 6000"/>
      <boss id="7361" name="Grubbis"/>
      <boss id="7800" name="Mekgineer Thermaplugg"/>
      <boss id="6231" name="Techbot"/>
      <boss id="7079" name="Viscous Fallout"/>
    </dungeon>
    <dungeon id="2100" key="maraudon" name="Maraudon" release="0">
      <boss id="12225" name="Celebras the Cursed"/>
      <boss id="12203" name="Landslide"/>
      <boss id="12236" name="Lord Vyletongue"/>
      <boss id="12237" name="Meshlok the Harvester"/>
      <boss id="13282" name="Noxxion"/>
      <boss id="12201" name="Princess Theradras"/>
      <boss id="12258" name="Razorlash"/>
      <boss id="13596" name="Rotgrip"/>
      <boss id="13718" name="The Nameless Prophet"/>
      <boss id="13601" name="Tinkerer Gizlock"/>
    </dungeon>
    <dungeon id="2437" key="ragefirechasm" name="Ragefire Chasm" release="0">
      <boss id="11519" name="Bazzalan"/>
      <boss id="11518" name="Jergosh the Invoker"/>
      <boss id="11517" name="Oggleflint"/>
      <boss id="11520" name="Taragaman the Hungerer"/>
      <boss id="17830" name="Zelemar the Wrathful"/>
    </dungeon>
    <dungeon id="722" key="razorfendowns" name="Razorfen Downs" release="0">
      <boss id="7358" name="Amnennar the Coldbringer"/>
      <boss id="8567" name="Glutton"/>
      <boss id="7357" name="Mordresh Fire Eye"/>
      <boss id="7356" name="Plaguemaw the Rotting"/>
      <boss id="7354" name="Ragglesnout"/>
      <boss id="7355" name="Tuten'kash"/>
    </dungeon>
    <dungeon id="491" key="razorfenkraul" name="Razorfen Kraul" release="0">
      <boss id="4422" name="Agathelos the Raging"/>
      <boss id="4424" name="Aggem Thorncurse"/>
      <boss id="4425" name="Blind Hunter"/>
      <boss id="4421" name="Charlga Razorflank"/>
      <boss id="4428" name="Death Speaker Jargba"/>
      <boss id="4842" name="Earthcaller Halmgar"/>
      <boss id="4420" name="Overlord Ramtusk"/>
      <boss id="6168" name="Roogug"/>
    </dungeon>
    <dungeon id="796" key="scarletmonastery" name="Scarlet Monastery" release="0">
      <boss id="6487" name="Arcanist Doan"/>
      <boss id="6490" name="Azshir the Sleepless"/>
      <boss id="4543" name="Bloodmage Thalnos"/>
      <boss id="6488" name="Fallen Champion"/>
      <boss id="3975" name="Herod"/>
      <boss id="4542" name="High Inquisitor Fairbanks"/>
      <boss id="3977" name="High Inquisitor Whitemane"/>
      <boss id="3974" name="Houndmaster Loksey"/>
      <boss id="3983" name="Interrogator Vishas"/>
      <boss id="6489" name="Ironspine"/>
      <boss id="3976" name="Scarlet Commander Mograine"/>
    </dungeon>
    <dungeon id="2057" key="scholomance" name="Scholomance" release="0">
      <boss id="1853" name="Darkmaster Gandling"/>
      <boss id="14516" name="Death Knight Darkreaver"/>
      <boss id="11261" name="Doctor Theolen Krastinov"/>
      <boss id="10505" name="Instructor Malicia"/>
      <boss id="10503" name="Jandice Barov"/>
      <boss id="10506" name="Kirtonos the Herald"/>
      <boss id="16118" name="Kormok"/>
      <boss id="10502" name="Lady Illucia Barov"/>
      <boss id="10504" name="Lord Alexei Barov"/>
      <boss id="10901" name="Lorekeeper Polkelt"/>
      <boss id="10433" name="Marduk Blackpool"/>
      <boss id="10508" name="Ras Frostwhisper"/>
      <boss id="11622" name="Rattlegore"/>
      <boss id="10507" name="The Ravenian"/>
      <boss id="10432" name="Vectus"/>
    </dungeon>
    <dungeon id="209" key="shadowfangkeep" name="Shadowfang Keep" release="0">
      <boss id="4275" name="Archmage Arugal"/>
      <boss id="3887" name="Baron Silverlaine"/>
      <boss id="4278" name="Commander Springvale"/>
      <boss id="3872" name="Deathsworn Captain"/>
      <boss id="4274" name="Fenrus the Devourer"/>
      <boss id="4279" name="Odo the Blindwatcher"/>
      <boss id="3886" name="Razorclaw the Butcher"/>
      <boss id="3914" name="Rethilgore"/>
      <boss id="3927" name="Wolf Master Nandos"/>
    </dungeon>
    <dungeon id="717" key="stockade" name="Stockade" release="0">
      <boss id="1716" name="Bazil Thredd"/>
      <boss id="1720" name="Bruegal Ironknuckle"/>
      <boss id="1663" name="Dextren Ward"/>
      <boss id="1717" name="Hamhock"/>
      <boss id="1666" name="Kam Deepfury"/>
      <boss id="1696" name="Targorr the Dread"/>
    </dungeon>
    <dungeon id="2017" key="stratholme" name="Stratholme" release="0">
      <boss id="10811" name="Archivist Galford"/>
      <boss id="10812" name="Grand Crusader Dathrohan"/>
      <boss id="10813" name="Balnazzar"/>
      <boss id="10440" name="Baron Rivendare"/>
      <boss id="10436" name="Baroness Anastari"/>
      <boss id="11121" name="Black Guard Swordsmith"/>
      <boss id="10997" name="Cannon Master Willey"/>
      <boss id="11120" name="Crimson Hammersmith"/>
      <boss id="11058" name="Fras Siabi"/>
      <boss id="10558" name="Hearthsinger Forresten"/>
      <boss id="16101" name="Jarien"/>
      <boss id="10435" name="Magistrate Barthilas"/>
      <boss id="10438" name="Maleki the Pallid"/>
      <boss id="11032" name="Malor the Zealous"/>
      <boss id="10437" name="Nerub'enkan"/>
      <boss id="11143" name="Postmaster Malown"/>
      <boss id="10439" name="Ramstein the Gorger"/>
      <boss id="10393" name="Skul"/>
      <boss id="16102" name="Sothos"/>
      <boss id="10809" name="Stonespine"/>
      <boss id="11082" name="Stratholme Courier"/>
      <boss id="10516" name="The Unforgiven"/>
      <boss id="10808" name="Timmy the Cruel"/>
    </dungeon>
    <dungeon id="1477" key="sunkentemple" name="Sunken Temple" release="0">
      <boss id="8580" name="Atal'alarion"/>
      <boss id="8443" name="Avatar of Hakkar"/>
      <boss id="5721" name="Dreamscythe"/>
      <boss id="5713" name="Gasher"/>
      <boss id="5722" name="Hazzas"/>
      <boss id="5715" name="Hukku"/>
      <boss id="1063" name="Jade"/>
      <boss id="5710" name="Jammal'an the Prophet"/>
      <boss id="5401" name="Kazkaz the Unholy"/>
      <boss id="5714" name="Loro"/>
      <boss id="5717" name="Mijan"/>
      <boss id="5719" name="Morphaz"/>
      <boss id="5711" name="Ogom the Wretched"/>
      <boss id="5709" name="Shade of Eranikus"/>
      <boss id="5708" name="Spawn of Hakkar"/>
      <boss id="5399" name="Veyzhak the Cannibal"/>
      <boss id="5720" name="Weaver"/>
      <boss id="5400" name="Zekkis"/>
      <boss id="5712" name="Zolo"/>
      <boss id="5716" name="Zul'Lor"/>
    </dungeon>
    <dungeon id="1337" key="uldaman" name="Uldaman" release="0">
      <boss id="7206" name="Ancient Stone Keeper"/>
      <boss id="2748" name="Archaedas"/>
      <boss id="6906" name="Baelog"/>
      <boss id="7057" name="Digmaster Shovelphlange"/>
      <boss id="6907" name="Eric &quot;The Swift&quot;"/>
      <boss id="7291" name="Galgann Firehammer"/>
      <boss id="4854" name="Grimlok"/>
      <boss id="7228" name="Ironaya"/>
      <boss id="2932" name="Magregan Deepshadow"/>
      <boss id="7023" name="Obsidian Sentinel"/>
      <boss id="6908" name="Olaf"/>
      <boss id="6910" name="Revelosh"/>
      <boss id="4857" name="Stone Keeper"/>
    </dungeon>
    <dungeon id="718" key="wailingcaverns" name="Wailing Caverns" release="0">
      <boss id="5912" name="Deviate Faerie Dragon"/>
      <boss id="3653" name="Kresh"/>
      <boss id="3671" name="Lady Anacondra"/>
      <boss id="3669" name="Lord Cobrahn"/>
      <boss id="3670" name="Lord Pythas"/>
      <boss id="3673" name="Lord Serpentis"/>
      <boss id="3655" name="Mad Magglish"/>
      <boss id="3654" name="Mutanus the Devourer"/>
      <boss id="3674" name="Skum"/>
      <boss id="3652" name="Trigore the Lasher"/>
      <boss id="5775" name="Verdan the Everliving"/>
    </dungeon>
    <dungeon id="1176" key="zulfarrak" name="Zul'Farrak" release="0">
      <boss id="8127" name="Antu'sul"/>
      <boss id="7267" name="Chief Ukorz Sandscalp"/>
      <boss id="10081" name="Dustwraith"/>
      <boss id="7273" name="Gahz'rilla"/>
      <boss id="7795" name="Hydromancer Velratha"/>
      <boss id="7796" name="Nekrum Gutchewer"/>
      <boss id="7797" name="Ruuzlu"/>
      <boss id="10080" name="Sandarr Dunereaver"/>
      <boss id="7274" name="Sandfury Executioner"/>
      <boss id="7275" name="Shadowpriest Sezz'ziz"/>
      <boss id="7272" name="Theka the Martyr"/>
      <boss id="7271" name="Witch Doctor Zum'rah"/>
      <boss id="10082" name="Zerillis"/>
    </dungeon>
  </dungeons>
</page>