<?xml version="1.0" encoding="UTF-8"?><page globalSearch="1" lang="en_us" requestUrl="/data/factionStrings.xml">
  <factions>
    <faction id="1037" name="Alliance Vanguard" release="2"/>
    <faction id="1106" name="Argent Crusade" release="2"/>
    <faction id="1156" name="Ashen Verdict" release="2"/>
    <faction id="1104" name="Frenzyheart Tribe" release="2"/>
    <faction id="1052" name="Horde Expedition" release="2"/>
    <faction id="1073" name="Kalu'ak" release="2"/>
    <faction id="1090" name="Kirin Tor" release="2"/>
    <faction id="1098" name="Knights of the Ebon Blade" release="2"/>
    <faction id="1105" name="Oracles" release="2"/>
    <faction id="1094" name="Silver Covenant" release="2"/>
    <faction id="1119" name="Sons of Hodir" release="2"/>
    <faction id="1124" name="Sunreavers" release="2"/>
    <faction id="1091" name="Wyrmrest Accord" release="2"/>
    <faction id="932" name="Aldor" release="1"/>
    <faction id="1012" name="Ashtongue Deathsworn" release="1"/>
    <faction id="942" name="Cenarion Expedition" release="1"/>
    <faction id="933" name="Consortium" release="1"/>
    <faction id="946" name="Honor Hold" release="1"/>
    <faction id="989" name="Keepers of Time" release="1"/>
    <faction id="978" name="Kurenai" release="1"/>
    <faction id="1011" name="Lower City" release="1"/>
    <faction id="941" name="Mag'har" release="1"/>
    <faction id="1015" name="Netherwing" release="1"/>
    <faction id="1038" name="Ogri'la" release="1"/>
    <faction id="990" name="Scale of the Sands" release="1"/>
    <faction id="934" name="Scryers" release="1"/>
    <faction id="935" name="Sha'tar" release="1"/>
    <faction id="1031" name="Sha'tari Skyguard" release="1"/>
    <faction id="1077" name="Shattered Sun Offensive" release="1"/>
    <faction id="970" name="Sporeggar" release="1"/>
    <faction id="947" name="Thrallmar" release="1"/>
    <faction id="967" name="Violet Eye" release="1"/>
    <faction id="529" name="Argent Dawn" release="0"/>
    <faction id="910" name="Brood of Nozdormu" release="0"/>
    <faction id="609" name="Cenarion Circle" release="0"/>
    <faction id="909" name="Darkmoon Faire" release="0"/>
    <faction id="59" name="Thorium Brotherhood" release="0"/>
    <faction id="576" name="Timbermaw Hold" release="0"/>
    <faction id="270" name="Zandalar Tribe" release="0"/>
  </factions>
</page>
