<?xml version="1.0" encoding="UTF-8"?><page globalSearch="1" lang="es_es" requestUrl="/data/factionStrings.xml">
  <factions>
    <faction id="1098" name="Caballeros de la Espada de Ébano" release="2"/>
    <faction id="1106" name="Cruzada Argenta" release="2"/>
    <faction id="1091" name="El Acuerdo del Reposo del Dragón" release="2"/>
    <faction id="1094" name="El Pacto de Plata" release="2"/>
    <faction id="1156" name="El Veredicto Cinéreo" release="2"/>
    <faction id="1052" name="Expedición de la Horda" release="2"/>
    <faction id="1090" name="Kirin Tor" release="2"/>
    <faction id="1124" name="Los Atracasol" release="2"/>
    <faction id="1119" name="Los Hijos de Hodir" release="2"/>
    <faction id="1073" name="Los Kalu'ak" release="2"/>
    <faction id="1105" name="Los Oráculos" release="2"/>
    <faction id="1104" name="Tribu Corazón Frenético" release="2"/>
    <faction id="1037" name="Vanguardia de la Alianza" release="2"/>
    <faction id="1015" name="Ala Abisal" release="1"/>
    <faction id="1011" name="Bajo Arrabal" release="1"/>
    <faction id="946" name="Bastión del Honor" release="1"/>
    <faction id="933" name="El Consorcio" release="1"/>
    <faction id="967" name="El Ojo Violeta" release="1"/>
    <faction id="970" name="Esporaggar" release="1"/>
    <faction id="942" name="Expedición Cenarion" release="1"/>
    <faction id="1031" name="Guardia del cielo Sha'tari" release="1"/>
    <faction id="1012" name="Juramorte Lengua de ceniza" release="1"/>
    <faction id="978" name="Kurenai" release="1"/>
    <faction id="990" name="La Escama de las Arenas" release="1"/>
    <faction id="932" name="Los Aldor" release="1"/>
    <faction id="934" name="Los Arúspices" release="1"/>
    <faction id="941" name="Los Mag'har" release="1"/>
    <faction id="935" name="Los Sha'tar" release="1"/>
    <faction id="1077" name="Ofensiva Sol Devastado" release="1"/>
    <faction id="1038" name="Ogri'la" release="1"/>
    <faction id="947" name="Thrallmar" release="1"/>
    <faction id="989" name="Vigilantes del Tiempo" release="1"/>
    <faction id="576" name="Bastión Fauces de Madera" release="0"/>
    <faction id="609" name="Círculo Cenarion" release="0"/>
    <faction id="529" name="El Alba Argenta" release="0"/>
    <faction id="909" name="Feria de la Luna Negra" release="0"/>
    <faction id="59" name="Hermandad del Torio" release="0"/>
    <faction id="910" name="Linaje de Nozdormu" release="0"/>
    <faction id="270" name="Tribu Zandalar" release="0"/>
  </factions>
</page>
