<?xml version="1.0" encoding="UTF-8"?><page globalSearch="1" lang="en_us" requestUrl="/talent-tree.xml">
  <talentTrees>
    <tree bgImage="PriestDiscipline" icon="spell_holy_wordfortitude" key="Discipline" name="Discipline" order="0">
      <talent column="1" icon="spell_magic_magearmor" key="342" name="Unbreakable Will" tier="0">
        <rank description="Reduces the duration of Stun, Fear, and Silence effects done to you by an additional 6%." lvl="1"/>
        <rank description="Reduces the duration of Stun, Fear, and Silence effects done to you by an additional 12%." lvl="2"/>
        <rank description="Reduces the duration of Stun, Fear, and Silence effects done to you by an additional 18%." lvl="3"/>
        <rank description="Reduces the duration of Stun, Fear, and Silence effects done to you by an additional 24%." lvl="4"/>
        <rank description="Reduces the duration of Stun, Fear, and Silence effects done to you by an additional 30%." lvl="5"/>
      </talent>
      <talent column="2" icon="spell_holy_sealofvengeance" key="1898" name="Twin Disciplines" tier="0">
        <rank description="Increases the damage and healing done by your instant spells by 1%." lvl="1"/>
        <rank description="Increases the damage and healing done by your instant spells by 2%." lvl="2"/>
        <rank description="Increases the damage and healing done by your instant spells by 3%." lvl="3"/>
        <rank description="Increases the damage and healing done by your instant spells by 4%." lvl="4"/>
        <rank description="Increases the damage and healing done by your instant spells by 5%." lvl="5"/>
      </talent>
      <talent column="0" icon="spell_nature_manaregentotem" key="352" name="Silent Resolve" tier="1">
        <rank description="Reduces the threat generated by your Holy and Discipline spells by 7% and reduces the chance your helpful spells and damage over time effects will be dispelled by 10%." lvl="1"/>
        <rank description="Reduces the threat generated by your Holy and Discipline spells by 14% and reduces the chance your helpful spells and damage over time effects will be dispelled by 20%." lvl="2"/>
        <rank description="Reduces the threat generated by your Holy and Discipline spells by 20% and reduces the chance your helpful spells and damage over time effects will be dispelled by 30%." lvl="3"/>
      </talent>
      <talent column="1" icon="spell_holy_innerfire" key="346" name="Improved Inner Fire" tier="1">
        <rank description="Increases the effect of your Inner Fire spell by 15%, and increases the total number of charges by 4." lvl="1"/>
        <rank description="Increases the effect of your Inner Fire spell by 30%, and increases the total number of charges by 8." lvl="2"/>
        <rank description="Increases the effect of your Inner Fire spell by 45%, and increases the total number of charges by 12." lvl="3"/>
      </talent>
      <talent column="2" icon="spell_holy_wordfortitude" key="344" name="Improved Power Word: Fortitude" tier="1">
        <rank description="Increases the effect of your Power Word: Fortitude and Prayer of Fortitude spells by 15%, and increases your total Stamina by 2%." lvl="1"/>
        <rank description="Increases the effect of your Power Word: Fortitude and Prayer of Fortitude spells by 30%, and increases your total Stamina by 4%." lvl="2"/>
      </talent>
      <talent column="3" icon="spell_nature_tranquility" key="321" name="Martyrdom" tier="1">
        <rank description="Gives you a 50% chance to gain the Focused Casting effect that lasts for 6 sec after being the victim of a melee or ranged critical strike.  The Focused Casting effect reduces the pushback suffered from damaging attacks while casting Priest spells and decreases the duration of Interrupt effects by 10%." lvl="1"/>
        <rank description="Gives you a 100% chance to gain the Focused Casting effect that lasts for 6 sec after being the victim of a melee or ranged critical strike.  The Focused Casting effect reduces the pushback suffered from damaging attacks while casting Priest spells and decreases the duration of Interrupt effects by 20%." lvl="2"/>
      </talent>
      <talent column="0" icon="spell_nature_sleep" key="347" name="Meditation" tier="2">
        <rank description="Allows 17% of your mana regeneration to continue while casting." lvl="1"/>
        <rank description="Allows 33% of your mana regeneration to continue while casting." lvl="2"/>
        <rank description="Allows 50% of your mana regeneration to continue while casting." lvl="3"/>
      </talent>
      <talent column="1" icon="spell_frost_windwalkon" key="348" name="Inner Focus" tier="2">
        <rank description="When activated, reduces the mana cost of your next spell by 100% and increases its critical effect chance by 25% if it is capable of a critical effect." lvl="1"/>
        <spell castTime="0" cooldown="180000"/>
      </talent>
      <talent column="2" icon="spell_holy_powerwordshield" key="343" name="Improved Power Word: Shield" tier="2">
        <rank description="Increases the damage absorbed by your Power Word: Shield by 5%." lvl="1"/>
        <rank description="Increases the damage absorbed by your Power Word: Shield by 10%." lvl="2"/>
        <rank description="Increases the damage absorbed by your Power Word: Shield by 15%." lvl="3"/>
      </talent>
      <talent column="0" icon="spell_holy_absolution" key="1769" name="Absolution" tier="3">
        <rank description="Reduces the mana cost of your Dispel Magic, Cure Disease, Abolish Disease and Mass Dispel spells by 5%." lvl="1"/>
        <rank description="Reduces the mana cost of your Dispel Magic, Cure Disease, Abolish Disease and Mass Dispel spells by 10%." lvl="2"/>
        <rank description="Reduces the mana cost of your Dispel Magic, Cure Disease, Abolish Disease and Mass Dispel spells by 15%." lvl="3"/>
      </talent>
      <talent column="1" icon="ability_hibernation" key="341" name="Mental Agility" tier="3">
        <rank description="Reduces the mana cost of your instant cast spells by 4%." lvl="1"/>
        <rank description="Reduces the mana cost of your instant cast spells by 7%." lvl="2"/>
        <rank description="Reduces the mana cost of your instant cast spells by 10%." lvl="3"/>
      </talent>
      <talent column="3" icon="spell_shadow_manaburn" key="350" name="Improved Mana Burn" tier="3">
        <rank description="Reduces the casting time of your Mana Burn spell by 0.5 sec." lvl="1"/>
        <rank description="Reduces the casting time of your Mana Burn spell by 1 sec." lvl="2"/>
      </talent>
      <talent column="0" icon="spell_holy_powerwordshield" key="2268" name="Reflective Shield" tier="4">
        <rank description="Causes 22% of the damage you absorb with Power Word: Shield to reflect back at the attacker.  This damage causes no threat." lvl="1"/>
        <rank description="Causes 45% of the damage you absorb with Power Word: Shield to reflect back at the attacker.  This damage causes no threat." lvl="2"/>
      </talent>
      <talent column="1" icon="spell_nature_enchantarmor" key="1201" name="Mental Strength" tier="4">
        <rank description="Increases your total Intellect by 3%." lvl="1"/>
        <rank description="Increases your total Intellect by 6%." lvl="2"/>
        <rank description="Increases your total Intellect by 9%." lvl="3"/>
        <rank description="Increases your total Intellect by 12%." lvl="4"/>
        <rank description="Increases your total Intellect by 15%." lvl="5"/>
      </talent>
      <talent column="2" icon="spell_holy_pureofheart" key="351" name="Soul Warding" requires="343" tier="4">
        <rank description="Reduces the cooldown of your Power Word: Shield ability by 4 sec, and reduces the mana cost of your Power Word: Shield by 15%." lvl="1"/>
      </talent>
      <talent column="0" icon="spell_shadow_focusedpower" key="1771" name="Focused Power" tier="5">
        <rank description="Increases damage and healing done by your spells by 2%. In addition, your Mass Dispel cast time is reduced by 0.5 sec." lvl="1"/>
        <rank description="Increases damage and healing done by your spells by 4%. In addition, your Mass Dispel cast time is reduced by 1 sec." lvl="2"/>
      </talent>
      <talent column="2" icon="spell_arcane_mindmastery" key="1772" name="Enlightenment" tier="5">
        <rank description="Increases your total Spirit by 2% and increases your spell haste by 2%." lvl="1"/>
        <rank description="Increases your total Spirit by 4% and increases your spell haste by 4%." lvl="2"/>
        <rank description="Increases your total Spirit by 6% and increases your spell haste by 6%." lvl="3"/>
      </talent>
      <talent column="0" icon="spell_arcane_focusedpower" key="1858" name="Focused Will" tier="6">
        <rank description="Increases your spell critical effect chance by 1%, and after taking a critical hit you gain the Focused Will effect, reducing all damage taken by 2% and increasing healing effects on you by 3%.  Stacks up to 3 times.  Lasts 8 sec." lvl="1"/>
        <rank description="Increases your spell critical effect chance by 2%, and after taking a critical hit you gain the Focused Will effect, reducing all damage taken by 3% and increasing healing effects on you by 4%.  Stacks up to 3 times.  Lasts 8 sec." lvl="2"/>
        <rank description="Increases your spell critical effect chance by 3%, and after taking a critical hit you gain the Focused Will effect, reducing all damage taken by 4% and increasing healing effects on you by 5%.  Stacks up to 3 times.  Lasts 8 sec." lvl="3"/>
      </talent>
      <talent column="1" icon="spell_holy_powerinfusion" key="322" name="Power Infusion" requires="1201" tier="6">
        <rank description="Infuses the target with power, increasing spell casting speed by 20% and reducing the mana cost of all spells by 20%.  Lasts 15 sec." lvl="1"/>
        <spell castTime="0" cooldown="120000" maxRange="30">
          <power cost="16" type="mana"/>
        </spell>
      </talent>
      <talent column="2" icon="spell_holy_chastise" key="1773" name="Improved Flash Heal" tier="6">
        <rank description="Reduces the mana cost of your Flash Heal by 5%, and increases the critical effect chance of your Flash Heal by 4% on friendly targets at or below 50% health." lvl="1"/>
        <rank description="Reduces the mana cost of your Flash Heal by 10%, and increases the critical effect chance of your Flash Heal by 7% on friendly targets at or below 50% health." lvl="2"/>
        <rank description="Reduces the mana cost of your Flash Heal by 15%, and increases the critical effect chance of your Flash Heal by 10% on friendly targets at or below 50% health." lvl="3"/>
      </talent>
      <talent column="0" icon="spell_holy_holyprotection" key="2235" name="Renewed Hope" tier="7">
        <rank description="Increases the critical effect chance of your Flash Heal, Greater Heal and Penance (Heal) spells by 2% on targets afflicted by the Weakened Soul effect, and you have a 50% chance to reduce all damage taken by 3% for 1 min to all friendly party and raid targets when you cast Power Word: Shield. This effect has a 15 sec cooldown." lvl="1"/>
        <rank description="Increases the critical effect chance of your Flash Heal, Greater Heal and Penance (Heal) spells by 4% on targets afflicted by the Weakened Soul effect, and you have a 100% chance to reduce all damage taken by 3% for 1 min to all friendly party and raid targets when you cast Power Word: Shield. This effect has a 15 sec cooldown." lvl="2"/>
      </talent>
      <talent column="1" icon="spell_holy_rapture" key="1896" name="Rapture" tier="7">
        <rank description="When your Power Word: Shield is completely absorbed or dispelled you are instantly energized with 1.5% of your total mana, and you have a 33% chance to energize your shielded target with 2% total mana, 8 rage, 16 energy or 32 runic power. This effect can only occur once every 12 sec." lvl="1"/>
        <rank description="When your Power Word: Shield is completely absorbed or dispelled you are instantly energized with 2% of your total mana, and you have a 66% chance to energize your shielded target with 2% total mana, 8 rage, 16 energy or 32 runic power. This effect can only occur once every 12 sec." lvl="2"/>
        <rank description="When your Power Word: Shield is completely absorbed or dispelled you are instantly energized with 2.5% of your total mana, and you have a 100% chance to energize your shielded target with 2% total mana, 8 rage, 16 energy or 32 runic power. This effect can only occur once every 12 sec." lvl="3"/>
      </talent>
      <talent column="2" icon="spell_holy_aspiration" key="1894" name="Aspiration" tier="7">
        <rank description="Reduces the cooldown of your Inner Focus, Power Infusion, Pain Suppression and Penance spells by 10%." lvl="1"/>
        <rank description="Reduces the cooldown of your Inner Focus, Power Infusion, Pain Suppression and Penance spells by 20%." lvl="2"/>
      </talent>
      <talent column="0" icon="spell_holy_devineaegis" key="1895" name="Divine Aegis" tier="8">
        <rank description="Critical heals create a protective shield on the target, absorbing 10% of the amount healed. Lasts 12 sec." lvl="1"/>
        <rank description="Critical heals create a protective shield on the target, absorbing 20% of the amount healed. Lasts 12 sec." lvl="2"/>
        <rank description="Critical heals create a protective shield on the target, absorbing 30% of the amount healed. Lasts 12 sec." lvl="3"/>
      </talent>
      <talent column="1" icon="spell_holy_painsupression" key="1774" name="Pain Suppression" tier="8">
        <rank description="Instantly reduces a friendly target's threat by 5%, reduces all damage taken by 40% and increases resistance to Dispel mechanics by 65% for 8 sec." lvl="1"/>
        <spell castTime="0" cooldown="180000" maxRange="40">
          <power cost="8" type="mana"/>
        </spell>
      </talent>
      <talent column="2" icon="spell_holy_hopeandgrace" key="1901" name="Grace" tier="8">
        <rank description="Your Flash Heal, Greater Heal, and Penance spells have a 50% chance to bless the target with Grace, increasing all healing received from the Priest by 3%. This effect will stack up to 3 times. Effect lasts 15 sec. Grace can only be active on one target at a time." lvl="1"/>
        <rank description="Your Flash Heal, Greater Heal, and Penance spells have a 100% chance to bless the target with Grace, increasing all healing received from the Priest by 3%. This effect will stack up to 3 times. Effect lasts 15 sec. Grace can only be active on one target at a time." lvl="2"/>
      </talent>
      <talent column="1" icon="spell_holy_borrowedtime" key="1202" name="Borrowed Time" tier="9">
        <rank description="Grants 5% spell haste for your next spell after casting Power Word: Shield, and increases the amount absorbed by your Power Word: Shield equal to 8% of your spell power." lvl="1"/>
        <rank description="Grants 10% spell haste for your next spell after casting Power Word: Shield, and increases the amount absorbed by your Power Word: Shield equal to 16% of your spell power." lvl="2"/>
        <rank description="Grants 15% spell haste for your next spell after casting Power Word: Shield, and increases the amount absorbed by your Power Word: Shield equal to 24% of your spell power." lvl="3"/>
        <rank description="Grants 20% spell haste for your next spell after casting Power Word: Shield, and increases the amount absorbed by your Power Word: Shield equal to 32% of your spell power." lvl="4"/>
        <rank description="Grants 25% spell haste for your next spell after casting Power Word: Shield, and increases the amount absorbed by your Power Word: Shield equal to 40% of your spell power." lvl="5"/>
      </talent>
      <talent column="1" icon="spell_holy_penance" key="1897" name="Penance" tier="10">
        <rank description="Launches a volley of holy light at the target, causing 240 Holy damage to an enemy, or 670 to 756 healing to an ally instantly and every 1 sec for 2 sec." lvl="1"/>
        <spell castTime="0" channeled="1" cooldown="12000" maxRange="30">
          <power cost="16" type="mana"/>
        </spell>
      </talent>
    </tree>
    <tree bgImage="PriestHoly" icon="spell_holy_guardianspirit" key="Holy" name="Holy" order="1">
      <talent column="0" icon="spell_holy_healingfocus" key="410" name="Healing Focus" tier="0">
        <rank description="Reduces the pushback suffered from damaging attacks  while casting any healing spell by 35%." lvl="1"/>
        <rank description="Reduces the pushback suffered from damaging attacks  while casting any healing spell by 70%." lvl="2"/>
      </talent>
      <talent column="1" icon="spell_holy_renew" key="406" name="Improved Renew" tier="0">
        <rank description="Increases the amount healed by your Renew spell by 5%." lvl="1"/>
        <rank description="Increases the amount healed by your Renew spell by 10%." lvl="2"/>
        <rank description="Increases the amount healed by your Renew spell by 15%." lvl="3"/>
      </talent>
      <talent column="2" icon="spell_holy_sealofsalvation" key="401" name="Holy Specialization" tier="0">
        <rank description="Increases the critical effect chance of your Holy spells by 1%." lvl="1"/>
        <rank description="Increases the critical effect chance of your Holy spells by 2%." lvl="2"/>
        <rank description="Increases the critical effect chance of your Holy spells by 3%." lvl="3"/>
        <rank description="Increases the critical effect chance of your Holy spells by 4%." lvl="4"/>
        <rank description="Increases the critical effect chance of your Holy spells by 5%." lvl="5"/>
      </talent>
      <talent column="1" icon="spell_holy_spellwarding" key="411" name="Spell Warding" tier="1">
        <rank description="Reduces all spell damage taken by 2%." lvl="1"/>
        <rank description="Reduces all spell damage taken by 4%." lvl="2"/>
        <rank description="Reduces all spell damage taken by 6%." lvl="3"/>
        <rank description="Reduces all spell damage taken by 8%." lvl="4"/>
        <rank description="Reduces all spell damage taken by 10%." lvl="5"/>
      </talent>
      <talent column="2" icon="spell_holy_sealofwrath" key="1181" name="Divine Fury" tier="1">
        <rank description="Reduces the casting time of your Smite, Holy Fire, Heal and Greater Heal spells by 0.1 sec." lvl="1"/>
        <rank description="Reduces the casting time of your Smite, Holy Fire, Heal and Greater Heal spells by 0.2 sec." lvl="2"/>
        <rank description="Reduces the casting time of your Smite, Holy Fire, Heal and Greater Heal spells by 0.3 sec." lvl="3"/>
        <rank description="Reduces the casting time of your Smite, Holy Fire, Heal and Greater Heal spells by 0.4 sec." lvl="4"/>
        <rank description="Reduces the casting time of your Smite, Holy Fire, Heal and Greater Heal spells by 0.5 sec." lvl="5"/>
      </talent>
      <talent column="0" icon="spell_holy_restoration" key="442" name="Desperate Prayer" tier="2">
        <rank description="Instantly heals the caster for 263 to 325." lvl="1"/>
        <spell castTime="0" cooldown="120000">
          <power cost="21" type="mana"/>
        </spell>
      </talent>
      <talent column="1" icon="spell_holy_blessedrecovery" key="1636" name="Blessed Recovery" tier="2">
        <rank description="After being struck by a melee or ranged critical hit, Blessed Recovery heals you for 5% of the damage taken over 6 sec.  Additional critical hits taken during the effect increase the healing received." lvl="1"/>
        <rank description="After being struck by a melee or ranged critical hit, Blessed Recovery heals you for 10% of the damage taken over 6 sec.  Additional critical hits taken during the effect increase the healing received." lvl="2"/>
        <rank description="After being struck by a melee or ranged critical hit, Blessed Recovery heals you for 15% of the damage taken over 6 sec.  Additional critical hits taken during the effect increase the healing received." lvl="3"/>
      </talent>
      <talent column="3" icon="spell_holy_layonhands" key="361" name="Inspiration" tier="2">
        <rank description="Reduces your target's physical damage taken by 3% for 15 sec after getting a critical effect from your Flash Heal, Heal, Greater Heal, Binding Heal, Penance, Prayer of Mending, Prayer of Healing, or Circle of Healing spell." lvl="1"/>
        <rank description="Reduces your target's physical damage taken by 7% for 15 sec after getting a critical effect from your Flash Heal, Heal, Greater Heal, Binding Heal, Penance, Prayer of Mending, Prayer of Healing, or Circle of Healing spell." lvl="2"/>
        <rank description="Reduces your target's physical damage taken by 10% for 15 sec after getting a critical effect from your Flash Heal, Heal, Greater Heal, Binding Heal, Penance, Prayer of Mending, Prayer of Healing, or Circle of Healing spell." lvl="3"/>
      </talent>
      <talent column="0" icon="spell_holy_purify" key="1635" name="Holy Reach" tier="3">
        <rank description="Increases the range of your Smite and Holy Fire spells and the radius of your Prayer of Healing, Holy Nova, Divine Hymn and Circle of Healing spells by 10%." lvl="1"/>
        <rank description="Increases the range of your Smite and Holy Fire spells and the radius of your Prayer of Healing, Holy Nova, Divine Hymn and Circle of Healing spells by 20%." lvl="2"/>
      </talent>
      <talent column="1" icon="spell_holy_heal02" key="408" name="Improved Healing" tier="3">
        <rank description="Reduces the mana cost of your Lesser Heal, Heal, Greater Heal, Divine Hymn and Penance spells by 5%." lvl="1"/>
        <rank description="Reduces the mana cost of your Lesser Heal, Heal, Greater Heal, Divine Hymn and Penance spells by 10%." lvl="2"/>
        <rank description="Reduces the mana cost of your Lesser Heal, Heal, Greater Heal, Divine Hymn and Penance spells by 15%." lvl="3"/>
      </talent>
      <talent column="2" icon="spell_holy_searinglightpriest" key="403" name="Searing Light" requires="1181" tier="3">
        <rank description="Increases the damage of your Smite, Holy Fire, Holy Nova and Penance spells by 5%." lvl="1"/>
        <rank description="Increases the damage of your Smite, Holy Fire, Holy Nova and Penance spells by 10%." lvl="2"/>
      </talent>
      <talent column="0" icon="spell_holy_prayerofhealing02" key="413" name="Healing Prayers" tier="4">
        <rank description="Reduces the mana cost of your Prayer of Healing and Prayer of Mending spell by 10%." lvl="1"/>
        <rank description="Reduces the mana cost of your Prayer of Healing and Prayer of Mending spell by 20%." lvl="2"/>
      </talent>
      <talent column="1" icon="inv_enchant_essenceeternallarge" key="1561" name="Spirit of Redemption" tier="4">
        <rank description="Increases total Spirit by 5% and upon death, the priest becomes the Spirit of Redemption for 15 sec.  The Spirit of Redemption cannot move, attack, be attacked or targeted by any spells or effects.  While in this form the priest can cast any healing spell free of cost.  When the effect ends, the priest dies." lvl="1"/>
      </talent>
      <talent column="2" icon="spell_holy_spiritualguidence" key="402" name="Spiritual Guidance" tier="4">
        <rank description="Increases spell power by 5% of your total Spirit." lvl="1"/>
        <rank description="Increases spell power by 10% of your total Spirit." lvl="2"/>
        <rank description="Increases spell power by 15% of your total Spirit." lvl="3"/>
        <rank description="Increases spell power by 20% of your total Spirit." lvl="4"/>
        <rank description="Increases spell power by 25% of your total Spirit." lvl="5"/>
      </talent>
      <talent column="0" icon="spell_holy_surgeoflight" key="1766" name="Surge of Light" tier="5">
        <rank description="Your spell criticals have a 25% chance to cause your next Smite or Flash Heal spell to be instant cast, cost no mana but be incapable of a critical hit.  This effect lasts 10 sec." lvl="1"/>
        <rank description="Your spell criticals have a 50% chance to cause your next Smite or Flash Heal spell to be instant cast, cost no mana but be incapable of a critical hit.  This effect lasts 10 sec." lvl="2"/>
      </talent>
      <talent column="2" icon="spell_nature_moonglow" key="404" name="Spiritual Healing" tier="5">
        <rank description="Increases the amount healed by your healing spells by 2%." lvl="1"/>
        <rank description="Increases the amount healed by your healing spells by 4%." lvl="2"/>
        <rank description="Increases the amount healed by your healing spells by 6%." lvl="3"/>
        <rank description="Increases the amount healed by your healing spells by 8%." lvl="4"/>
        <rank description="Increases the amount healed by your healing spells by 10%." lvl="5"/>
      </talent>
      <talent column="0" icon="spell_holy_fanaticism" key="1768" name="Holy Concentration" tier="6">
        <rank description="Your mana regeneration from spirit is increased by 16% for 8 sec after you critically heal with Flash Heal, Greater Heal, Binding Heal or Empowered Renew." lvl="1"/>
        <rank description="Your mana regeneration from spirit is increased by 32% for 8 sec after you critically heal with Flash Heal, Greater Heal, Binding Heal or Empowered Renew." lvl="2"/>
        <rank description="Your mana regeneration from spirit is increased by 50% for 8 sec after you critically heal with Flash Heal, Greater Heal, Binding Heal or Empowered Renew." lvl="3"/>
      </talent>
      <talent column="1" icon="spell_holy_summonlightwell" key="1637" name="Lightwell" requires="1561" tier="6">
        <rank description="Creates a Holy Lightwell.  Friendly players can click the Lightwell to restore 801 health over 6 sec.  Attacks done to you equal to 30% of your total health will cancel the effect. Lightwell lasts for 3 min or 10 charges." lvl="1"/>
        <spell castTime="500" cooldown="180000" maxRange="40">
          <power cost="17" type="mana"/>
        </spell>
      </talent>
      <talent column="2" icon="spell_holy_blessedresillience" key="1765" name="Blessed Resilience" tier="6">
        <rank description="Increases the effectiveness of your healing spells by 1%, and critical hits made against you have a 20% chance to prevent you from being critically hit again for 6 sec." lvl="1"/>
        <rank description="Increases the effectiveness of your healing spells by 2%, and critical hits made against you have a 40% chance to prevent you from being critically hit again for 6 sec." lvl="2"/>
        <rank description="Increases the effectiveness of your healing spells by 3%, and critical hits made against you have a 60% chance to prevent you from being critically hit again for 6 sec." lvl="3"/>
      </talent>
      <talent column="0" icon="spell_holy_symbolofhope" key="2279" name="Body and Soul" tier="7">
        <rank description="When you cast Power Word: Shield, you increase the target's movement speed by 30% for 4 sec, and you have a 50% chance when you cast Abolish Disease on yourself to also cleanse 1 poison effect in addition to diseases." lvl="1"/>
        <rank description="When you cast Power Word: Shield, you increase the target's movement speed by 60% for 4 sec, and you have a 100% chance when you cast Abolish Disease on yourself to also cleanse 1 poison effect in addition to diseases." lvl="2"/>
      </talent>
      <talent column="1" icon="spell_holy_greaterheal" key="1767" name="Empowered Healing" tier="7">
        <rank description="Your Greater Heal spell gains an additional 8% and your Flash Heal and Binding Heal gain an additional 4% of your bonus healing effects." lvl="1"/>
        <rank description="Your Greater Heal spell gains an additional 16% and your Flash Heal and Binding Heal gain an additional 8% of your bonus healing effects." lvl="2"/>
        <rank description="Your Greater Heal spell gains an additional 24% and your Flash Heal and Binding Heal gain an additional 12% of your bonus healing effects." lvl="3"/>
        <rank description="Your Greater Heal spell gains an additional 32% and your Flash Heal and Binding Heal gain an additional 16% of your bonus healing effects." lvl="4"/>
        <rank description="Your Greater Heal spell gains an additional 40% and your Flash Heal and Binding Heal gain an additional 20% of your bonus healing effects." lvl="5"/>
      </talent>
      <talent column="2" icon="spell_holy_serendipity" key="1904" name="Serendipity" tier="7">
        <rank description="When you heal with Binding Heal or Flash Heal, the cast time of your next Greater Heal or Prayer of Healing spell is reduced by 4%. Stacks up to 3 times. Lasts 20 sec." lvl="1"/>
        <rank description="When you heal with Binding Heal or Flash Heal, the cast time of your next Greater Heal or Prayer of Healing spell is reduced by 8%. Stacks up to 3 times. Lasts 20 sec." lvl="2"/>
        <rank description="When you heal with Binding Heal or Flash Heal, the cast time of your next Greater Heal or Prayer of Healing spell is reduced by 12%. Stacks up to 3 times. Lasts 20 sec." lvl="3"/>
      </talent>
      <talent column="0" icon="ability_paladin_infusionoflight" key="1902" name="Empowered Renew" tier="8">
        <rank description="Your Renew spell gains an additional 5% of your bonus healing effects, and your Renew will instantly heal the target for 5% of the total periodic effect." lvl="1"/>
        <rank description="Your Renew spell gains an additional 10% of your bonus healing effects, and your Renew will instantly heal the target for 10% of the total periodic effect." lvl="2"/>
        <rank description="Your Renew spell gains an additional 15% of your bonus healing effects, and your Renew will instantly heal the target for 15% of the total periodic effect." lvl="3"/>
      </talent>
      <talent column="1" icon="spell_holy_circleofrenewal" key="1815" name="Circle of Healing" tier="8">
        <rank description="Heals up to 5 friendly party or raid members within 15 yards of the target for 343 to 379." lvl="1"/>
        <spell castTime="0" cooldown="6000" maxRange="40">
          <power cost="21" type="mana"/>
        </spell>
      </talent>
      <talent column="2" icon="spell_holy_testoffaith" key="1903" name="Test of Faith" tier="8">
        <rank description="Increases healing by 4% on friendly targets at or below 50% health." lvl="1"/>
        <rank description="Increases healing by 8% on friendly targets at or below 50% health." lvl="2"/>
        <rank description="Increases healing by 12% on friendly targets at or below 50% health." lvl="3"/>
      </talent>
      <talent column="1" icon="spell_holy_divineprovidence" key="1905" name="Divine Providence" tier="9">
        <rank description="Increases the amount healed by Circle of Healing, Binding Heal, Holy Nova, Prayer of Healing, Divine Hymn and Prayer of Mending by 2%, and reduces the cooldown of your Prayer of Mending by 6%." lvl="1"/>
        <rank description="Increases the amount healed by Circle of Healing, Binding Heal, Holy Nova, Prayer of Healing, Divine Hymn and Prayer of Mending by 4%, and reduces the cooldown of your Prayer of Mending by 12%." lvl="2"/>
        <rank description="Increases the amount healed by Circle of Healing, Binding Heal, Holy Nova, Prayer of Healing, Divine Hymn and Prayer of Mending by 6%, and reduces the cooldown of your Prayer of Mending by 18%." lvl="3"/>
        <rank description="Increases the amount healed by Circle of Healing, Binding Heal, Holy Nova, Prayer of Healing, Divine Hymn and Prayer of Mending by 8%, and reduces the cooldown of your Prayer of Mending by 24%." lvl="4"/>
        <rank description="Increases the amount healed by Circle of Healing, Binding Heal, Holy Nova, Prayer of Healing, Divine Hymn and Prayer of Mending by 10%, and reduces the cooldown of your Prayer of Mending by 30%." lvl="5"/>
      </talent>
      <talent column="1" icon="spell_holy_guardianspirit" key="1911" name="Guardian Spirit" tier="10">
        <rank description="Calls upon a guardian spirit to watch over the friendly target. The spirit increases the healing received by the target by 40%, and also prevents the target from dying by sacrificing itself.  This sacrifice terminates the effect but heals the target of 50% of their maximum health. Lasts 10 sec." lvl="1"/>
        <spell castTime="0" cooldown="180000" maxRange="40">
          <power cost="6" type="mana"/>
        </spell>
      </talent>
    </tree>
    <tree bgImage="PriestShadow" icon="spell_shadow_shadowwordpain" key="Shadow" name="Shadow" order="2">
      <talent column="0" icon="spell_shadow_requiem" key="465" name="Spirit Tap" tier="0">
        <rank description="Gives you a 33% chance to gain a 100% bonus to your Spirit after killing a target that yields experience or honor.  For the duration, your mana will regenerate at a 83% rate while casting.  Lasts 15 sec." lvl="1"/>
        <rank description="Gives you a 66% chance to gain a 100% bonus to your Spirit after killing a target that yields experience or honor.  For the duration, your mana will regenerate at a 83% rate while casting.  Lasts 15 sec." lvl="2"/>
        <rank description="Gives you a 100% chance to gain a 100% bonus to your Spirit after killing a target that yields experience or honor.  For the duration, your mana will regenerate at a 83% rate while casting.  Lasts 15 sec." lvl="3"/>
      </talent>
      <talent column="1" icon="spell_shadow_requiem" key="2027" name="Improved Spirit Tap" requires="465" tier="0">
        <rank description="Your Mind Blast and Shadow Word: Death critical strikes have a 100% chance and your Mind Flay critical strikes have a 50% chance to increase your total Spirit by 5%. For the duration, your mana will regenerate at a 17% rate while casting. Lasts 8 sec." lvl="1"/>
        <rank description="Your Mind Blast and Shadow Word: Death critical strikes have a 100% chance and your Mind Flay critical strikes have a 50% chance to increase your total Spirit by 10%. For the duration, your mana will regenerate at a 33% rate while casting. Lasts 8 sec." lvl="2"/>
      </talent>
      <talent column="2" icon="spell_shadow_twilight" key="462" name="Darkness" tier="0">
        <rank description="Increases your Shadow spell damage by 2%." lvl="1"/>
        <rank description="Increases your Shadow spell damage by 4%." lvl="2"/>
        <rank description="Increases your Shadow spell damage by 6%." lvl="3"/>
        <rank description="Increases your Shadow spell damage by 8%." lvl="4"/>
        <rank description="Increases your Shadow spell damage by 10%." lvl="5"/>
      </talent>
      <talent column="0" icon="spell_shadow_shadowward" key="466" name="Shadow Affinity" tier="1">
        <rank description="Reduces the threat generated by your Shadow spells by 8%, and you receive 5% of your base mana when your Shadow Word: Pain or Vampiric Touch spells are dispelled." lvl="1"/>
        <rank description="Reduces the threat generated by your Shadow spells by 16%, and you receive 10% of your base mana when your Shadow Word: Pain or Vampiric Touch spells are dispelled." lvl="2"/>
        <rank description="Reduces the threat generated by your Shadow spells by 25%, and you receive 15% of your base mana when your Shadow Word: Pain or Vampiric Touch spells are dispelled." lvl="3"/>
      </talent>
      <talent column="1" icon="spell_shadow_shadowwordpain" key="482" name="Improved Shadow Word: Pain" tier="1">
        <rank description="Increases the damage of your Shadow Word: Pain spell by 3%." lvl="1"/>
        <rank description="Increases the damage of your Shadow Word: Pain spell by 6%." lvl="2"/>
      </talent>
      <talent column="2" icon="spell_shadow_burningspirit" key="463" name="Shadow Focus" tier="1">
        <rank description="Increases your chance to hit with your Shadow spells by 1%, and reduces the mana cost of your Shadow spells by 2%." lvl="1"/>
        <rank description="Increases your chance to hit with your Shadow spells by 2%, and reduces the mana cost of your Shadow spells by 4%." lvl="2"/>
        <rank description="Increases your chance to hit with your Shadow spells by 3%, and reduces the mana cost of your Shadow spells by 6%." lvl="3"/>
      </talent>
      <talent column="0" icon="spell_shadow_psychicscream" key="542" name="Improved Psychic Scream" tier="2">
        <rank description="Reduces the cooldown of your Psychic Scream spell by 2 sec." lvl="1"/>
        <rank description="Reduces the cooldown of your Psychic Scream spell by 4 sec." lvl="2"/>
      </talent>
      <talent column="1" icon="spell_shadow_unholyfrenzy" key="481" name="Improved Mind Blast" tier="2">
        <rank description="Reduces the cooldown of your Mind Blast spell by 0.5 sec., and while in Shadowform your Mind Blast also has a 20% chance to reduce all healing done to the target by 20% for 10 sec." lvl="1"/>
        <rank description="Reduces the cooldown of your Mind Blast spell by 1 sec., and while in Shadowform your Mind Blast also has a 40% chance to reduce all healing done to the target by 20% for 10 sec." lvl="2"/>
        <rank description="Reduces the cooldown of your Mind Blast spell by 1.5 sec., and while in Shadowform your Mind Blast also has a 60% chance to reduce all healing done to the target by 20% for 10 sec." lvl="3"/>
        <rank description="Reduces the cooldown of your Mind Blast spell by 2 sec., and while in Shadowform your Mind Blast also has a 80% chance to reduce all healing done to the target by 20% for 10 sec." lvl="4"/>
        <rank description="Reduces the cooldown of your Mind Blast spell by 2.5 sec., and while in Shadowform your Mind Blast also has a 100% chance to reduce all healing done to the target by 20% for 10 sec." lvl="5"/>
      </talent>
      <talent column="2" icon="spell_shadow_siphonmana" key="501" name="Mind Flay" tier="2">
        <rank description="Assault the target's mind with Shadow energy, causing 45 Shadow damage over 3 sec and slowing their movement speed by 50%." lvl="1"/>
        <spell castTime="0" channeled="1" maxRange="30">
          <power cost="9" type="mana"/>
        </spell>
      </talent>
      <talent column="1" icon="spell_magic_lesserinvisibilty" key="483" name="Veiled Shadows" tier="3">
        <rank description="Decreases the cooldown of your Fade ability by 3 sec, and reduces the cooldown of your Shadowfiend ability by 1 minute." lvl="1"/>
        <rank description="Decreases the cooldown of your Fade ability by 6 sec, and reduces the cooldown of your Shadowfiend ability by 2 minutes." lvl="2"/>
      </talent>
      <talent column="2" icon="spell_shadow_chilltouch" key="881" name="Shadow Reach" tier="3">
        <rank description="Increases the range of your offensive Shadow spells by 10%." lvl="1"/>
        <rank description="Increases the range of your offensive Shadow spells by 20%." lvl="2"/>
      </talent>
      <talent column="3" icon="spell_shadow_blackplague" key="461" name="Shadow Weaving" tier="3">
        <rank description="Your Shadow damage spells have a 33% chance to increase the Shadow damage you deal by 2% for 15 sec.  Stacks up to 5 times." lvl="1"/>
        <rank description="Your Shadow damage spells have a 66% chance to increase the Shadow damage you deal by 2% for 15 sec.  Stacks up to 5 times." lvl="2"/>
        <rank description="Your Shadow damage spells have a 100% chance to increase the Shadow damage you deal by 2% for 15 sec.  Stacks up to 5 times." lvl="3"/>
      </talent>
      <talent column="0" icon="spell_shadow_impphaseshift" key="541" name="Silence" requires="542" tier="4">
        <rank description="Silences the target, preventing them from casting spells for 5 sec.  Non-player victim spellcasting is also interrupted for 3 sec." lvl="1"/>
        <spell castTime="0" cooldown="45000" maxRange="30">
          <power cost="225" type="unknown"/>
        </spell>
      </talent>
      <talent column="1" icon="spell_shadow_unsummonbuilding" key="484" name="Vampiric Embrace" tier="4">
        <rank description="Fills you with the embrace of Shadow energy, causing you to be healed for 15% and other party members to be healed for 3% of any single-target Shadow spell damage you deal for 30 min." lvl="1"/>
      </talent>
      <talent column="2" icon="spell_shadow_improvedvampiricembrace" key="1638" name="Improved Vampiric Embrace" requires="484" tier="4">
        <rank description="Increases the healing received from Vampiric Embrace by 33%." lvl="1"/>
        <rank description="Increases the healing received from Vampiric Embrace by 67%." lvl="2"/>
      </talent>
      <talent column="3" icon="spell_nature_focusedmind" key="1777" name="Focused Mind" tier="4">
        <rank description="Reduces the mana cost of your Mind Blast, Mind Control, Mind Flay and Mind Sear spells by 5%." lvl="1"/>
        <rank description="Reduces the mana cost of your Mind Blast, Mind Control, Mind Flay and Mind Sear spells by 10%." lvl="2"/>
        <rank description="Reduces the mana cost of your Mind Blast, Mind Control, Mind Flay and Mind Sear spells by 15%." lvl="3"/>
      </talent>
      <talent column="0" icon="spell_shadow_skull" key="1781" name="Mind Melt" tier="5">
        <rank description="Increases the critical strike chance of your Mind Blast, Mind Flay and Mind Sear spells by 2%, and increases the periodic critical strike chance of your Vampiric Touch, Devouring Plague and Shadow Word: Pain spells by 3%." lvl="1"/>
        <rank description="Increases the critical strike chance of your Mind Blast, Mind Flay and Mind Sear spells by 4%, and increases the periodic critical strike chance of your Vampiric Touch, Devouring Plague and Shadow Word: Pain spells by 6%." lvl="2"/>
      </talent>
      <talent column="2" icon="spell_shadow_devouringplague." key="2267" name="Improved Devouring Plague" tier="5">
        <rank description="Increases the periodic damage done by your Devouring Plague by 5%, and when you cast Devouring Plague you instantly deal damage equal to 10% of its total periodic effect." lvl="1"/>
        <rank description="Increases the periodic damage done by your Devouring Plague by 10%, and when you cast Devouring Plague you instantly deal damage equal to 20% of its total periodic effect." lvl="2"/>
        <rank description="Increases the periodic damage done by your Devouring Plague by 15%, and when you cast Devouring Plague you instantly deal damage equal to 30% of its total periodic effect." lvl="3"/>
      </talent>
      <talent column="1" icon="spell_shadow_shadowform" key="521" name="Shadowform" requires="484" tier="6">
        <rank description="Assume a Shadowform, increasing your Shadow damage by 15%, reducing all damage done to you by 15% and threat generated by 30%.  However, you may not cast Holy spells while in this form except Cure Disease and Abolish Disease.  Grants the periodic damage from your Shadow Word: Pain, Devouring Plague, and Vampiric Touch spells the ability to critically hit for 100% increased damage and grants Devouring Plague and Vampiric Touch the ability to benefit from haste." lvl="1"/>
        <spell castTime="0" cooldown="1500">
          <power cost="13" type="mana"/>
        </spell>
      </talent>
      <talent column="2" icon="spell_shadow_shadowpower" key="1778" name="Shadow Power" tier="6">
        <rank description="Increases the critical strike damage bonus of your Mind Blast, Mind Flay, and Shadow Word: Death spells by 20%." lvl="1"/>
        <rank description="Increases the critical strike damage bonus of your Mind Blast, Mind Flay, and Shadow Word: Death spells by 40%." lvl="2"/>
        <rank description="Increases the critical strike damage bonus of your Mind Blast, Mind Flay, and Shadow Word: Death spells by 60%." lvl="3"/>
        <rank description="Increases the critical strike damage bonus of your Mind Blast, Mind Flay, and Shadow Word: Death spells by 80%." lvl="4"/>
        <rank description="Increases the critical strike damage bonus of your Mind Blast, Mind Flay, and Shadow Word: Death spells by 100%." lvl="5"/>
      </talent>
      <talent column="0" icon="spell_shadow_summonvoidwalker" key="1906" name="Improved Shadowform" requires="521" tier="7">
        <rank description="Your Fade ability now has a 50% chance to remove all movement impairing effects when used while in Shadowform, and reduces casting or channeling time lost when damaged by 35% when casting any Shadow spell while in Shadowform." lvl="1"/>
        <rank description="Your Fade ability now has a 100% chance to remove all movement impairing effects when used while in Shadowform, and reduces casting or channeling time lost when damaged by 70% when casting any Shadow spell while in Shadowform." lvl="2"/>
      </talent>
      <talent column="2" icon="spell_shadow_misery" key="1816" name="Misery" tier="7">
        <rank description="Your Shadow Word: Pain, Mind Flay and Vampiric Touch spells also increase the chance for harmful spells to hit by 1% lasting 24 sec, and increases the benefit from spell power gained by your Mind Blast, Mind Flay and Mind Sear spells by 5%." lvl="1"/>
        <rank description="Your Shadow Word: Pain, Mind Flay and Vampiric Touch spells also increase the chance for harmful spells to hit by 2% lasting 24 sec, and increases the benefit from spell power gained by your Mind Blast, Mind Flay and Mind Sear spells by 10%." lvl="2"/>
        <rank description="Your Shadow Word: Pain, Mind Flay and Vampiric Touch spells also increase the chance for harmful spells to hit by 3% lasting 24 sec, and increases the benefit from spell power gained by your Mind Blast, Mind Flay and Mind Sear spells by 15%." lvl="3"/>
      </talent>
      <talent column="0" icon="spell_shadow_psychichorrors" key="1908" name="Psychic Horror" tier="8">
        <rank description="You terrify the target, causing them to tremble in horror for 3 sec and drop their main hand and ranged weapons for 10 sec." lvl="1"/>
        <spell castTime="0" cooldown="120000" maxRange="30">
          <power cost="16" type="mana"/>
        </spell>
      </talent>
      <talent column="1" icon="spell_holy_stoicism" key="1779" name="Vampiric Touch" requires="521" tier="8">
        <rank description="Causes 450 Shadow damage over 15 sec to your target and causes up to 10 party or raid members to gain 1% of their maximum mana per 5 sec when you deal damage from Mind Blast. In addition, if the Vampiric Touch is dispelled it will cause 720 damage to the afflicted target." lvl="1"/>
        <spell castTime="1500" maxRange="30">
          <power cost="16" type="mana"/>
        </spell>
      </talent>
      <talent column="2" icon="spell_shadow_painandsuffering" key="1909" name="Pain and Suffering" tier="8">
        <rank description="Your Mind Flay has a 33% chance to refresh the duration of your Shadow Word: Pain on the target, and reduces the damage you take from your own Shadow Word: Death by 10%." lvl="1"/>
        <rank description="Your Mind Flay has a 66% chance to refresh the duration of your Shadow Word: Pain on the target, and reduces the damage you take from your own Shadow Word: Death by 20%." lvl="2"/>
        <rank description="Your Mind Flay has a 100% chance to refresh the duration of your Shadow Word: Pain on the target, and reduces the damage you take from your own Shadow Word: Death by 30%." lvl="3"/>
      </talent>
      <talent column="2" icon="spell_shadow_mindtwisting" key="1907" name="Twisted Faith" tier="9">
        <rank description="Increases your spell power by 4% of your total Spirit, and your damage done by your Mind Flay and Mind Blast is increased by 2% if your target is afflicted by your Shadow Word: Pain." lvl="1"/>
        <rank description="Increases your spell power by 8% of your total Spirit, and your damage done by your Mind Flay and Mind Blast is increased by 4% if your target is afflicted by your Shadow Word: Pain." lvl="2"/>
        <rank description="Increases your spell power by 12% of your total Spirit, and your damage done by your Mind Flay and Mind Blast is increased by 6% if your target is afflicted by your Shadow Word: Pain." lvl="3"/>
        <rank description="Increases your spell power by 16% of your total Spirit, and your damage done by your Mind Flay and Mind Blast is increased by 8% if your target is afflicted by your Shadow Word: Pain." lvl="4"/>
        <rank description="Increases your spell power by 20% of your total Spirit, and your damage done by your Mind Flay and Mind Blast is increased by 10% if your target is afflicted by your Shadow Word: Pain." lvl="5"/>
      </talent>
      <talent column="1" icon="spell_shadow_dispersion" key="1910" name="Dispersion" requires="1779" tier="10">
        <rank description="You disperse into pure Shadow energy, reducing all damage taken by 90%.  You are unable to attack or cast spells, but you regenerate 6% mana every 1 sec for 6 sec. Dispersion can be cast while stunned, feared or silenced and clears all snare and movement impairing effects when cast, and makes you immune to them while dispersed." lvl="1"/>
        <spell castTime="0" cooldown="120000"/>
      </talent>
    </tree>
  </talentTrees>
</page>
