<?xml version="1.0" encoding="UTF-8"?><page globalSearch="1" lang="en_us" requestUrl="/talent-tree.xml">
  <talentTrees>
    <tree bgImage="RogueCombat" icon="ability_backstab" key="Combat" name="Combat" order="1">
      <talent column="0" icon="ability_gouge" key="203" name="Improved Gouge" tier="0">
        <rank description="Increases the effect duration of your Gouge ability by 0.5 sec." lvl="1"/>
        <rank description="Increases the effect duration of your Gouge ability by 1 sec." lvl="2"/>
        <rank description="Increases the effect duration of your Gouge ability by 1.5 sec." lvl="3"/>
      </talent>
      <talent column="1" icon="spell_shadow_ritualofsacrifice" key="201" name="Improved Sinister Strike" tier="0">
        <rank description="Reduces the Energy cost of your Sinister Strike ability by 3." lvl="1"/>
        <rank description="Reduces the Energy cost of your Sinister Strike ability by 5." lvl="2"/>
      </talent>
      <talent column="2" icon="ability_dualwield" key="221" name="Dual Wield Specialization" tier="0">
        <rank description="Increases the damage done by your offhand weapon by 10%." lvl="1"/>
        <rank description="Increases the damage done by your offhand weapon by 20%." lvl="2"/>
        <rank description="Increases the damage done by your offhand weapon by 30%." lvl="3"/>
        <rank description="Increases the damage done by your offhand weapon by 40%." lvl="4"/>
        <rank description="Increases the damage done by your offhand weapon by 50%." lvl="5"/>
      </talent>
      <talent column="0" icon="ability_rogue_slicedice" key="1827" name="Improved Slice and Dice" tier="1">
        <rank description="Increases the duration of your Slice and Dice ability by 25%." lvl="1"/>
        <rank description="Increases the duration of your Slice and Dice ability by 50%." lvl="2"/>
      </talent>
      <talent column="1" icon="ability_parry" key="187" name="Deflection" tier="1">
        <rank description="Increases your Parry chance by 2%." lvl="1"/>
        <rank description="Increases your Parry chance by 4%." lvl="2"/>
        <rank description="Increases your Parry chance by 6%." lvl="3"/>
      </talent>
      <talent column="3" icon="ability_marksmanship" key="181" name="Precision" tier="1">
        <rank description="Increases your chance to hit with weapon and poison attacks by 1%." lvl="1"/>
        <rank description="Increases your chance to hit with weapon and poison attacks by 2%." lvl="2"/>
        <rank description="Increases your chance to hit with weapon and poison attacks by 3%." lvl="3"/>
        <rank description="Increases your chance to hit with weapon and poison attacks by 4%." lvl="4"/>
        <rank description="Increases your chance to hit with weapon and poison attacks by 5%." lvl="5"/>
      </talent>
      <talent column="0" icon="spell_shadow_shadowward" key="204" name="Endurance" tier="2">
        <rank description="Reduces the cooldown of your Sprint and Evasion abilities by 30 sec and increases your total Stamina by 2%." lvl="1"/>
        <rank description="Reduces the cooldown of your Sprint and Evasion abilities by 60 sec and increases your total Stamina by 4%." lvl="2"/>
      </talent>
      <talent column="1" icon="ability_warrior_challange" key="301" name="Riposte" requires="187" tier="2">
        <rank description="A strike that becomes active after parrying an opponent's attack.  This attack deals 150% weapon damage and slows their melee attack speed by 20% for 30 sec.  Awards 1 combo point." lvl="1"/>
        <spell castTime="0" cooldown="6000" maxRange="5">
          <power cost="10" type="energy"/>
        </spell>
      </talent>
      <talent column="2" icon="inv_weapon_shortblade_05" key="182" name="Close Quarters Combat" requires="221" tier="2">
        <rank description="Increases your chance to get a critical strike with Daggers and Fist Weapons by 1%." lvl="1"/>
        <rank description="Increases your chance to get a critical strike with Daggers and Fist Weapons by 2%." lvl="2"/>
        <rank description="Increases your chance to get a critical strike with Daggers and Fist Weapons by 3%." lvl="3"/>
        <rank description="Increases your chance to get a critical strike with Daggers and Fist Weapons by 4%." lvl="4"/>
        <rank description="Increases your chance to get a critical strike with Daggers and Fist Weapons by 5%." lvl="5"/>
      </talent>
      <talent column="0" icon="ability_kick" key="206" name="Improved Kick" tier="3">
        <rank description="Gives your Kick ability a 50% chance to silence the target for 2 sec." lvl="1"/>
        <rank description="Gives your Kick ability a 100% chance to silence the target for 2 sec." lvl="2"/>
      </talent>
      <talent column="1" icon="ability_rogue_sprint" key="222" name="Improved Sprint" tier="3">
        <rank description="Gives a 50% chance to remove all Movement Impairing effects when you activate your Sprint ability." lvl="1"/>
        <rank description="Gives a 100% chance to remove all Movement Impairing effects when you activate your Sprint ability." lvl="2"/>
      </talent>
      <talent column="2" icon="spell_nature_invisibilty" key="186" name="Lightning Reflexes" tier="3">
        <rank description="Increases your Dodge chance by 2% and gives you 4% melee haste." lvl="1"/>
        <rank description="Increases your Dodge chance by 4% and gives you 7% melee haste." lvl="2"/>
        <rank description="Increases your Dodge chance by 6% and gives you 10% melee haste." lvl="3"/>
      </talent>
      <talent column="3" icon="ability_racial_avatar" key="1122" name="Aggression" tier="3">
        <rank description="Increases the damage of your Sinister Strike, Backstab, and Eviscerate abilities by 3%." lvl="1"/>
        <rank description="Increases the damage of your Sinister Strike, Backstab, and Eviscerate abilities by 6%." lvl="2"/>
        <rank description="Increases the damage of your Sinister Strike, Backstab, and Eviscerate abilities by 9%." lvl="3"/>
        <rank description="Increases the damage of your Sinister Strike, Backstab, and Eviscerate abilities by 12%." lvl="4"/>
        <rank description="Increases the damage of your Sinister Strike, Backstab, and Eviscerate abilities by 15%." lvl="5"/>
      </talent>
      <talent column="0" icon="inv_mace_01" key="184" name="Mace Specialization" tier="4">
        <rank description="Your attacks with maces ignore up to 3% of your opponent's armor." lvl="1"/>
        <rank description="Your attacks with maces ignore up to 6% of your opponent's armor." lvl="2"/>
        <rank description="Your attacks with maces ignore up to 9% of your opponent's armor." lvl="3"/>
        <rank description="Your attacks with maces ignore up to 12% of your opponent's armor." lvl="4"/>
        <rank description="Your attacks with maces ignore up to 15% of your opponent's armor." lvl="5"/>
      </talent>
      <talent column="1" icon="ability_warrior_punishingblow" key="223" name="Blade Flurry" tier="4">
        <rank description="Increases your attack speed by 20%.  In addition, attacks strike an additional nearby opponent.  Lasts 15 sec." lvl="1"/>
        <spell castTime="0" cooldown="120000">
          <power cost="25" type="energy"/>
        </spell>
      </talent>
      <talent column="2" icon="inv_sword_27" key="242" name="Hack and Slash" tier="4">
        <rank description="Gives you a 1% chance to get an extra attack on the same target after hitting your target with your Sword or Axe." lvl="1"/>
        <rank description="Gives you a 2% chance to get an extra attack on the same target after hitting your target with your Sword or Axe." lvl="2"/>
        <rank description="Gives you a 3% chance to get an extra attack on the same target after hitting your target with your Sword or Axe." lvl="3"/>
        <rank description="Gives you a 4% chance to get an extra attack on the same target after hitting your target with your Sword or Axe." lvl="4"/>
        <rank description="Gives you a 5% chance to get an extra attack on the same target after hitting your target with your Sword or Axe." lvl="5"/>
      </talent>
      <talent column="1" icon="spell_holy_blessingofstrength" key="1703" name="Weapon Expertise" requires="223" tier="5">
        <rank description="Increases your expertise by 5." lvl="1"/>
        <rank description="Increases your expertise by 10." lvl="2"/>
      </talent>
      <talent column="2" icon="ability_rogue_bladetwisting" key="1706" name="Blade Twisting" tier="5">
        <rank description="Increases the damage dealt by Sinister Strike and Backstab by 5%, and your damaging melee attacks have a 10% chance to Daze the target for 4 sec." lvl="1"/>
        <rank description="Increases the damage dealt by Sinister Strike and Backstab by 10%, and your damaging melee attacks have a 10% chance to Daze the target for 8 sec." lvl="2"/>
      </talent>
      <talent column="0" icon="ability_warrior_revenge" key="1705" name="Vitality" tier="6">
        <rank description="Increases your Energy regeneration rate by 8%." lvl="1"/>
        <rank description="Increases your Energy regeneration rate by 16%." lvl="2"/>
        <rank description="Increases your Energy regeneration rate by 25%." lvl="3"/>
      </talent>
      <talent column="1" icon="spell_shadow_shadowworddominate" key="205" name="Adrenaline Rush" tier="6">
        <rank description="Increases your Energy regeneration rate by 100% for 15 sec." lvl="1"/>
        <spell castTime="0" cooldown="180000"/>
      </talent>
      <talent column="2" icon="ability_rogue_nervesofsteel" key="1707" name="Nerves of Steel" tier="6">
        <rank description="Reduces damage taken while affected by Stun and Fear effects by 15%." lvl="1"/>
        <rank description="Reduces damage taken while affected by Stun and Fear effects by 30%." lvl="2"/>
      </talent>
      <talent column="0" icon="ability_rogue_throwingspecialization" key="2072" name="Throwing Specialization" tier="7">
        <rank description="Increases the range of Throw and Deadly Throw by 2 yards and gives your Deadly Throw a 50% chance to interrupt the target for 3 sec." lvl="1"/>
        <rank description="Increases the range of Throw and Deadly Throw by 4 yards and gives your Deadly Throw a 100% chance to interrupt the target for 3 sec." lvl="2"/>
      </talent>
      <talent column="2" icon="inv_weapon_shortblade_38" key="1825" name="Combat Potency" tier="7">
        <rank description="Gives your successful off-hand melee attacks a 20% chance to generate 3 Energy." lvl="1"/>
        <rank description="Gives your successful off-hand melee attacks a 20% chance to generate 6 Energy." lvl="2"/>
        <rank description="Gives your successful off-hand melee attacks a 20% chance to generate 9 Energy." lvl="3"/>
        <rank description="Gives your successful off-hand melee attacks a 20% chance to generate 12 Energy." lvl="4"/>
        <rank description="Gives your successful off-hand melee attacks a 20% chance to generate 15 Energy." lvl="5"/>
      </talent>
      <talent column="0" icon="ability_rogue_unfairadvantage" key="2073" name="Unfair Advantage" tier="8">
        <rank description="Whenever you dodge an attack you gain an Unfair Advantage, striking back for 50% of your main hand weapon's damage.  This cannot occur more than once per second." lvl="1"/>
        <rank description="Whenever you dodge an attack you gain an Unfair Advantage, striking back for 100% of your main hand weapon's damage.  This cannot occur more than once per second." lvl="2"/>
      </talent>
      <talent column="1" icon="ability_rogue_surpriseattack" key="1709" name="Surprise Attacks" requires="205" tier="8">
        <rank description="Your finishing moves can no longer be dodged, and the damage dealt by your Sinister Strike, Backstab, Shiv, Hemorrhage and Gouge abilities is increased by 10%." lvl="1"/>
      </talent>
      <talent column="2" icon="ability_creature_disease_03" key="2074" name="Savage Combat" tier="8">
        <rank description="Increases your total attack power by 2% and all physical damage caused to enemies you have poisoned is increased by 2%." lvl="1"/>
        <rank description="Increases your total attack power by 4% and all physical damage caused to enemies you have poisoned is increased by 4%." lvl="2"/>
      </talent>
      <talent column="1" icon="ability_rogue_preyontheweak" key="2075" name="Prey on the Weak" tier="9">
        <rank description="Your critical strike damage is increased by 4% when the target has less health than you (as a percentage of total health)." lvl="1"/>
        <rank description="Your critical strike damage is increased by 8% when the target has less health than you (as a percentage of total health)." lvl="2"/>
        <rank description="Your critical strike damage is increased by 12% when the target has less health than you (as a percentage of total health)." lvl="3"/>
        <rank description="Your critical strike damage is increased by 16% when the target has less health than you (as a percentage of total health)." lvl="4"/>
        <rank description="Your critical strike damage is increased by 20% when the target has less health than you (as a percentage of total health)." lvl="5"/>
      </talent>
      <talent column="1" icon="ability_rogue_murderspree" key="2076" name="Killing Spree" tier="10">
        <rank description="Step through the shadows from enemy to enemy within 10 yards, attacking an enemy every .5 secs with both weapons until 5 assaults are made, and increasing all damage done by 20% for the duration.  Can hit the same target multiple times.  Cannot hit invisible or stealthed targets." lvl="1"/>
        <spell castTime="0" cooldown="120000" maxRange="10"/>
      </talent>
    </tree>
    <tree bgImage="RogueSubtlety" icon="ability_stealth" key="Subtlety" name="Subtlety" order="2">
      <talent column="0" icon="ability_warrior_decisivestrike" key="2244" name="Relentless Strikes" tier="0">
        <rank description="Your finishing moves have a 4% chance per combo point to restore 25 energy." lvl="1"/>
        <rank description="Your finishing moves have a 8% chance per combo point to restore 25 energy." lvl="2"/>
        <rank description="Your finishing moves have a 12% chance per combo point to restore 25 energy." lvl="3"/>
        <rank description="Your finishing moves have a 16% chance per combo point to restore 25 energy." lvl="4"/>
        <rank description="Your finishing moves have a 20% chance per combo point to restore 25 energy." lvl="5"/>
      </talent>
      <talent column="1" icon="spell_shadow_charm" key="241" name="Master of Deception" tier="0">
        <rank description="Reduces the chance enemies have to detect you while in Stealth mode." lvl="1"/>
        <rank description="Reduces the chance enemies have to detect you while in Stealth mode.  More effective than Master of Deception (Rank 1)." lvl="2"/>
        <rank description="Reduces the chance enemies have to detect you while in Stealth mode.  More effective than Master of Deception (Rank 2)." lvl="3"/>
      </talent>
      <talent column="2" icon="ability_warrior_warcry" key="261" name="Opportunity" tier="0">
        <rank description="Increases the damage dealt with your Backstab, Mutilate, Garrote and Ambush abilities by 10%." lvl="1"/>
        <rank description="Increases the damage dealt with your Backstab, Mutilate, Garrote and Ambush abilities by 20%." lvl="2"/>
      </talent>
      <talent column="0" icon="ability_rogue_feint" key="1700" name="Sleight of Hand" tier="1">
        <rank description="Reduces the chance you are critically hit by melee and ranged attacks by 1% and increases the threat reduction of your Feint ability by 10%." lvl="1"/>
        <rank description="Reduces the chance you are critically hit by melee and ranged attacks by 2% and increases the threat reduction of your Feint ability by 20%." lvl="2"/>
      </talent>
      <talent column="1" icon="ability_sap" key="262" name="Dirty Tricks" tier="1">
        <rank description="Increases the range of your Blind and Sap abilities by 2 yards and reduces the energy cost of your Blind and Sap abilities by 25%." lvl="1"/>
        <rank description="Increases the range of your Blind and Sap abilities by 5 yards and reduces the energy cost of your Blind and Sap abilities by 50%." lvl="2"/>
      </talent>
      <talent column="2" icon="ability_stealth" key="244" name="Camouflage" tier="1">
        <rank description="Increases your speed while stealthed by 5% and reduces the cooldown of your Stealth ability by 2 sec." lvl="1"/>
        <rank description="Increases your speed while stealthed by 10% and reduces the cooldown of your Stealth ability by 4 sec." lvl="2"/>
        <rank description="Increases your speed while stealthed by 15% and reduces the cooldown of your Stealth ability by 6 sec." lvl="3"/>
      </talent>
      <talent column="0" icon="spell_magic_lesserinvisibilty" key="247" name="Elusiveness" tier="2">
        <rank description="Reduces the cooldown of your Vanish and Blind abilities by 30 sec and your Cloak of Shadows ability by 15 sec." lvl="1"/>
        <rank description="Reduces the cooldown of your Vanish and Blind abilities by 60 sec and your Cloak of Shadows ability by 30 sec." lvl="2"/>
      </talent>
      <talent column="1" icon="spell_shadow_curse" key="303" name="Ghostly Strike" tier="2">
        <rank description="A strike that deals 125% weapon damage (180% if a dagger is equipped) and increases your chance to dodge by 15% for 7 sec.  Awards 1 combo point." lvl="1"/>
        <spell castTime="0" cooldown="20000" maxRange="5">
          <power cost="40" type="energy"/>
        </spell>
      </talent>
      <talent column="2" icon="inv_sword_17" key="1123" name="Serrated Blades" tier="2">
        <rank description="Causes your attacks to ignore up to 3% of your target's Armor and increases the damage dealt by your Rupture ability by 10%." lvl="1"/>
        <rank description="Causes your attacks to ignore up to 6% of your target's Armor and increases the damage dealt by your Rupture ability by 20%." lvl="2"/>
        <rank description="Causes your attacks to ignore up to 9% of your target's Armor and increases the damage dealt by your Rupture ability by 30%." lvl="3"/>
      </talent>
      <talent column="0" icon="spell_nature_mirrorimage" key="246" name="Setup" tier="3">
        <rank description="Gives you a 33% chance to add a combo point to your target after dodging their attack or fully resisting one of their spells.  This cannot happen more than once per second." lvl="1"/>
        <rank description="Gives you a 66% chance to add a combo point to your target after dodging their attack or fully resisting one of their spells.  This cannot happen more than once per second." lvl="2"/>
        <rank description="Gives you a 100% chance to add a combo point to your target after dodging their attack or fully resisting one of their spells.  This cannot happen more than once per second." lvl="3"/>
      </talent>
      <talent column="1" icon="spell_shadow_fumble" key="245" name="Initiative" tier="3">
        <rank description="Gives you a 33% chance to add an additional combo point to your target when using your Ambush, Garrote, or Cheap Shot ability." lvl="1"/>
        <rank description="Gives you a 66% chance to add an additional combo point to your target when using your Ambush, Garrote, or Cheap Shot ability." lvl="2"/>
        <rank description="Gives you a 100% chance to add an additional combo point to your target when using your Ambush, Garrote, or Cheap Shot ability." lvl="3"/>
      </talent>
      <talent column="2" icon="ability_rogue_ambush" key="263" name="Improved Ambush" tier="3">
        <rank description="Increases the critical strike chance of your Ambush ability by 25%." lvl="1"/>
        <rank description="Increases the critical strike chance of your Ambush ability by 50%." lvl="2"/>
      </talent>
      <talent column="0" icon="ability_ambush" key="1701" name="Heightened Senses" tier="4">
        <rank description="Increases your Stealth detection and reduces the chance you are hit by spells and ranged attacks by 2%." lvl="1"/>
        <rank description="Increases your Stealth detection and reduces the chance you are hit by spells and ranged attacks by 4%.  More effective than Heightened Senses (Rank 1)." lvl="2"/>
      </talent>
      <talent column="1" icon="spell_shadow_antishadow" key="284" name="Preparation" tier="4">
        <rank description="When activated, this ability immediately finishes the cooldown on your Evasion, Sprint, Vanish, Cold Blood and Shadowstep abilities." lvl="1"/>
        <spell castTime="0" cooldown="480000"/>
      </talent>
      <talent column="2" icon="spell_shadow_summonsuccubus" key="265" name="Dirty Deeds" tier="4">
        <rank description="Reduces the Energy cost of your Cheap Shot and Garrote abilities by 10.  Additionally, your special abilities cause 10% more damage against targets below 35% health." lvl="1"/>
        <rank description="Reduces the Energy cost of your Cheap Shot and Garrote abilities by 20.  Additionally, your special abilities cause 20% more damage against targets below 35% health." lvl="2"/>
      </talent>
      <talent column="3" icon="spell_shadow_lifedrain" key="681" name="Hemorrhage" requires="1123" tier="4">
        <rank description="An instant strike that deals 110% weapon damage (160% if a dagger is equipped) and causes the target to hemorrhage, increasing any Physical damage dealt to the target by up to 13.  Lasts 10 charges or 15 sec.  Awards 1 combo point." lvl="1"/>
        <spell castTime="0" maxRange="5">
          <power cost="35" type="energy"/>
        </spell>
      </talent>
      <talent column="0" icon="ability_rogue_masterofsubtlety" key="1713" name="Master of Subtlety" tier="5">
        <rank description="Attacks made while stealthed and for 6 seconds after breaking stealth cause an additional 4% damage." lvl="1"/>
        <rank description="Attacks made while stealthed and for 6 seconds after breaking stealth cause an additional 7% damage." lvl="2"/>
        <rank description="Attacks made while stealthed and for 6 seconds after breaking stealth cause an additional 10% damage." lvl="3"/>
      </talent>
      <talent column="2" icon="inv_weapon_crossbow_11" key="1702" name="Deadliness" tier="5">
        <rank description="Increases your attack power by 2%." lvl="1"/>
        <rank description="Increases your attack power by 4%." lvl="2"/>
        <rank description="Increases your attack power by 6%." lvl="3"/>
        <rank description="Increases your attack power by 8%." lvl="4"/>
        <rank description="Increases your attack power by 10%." lvl="5"/>
      </talent>
      <talent column="0" icon="ability_rogue_envelopingshadows" key="1711" name="Enveloping Shadows" tier="6">
        <rank description="Reduces the damage taken by area of effect attacks by 10%." lvl="1"/>
        <rank description="Reduces the damage taken by area of effect attacks by 20%." lvl="2"/>
        <rank description="Reduces the damage taken by area of effect attacks by 30%." lvl="3"/>
      </talent>
      <talent column="1" icon="spell_shadow_possession" key="381" name="Premeditation" requires="284" tier="6">
        <rank description="When used, adds 2 combo points to your target.  You must add to or use those combo points within 20 sec or the combo points are lost." lvl="1"/>
        <spell castTime="0" cooldown="20000" maxRange="30"/>
      </talent>
      <talent column="2" icon="ability_rogue_cheatdeath" key="1722" name="Cheat Death" tier="6">
        <rank description="You have a 33% chance that an attack which would otherwise kill you will instead reduce you to 10% of your maximum health. In addition, all damage taken will be reduced by up to 90% for 3 sec (modified by resilience).  This effect cannot occur more than once per minute." lvl="1"/>
        <rank description="You have a 66% chance that an attack which would otherwise kill you will instead reduce you to 10% of your maximum health. In addition, all damage taken will be reduced by up to 90% for 3 sec (modified by resilience).  This effect cannot occur more than once per minute." lvl="2"/>
        <rank description="You have a 100% chance that an attack which would otherwise kill you will instead reduce you to 10% of your maximum health. In addition, all damage taken will be reduced by up to 90% for 3 sec (modified by resilience).  This effect cannot occur more than once per minute." lvl="3"/>
      </talent>
      <talent column="1" icon="ability_rogue_sinistercalling" key="1712" name="Sinister Calling" requires="381" tier="7">
        <rank description="Increases your total Agility by 3% and increases the percentage damage bonus of Backstab and Hemorrhage by an additional 2%." lvl="1"/>
        <rank description="Increases your total Agility by 6% and increases the percentage damage bonus of Backstab and Hemorrhage by an additional 4%." lvl="2"/>
        <rank description="Increases your total Agility by 9% and increases the percentage damage bonus of Backstab and Hemorrhage by an additional 6%." lvl="3"/>
        <rank description="Increases your total Agility by 12% and increases the percentage damage bonus of Backstab and Hemorrhage by an additional 8%." lvl="4"/>
        <rank description="Increases your total Agility by 15% and increases the percentage damage bonus of Backstab and Hemorrhage by an additional 10%." lvl="5"/>
      </talent>
      <talent column="2" icon="ability_rogue_waylay" key="2077" name="Waylay" tier="7">
        <rank description="Your Ambush and Backstab hits have a 50% chance to unbalance a target, increasing the time between their melee and ranged attacks by 20%, and reducing movement speed by 50% for 8 sec." lvl="1"/>
        <rank description="Your Ambush and Backstab hits have a 100% chance to unbalance a target, increasing the time between their melee and ranged attacks by 20%, and reducing movement speed by 50% for 8 sec." lvl="2"/>
      </talent>
      <talent column="0" icon="ability_rogue_honoramongstthieves" key="2078" name="Honor Among Thieves" tier="8">
        <rank description="When anyone in your group critically hits with a damage or healing spell or ability, you have a 33% chance to gain a combo point on your current target.  This effect cannot occur more than once every second." lvl="1"/>
        <rank description="When anyone in your group critically hits with a damage or healing spell or ability, you have a 66% chance to gain a combo point on your current target.  This effect cannot occur more than once every second." lvl="2"/>
        <rank description="When anyone in your group critically hits with a damage or healing spell or ability, you have a 100% chance to gain a combo point on your current target.  This effect cannot occur more than once every second." lvl="3"/>
      </talent>
      <talent column="1" icon="ability_rogue_shadowstep" key="1714" name="Shadowstep" tier="8">
        <rank description="Attempts to step through the shadows and reappear behind your enemy and increases movement speed by 70% for 3 sec.  The damage of your next ability is increased by 20% and the threat caused is reduced by 50%.  Lasts 10 sec." lvl="1"/>
        <spell castTime="0" cooldown="30000" maxRange="25">
          <power cost="10" type="energy"/>
        </spell>
      </talent>
      <talent column="2" icon="ability_rogue_wrongfullyaccused" key="2079" name="Filthy Tricks" tier="8">
        <rank description="Reduces the cooldown by 5 sec and energy cost by 5 of your Tricks of the Trade, Distract and Shadowstep abilities and reduces the cooldown of Preparation by 1.5 min." lvl="1"/>
        <rank description="Reduces the cooldown by 10 sec and energy cost by 10 of your Tricks of the Trade, Distract and Shadowstep abilities and reduces the cooldown of Preparation by 3 min." lvl="2"/>
      </talent>
      <talent column="1" icon="ability_rogue_slaughterfromtheshadows" key="2080" name="Slaughter from the Shadows" tier="9">
        <rank description="Reduces the energy cost of your Backstab and Ambush abilities by 4 and the energy cost of your Hemorrhage by 1, and increases all damage done by 1%." lvl="1"/>
        <rank description="Reduces the energy cost of your Backstab and Ambush abilities by 8 and the energy cost of your Hemorrhage by 2, and increases all damage done by 2%." lvl="2"/>
        <rank description="Reduces the energy cost of your Backstab and Ambush abilities by 12 and the energy cost of your Hemorrhage by 3, and increases all damage done by 3%." lvl="3"/>
        <rank description="Reduces the energy cost of your Backstab and Ambush abilities by 16 and the energy cost of your Hemorrhage by 4, and increases all damage done by 4%." lvl="4"/>
        <rank description="Reduces the energy cost of your Backstab and Ambush abilities by 20 and the energy cost of your Hemorrhage by 5, and increases all damage done by 5%." lvl="5"/>
      </talent>
      <talent column="1" icon="ability_rogue_shadowdance" key="2081" name="Shadow Dance" tier="10">
        <rank description="Enter the Shadow Dance for 6 sec, allowing the use of Sap, Garrote, Ambush, Cheap Shot, Premeditation, Pickpocket and Disarm Trap regardless of being stealthed." lvl="1"/>
        <spell castTime="0" cooldown="60000"/>
      </talent>
    </tree>
    <tree bgImage="RogueAssassination" icon="ability_rogue_eviscerate" key="Assassination" name="Assassination" order="0">
      <talent column="0" icon="ability_rogue_eviscerate" key="276" name="Improved Eviscerate" tier="0">
        <rank description="Increases the damage done by your Eviscerate ability by 7%." lvl="1"/>
        <rank description="Increases the damage done by your Eviscerate ability by 14%." lvl="2"/>
        <rank description="Increases the damage done by your Eviscerate ability by 20%." lvl="3"/>
      </talent>
      <talent column="1" icon="ability_fiegndead" key="272" name="Remorseless Attacks" tier="0">
        <rank description="After killing an opponent that yields experience or honor, gives you a 20% increased critical strike chance on your next Sinister Strike, Hemorrhage, Backstab, Mutilate, Ambush, or Ghostly Strike.  Lasts 20 sec." lvl="1"/>
        <rank description="After killing an opponent that yields experience or honor, gives you a 40% increased critical strike chance on your next Sinister Strike, Hemorrhage, Backstab, Mutilate, Ambush, or Ghostly Strike.  Lasts 20 sec." lvl="2"/>
      </talent>
      <talent column="2" icon="ability_racial_bloodrage" key="270" name="Malice" tier="0">
        <rank description="Increases your critical strike chance by 1%." lvl="1"/>
        <rank description="Increases your critical strike chance by 2%." lvl="2"/>
        <rank description="Increases your critical strike chance by 3%." lvl="3"/>
        <rank description="Increases your critical strike chance by 4%." lvl="4"/>
        <rank description="Increases your critical strike chance by 5%." lvl="5"/>
      </talent>
      <talent column="0" icon="ability_druid_disembowel" key="273" name="Ruthlessness" tier="1">
        <rank description="Gives your melee finishing moves a 20% chance to add a combo point to your target." lvl="1"/>
        <rank description="Gives your melee finishing moves a 40% chance to add a combo point to your target." lvl="2"/>
        <rank description="Gives your melee finishing moves a 60% chance to add a combo point to your target." lvl="3"/>
      </talent>
      <talent column="1" icon="ability_rogue_bloodsplatter" key="2068" name="Blood Spatter" tier="1">
        <rank description="Increases the damage caused by your Garrote and Rupture abilities by 15%." lvl="1"/>
        <rank description="Increases the damage caused by your Garrote and Rupture abilities by 30%." lvl="2"/>
      </talent>
      <talent column="3" icon="ability_backstab" key="277" name="Puncturing Wounds" tier="1">
        <rank description="Increases the critical strike chance of your Backstab ability by 10%, and the critical strike chance of your Mutilate ability by 5%." lvl="1"/>
        <rank description="Increases the critical strike chance of your Backstab ability by 20%, and the critical strike chance of your Mutilate ability by 10%." lvl="2"/>
        <rank description="Increases the critical strike chance of your Backstab ability by 30%, and the critical strike chance of your Mutilate ability by 15%." lvl="3"/>
      </talent>
      <talent column="0" icon="spell_nature_earthbindtotem" key="382" name="Vigor" tier="2">
        <rank description="Increases your maximum Energy by 10." lvl="1"/>
      </talent>
      <talent column="1" icon="ability_warrior_riposte" key="278" name="Improved Expose Armor" tier="2">
        <rank description="Reduces the energy cost of your Expose Armor ability by 5." lvl="1"/>
        <rank description="Reduces the energy cost of your Expose Armor ability by 10." lvl="2"/>
      </talent>
      <talent column="2" icon="ability_criticalstrike" key="269" name="Lethality" requires="270" tier="2">
        <rank description="Increases the critical strike damage bonus of all combo point-generating abilities that do not require stealth by 6%." lvl="1"/>
        <rank description="Increases the critical strike damage bonus of all combo point-generating abilities that do not require stealth by 12%." lvl="2"/>
        <rank description="Increases the critical strike damage bonus of all combo point-generating abilities that do not require stealth by 18%." lvl="3"/>
        <rank description="Increases the critical strike damage bonus of all combo point-generating abilities that do not require stealth by 24%." lvl="4"/>
        <rank description="Increases the critical strike damage bonus of all combo point-generating abilities that do not require stealth by 30%." lvl="5"/>
      </talent>
      <talent column="1" icon="ability_rogue_feigndeath" key="682" name="Vile Poisons" tier="3">
        <rank description="Increases the damage dealt by your poisons and Envenom ability by 7% and gives your damage over time poisons an additional 10% chance to resist dispel effects." lvl="1"/>
        <rank description="Increases the damage dealt by your poisons and Envenom ability by 14% and gives your damage over time poisons an additional 20% chance to resist dispel effects." lvl="2"/>
        <rank description="Increases the damage dealt by your poisons and Envenom ability by 20% and gives your damage over time poisons an additional 30% chance to resist dispel effects." lvl="3"/>
      </talent>
      <talent column="2" icon="ability_poisons" key="268" name="Improved Poisons" tier="3">
        <rank description="Increases the chance to apply Deadly Poison to your target by 4% and the frequency of applying Instant Poison to your target by 10%." lvl="1"/>
        <rank description="Increases the chance to apply Deadly Poison to your target by 8% and the frequency of applying Instant Poison to your target by 20%." lvl="2"/>
        <rank description="Increases the chance to apply Deadly Poison to your target by 12% and the frequency of applying Instant Poison to your target by 30%." lvl="3"/>
        <rank description="Increases the chance to apply Deadly Poison to your target by 16% and the frequency of applying Instant Poison to your target by 40%." lvl="4"/>
        <rank description="Increases the chance to apply Deadly Poison to your target by 20% and the frequency of applying Instant Poison to your target by 50%." lvl="5"/>
      </talent>
      <talent column="0" icon="ability_rogue_fleetfooted" key="1721" name="Fleet Footed" tier="4">
        <rank description="Reduces the duration of all movement impairing effects by 15% and increases your movement speed by 8%.  This does not stack with other movement speed increasing effects." lvl="1"/>
        <rank description="Reduces the duration of all movement impairing effects by 30% and increases your movement speed by 15%.  This does not stack with other movement speed increasing effects." lvl="2"/>
      </talent>
      <talent column="1" icon="spell_ice_lament" key="280" name="Cold Blood" tier="4">
        <rank description="When activated, increases the critical strike chance of your next offensive ability by 100%." lvl="1"/>
        <spell castTime="0" cooldown="180000"/>
      </talent>
      <talent column="2" icon="ability_rogue_kidneyshot" key="279" name="Improved Kidney Shot" tier="4">
        <rank description="While affected by your Kidney Shot ability, the target receives an additional 3% damage from all sources." lvl="1"/>
        <rank description="While affected by your Kidney Shot ability, the target receives an additional 6% damage from all sources." lvl="2"/>
        <rank description="While affected by your Kidney Shot ability, the target receives an additional 9% damage from all sources." lvl="3"/>
      </talent>
      <talent column="3" icon="ability_rogue_quickrecovery" key="1762" name="Quick Recovery" tier="4">
        <rank description="All healing effects on you are increased by 10%.  In addition, your finishing moves refund 40% of their Energy cost when they fail to hit." lvl="1"/>
        <rank description="All healing effects on you are increased by 20%.  In addition, your finishing moves refund 80% of their Energy cost when they fail to hit." lvl="2"/>
      </talent>
      <talent column="1" icon="spell_shadow_chilltouch" key="283" name="Seal Fate" requires="280" tier="5">
        <rank description="Your critical strikes from abilities that add combo points have a 20% chance to add an additional combo point." lvl="1"/>
        <rank description="Your critical strikes from abilities that add combo points have a 40% chance to add an additional combo point." lvl="2"/>
        <rank description="Your critical strikes from abilities that add combo points have a 60% chance to add an additional combo point." lvl="3"/>
        <rank description="Your critical strikes from abilities that add combo points have a 80% chance to add an additional combo point." lvl="4"/>
        <rank description="Your critical strikes from abilities that add combo points have a 100% chance to add an additional combo point." lvl="5"/>
      </talent>
      <talent column="2" icon="spell_shadow_deathscream" key="274" name="Murder" tier="5">
        <rank description="Increases all damage caused by 2%." lvl="1"/>
        <rank description="Increases all damage caused by 4%." lvl="2"/>
      </talent>
      <talent column="0" icon="ability_rogue_deadlybrew" key="2065" name="Deadly Brew" tier="6">
        <rank description="When you apply Instant, Wound or Mind-Numbing poison to a target, you have a 50% chance to apply Crippling poison." lvl="1"/>
        <rank description="When you apply Instant, Wound or Mind-Numbing poison to a target, you have a 100% chance to apply Crippling poison." lvl="2"/>
      </talent>
      <talent column="1" icon="ability_hunter_rapidkilling" key="281" name="Overkill" tier="6">
        <rank description="While stealthed, and for 20 seconds after breaking stealth, you regenerate 30% additional energy." lvl="1"/>
      </talent>
      <talent column="2" icon="ability_rogue_deadenednerves" key="1723" name="Deadened Nerves" tier="6">
        <rank description="Reduces all damage taken by 2%." lvl="1"/>
        <rank description="Reduces all damage taken by 4%." lvl="2"/>
        <rank description="Reduces all damage taken by 6%." lvl="3"/>
      </talent>
      <talent column="0" icon="ability_rogue_focusedattacks" key="2069" name="Focused Attacks" tier="7">
        <rank description="Your melee critical strikes have a 33% chance to give you 2 energy." lvl="1"/>
        <rank description="Your melee critical strikes have a 66% chance to give you 2 energy." lvl="2"/>
        <rank description="Your melee critical strikes have a 100% chance to give you 2 energy." lvl="3"/>
      </talent>
      <talent column="2" icon="ability_rogue_findweakness" key="1718" name="Find Weakness" tier="7">
        <rank description="Offensive ability damage increased by 2%." lvl="1"/>
        <rank description="Offensive ability damage increased by 4%." lvl="2"/>
        <rank description="Offensive ability damage increased by 6%." lvl="3"/>
      </talent>
      <talent column="0" icon="ability_creature_poison_06" key="1715" name="Master Poisoner" tier="8">
        <rank description="Increases the critical hit chance of all attacks made against any target you have poisoned by 1%, reduces the duration of all Poison effects applied to you by 17%, and gives Envenom a 33% chance not to consume Deadly Poison." lvl="1"/>
        <rank description="Increases the critical hit chance of all attacks made against any target you have poisoned by 2%, reduces the duration of all Poison effects applied to you by 34%, and gives Envenom a 66% chance not to consume Deadly Poison." lvl="2"/>
        <rank description="Increases the critical hit chance of all attacks made against any target you have poisoned by 3%, reduces the duration of all Poison effects applied to you by 50%, and gives Envenom a 100% chance not to consume Deadly Poison." lvl="3"/>
      </talent>
      <talent column="1" icon="ability_rogue_shadowstrikes" key="1719" name="Mutilate" requires="281" tier="8">
        <rank description="Instantly attacks with both weapons for 100% weapon damage plus an additional 44 with each weapon.  Damage is increased by 20% against Poisoned targets.  Awards 2 combo points." lvl="1"/>
        <spell castTime="0" maxRange="5">
          <power cost="60" type="energy"/>
        </spell>
      </talent>
      <talent column="2" icon="ability_rogue_turnthetables" key="2066" name="Turn the Tables" tier="8">
        <rank description="Whenever anyone in your party or raid blocks, dodges, or parries an attack your chance to critically hit with all combo moves is increased by 2% for 8 sec." lvl="1"/>
        <rank description="Whenever anyone in your party or raid blocks, dodges, or parries an attack your chance to critically hit with all combo moves is increased by 4% for 8 sec." lvl="2"/>
        <rank description="Whenever anyone in your party or raid blocks, dodges, or parries an attack your chance to critically hit with all combo moves is increased by 6% for 8 sec." lvl="3"/>
      </talent>
      <talent column="1" icon="ability_rogue_cuttothechase" key="2070" name="Cut to the Chase" tier="9">
        <rank description="Your Eviscerate and Envenom abilities have a 20% chance to refresh your Slice and Dice duration to its 5 combo point maximum." lvl="1"/>
        <rank description="Your Eviscerate and Envenom abilities have a 40% chance to refresh your Slice and Dice duration to its 5 combo point maximum." lvl="2"/>
        <rank description="Your Eviscerate and Envenom abilities have a 60% chance to refresh your Slice and Dice duration to its 5 combo point maximum." lvl="3"/>
        <rank description="Your Eviscerate and Envenom abilities have a 80% chance to refresh your Slice and Dice duration to its 5 combo point maximum." lvl="4"/>
        <rank description="Your Eviscerate and Envenom abilities have a 100% chance to refresh your Slice and Dice duration to its 5 combo point maximum." lvl="5"/>
      </talent>
      <talent column="1" icon="ability_rogue_hungerforblood" key="2071" name="Hunger For Blood" tier="10">
        <rank description="Enrages you, increasing all damage caused by 5%.  Requires a bleed effect to be active on the target.  Lasts 1 min." lvl="1"/>
        <spell castTime="0" maxRange="30">
          <power cost="15" type="energy"/>
        </spell>
      </talent>
    </tree>
  </talentTrees>
</page>
