<?xml version="1.0" encoding="UTF-8"?><page globalSearch="1" lang="fr_fr" requestUrl="/talent-tree.xml">
  <talentTrees>
    <tree bgImage="MageFrost" icon="spell_frost_frostbolt02" key="Frost" name="Givre" order="2">
      <talent column="0" icon="spell_frost_frostarmor" key="38" name="Morsure de givre" tier="0">
        <rank description="Donne à vos effets d'engourdissement 5% de chances de geler la cible pendant 5 sec." lvl="1"/>
        <rank description="Donne à vos effets d'engourdissement 10% de chances de geler la cible pendant 5 sec." lvl="2"/>
        <rank description="Donne à vos effets d'engourdissement 15% de chances de geler la cible pendant 5 sec." lvl="3"/>
      </talent>
      <talent column="1" icon="spell_frost_frostbolt02" key="37" name="Eclair de givre amélioré" tier="0">
        <rank description="Réduit le temps d'incantation de votre sort Eclair de givre de 0.1 sec." lvl="1"/>
        <rank description="Réduit le temps d'incantation de votre sort Eclair de givre de 0.2 sec." lvl="2"/>
        <rank description="Réduit le temps d'incantation de votre sort Eclair de givre de 0.3 sec." lvl="3"/>
        <rank description="Réduit le temps d'incantation de votre sort Eclair de givre de 0.4 sec." lvl="4"/>
        <rank description="Réduit le temps d'incantation de votre sort Eclair de givre de 0.5 sec." lvl="5"/>
      </talent>
      <talent column="2" icon="spell_frost_icefloes" key="62" name="Iceberg" tier="0">
        <rank description="Réduit de 7% le temps de recharge de vos sorts Nova de givre, Cône de froid, Bloc de glace et Veines glaciales." lvl="1"/>
        <rank description="Réduit de 14% le temps de recharge de vos sorts Nova de givre, Cône de froid, Bloc de glace et Veines glaciales." lvl="2"/>
        <rank description="Réduit de 20% le temps de recharge de vos sorts Nova de givre, Cône de froid, Bloc de glace et Veines glaciales." lvl="3"/>
      </talent>
      <talent column="0" icon="spell_frost_iceshard" key="73" name="Eclats de glace" tier="1">
        <rank description="Augmente de 33% les points de dégâts supplémentaires infligés par les coups critiques de vos sorts de Givre." lvl="1"/>
        <rank description="Augmente de 66% les points de dégâts supplémentaires infligés par les coups critiques de vos sorts de Givre." lvl="2"/>
        <rank description="Augmente de 100% les points de dégâts supplémentaires infligés par les coups critiques de vos sorts de Givre." lvl="3"/>
      </talent>
      <talent column="1" icon="spell_frost_frostward" key="70" name="Protection contre le Givre" tier="1">
        <rank description="Augmente de 25% l'armure et les résistances octroyées par vos sorts Armure de givre et Armure de glace. De plus, donne à vos sorts Gardien de givre et Gardien de feu 15% de chances d'absorber les dégâts des sorts et de rendre un montant de mana égal aux dégâts absorbés." lvl="1"/>
        <rank description="Augmente de 50% l'armure et les résistances octroyées par vos sorts Armure de givre et Armure de glace. De plus, donne à vos sorts Gardien de givre et Gardien de feu 30% de chances d'absorber les dégâts des sorts et de rendre un montant de mana égal aux dégâts absorbés." lvl="2"/>
      </talent>
      <talent column="2" icon="spell_ice_magicdamage" key="1649" name="Précision" tier="1">
        <rank description="Réduit le coût en mana et augmente vos chances de toucher avec les sorts de 1%." lvl="1"/>
        <rank description="Réduit le coût en mana et augmente vos chances de toucher avec les sorts de 2%." lvl="2"/>
        <rank description="Réduit le coût en mana et augmente vos chances de toucher avec les sorts de 3%." lvl="3"/>
      </talent>
      <talent column="3" icon="spell_frost_wisp" key="65" name="Gel prolongé" tier="1">
        <rank description="Augmente la durée de vos effets d'engourdissement de 1 seconde, réduit la vitesse de la cible de 4% supplémentaires et réduit les soins qu'elle reçoit de 7%." lvl="1"/>
        <rank description="Augmente la durée de vos effets d'engourdissement de 2 secondes, réduit la vitesse de la cible de 7% supplémentaires et réduit les soins qu'elle reçoit de 13%." lvl="2"/>
        <rank description="Augmente la durée de vos effets d'engourdissement de 3 secondes, réduit la vitesse de la cible de 10% supplémentaires et réduit les soins qu'elle reçoit de 20%." lvl="3"/>
      </talent>
      <talent column="0" icon="spell_frost_frostbolt" key="61" name="Glace perçante" tier="2">
        <rank description="Augmente les points de dégâts infligés par vos sorts de Givre de 2%." lvl="1"/>
        <rank description="Augmente les points de dégâts infligés par vos sorts de Givre de 4%." lvl="2"/>
        <rank description="Augmente les points de dégâts infligés par vos sorts de Givre de 6%." lvl="3"/>
      </talent>
      <talent column="1" icon="spell_frost_coldhearted" key="69" name="Veines glaciales" tier="2">
        <rank description="Accélère vos lancers de sorts en augmentant la vitesse d'incantation des sorts de 20% et réduit de 100% les interruptions causées par les attaques infligeant des dégâts pendant les incantations. Dure 20 sec." lvl="1"/>
        <spell castTime="0" cooldown="180000">
          <power cost="3" type="mana"/>
        </spell>
      </talent>
      <talent column="2" icon="spell_frost_icestorm" key="63" name="Blizzard amélioré" tier="2">
        <rank description="Ajoute un effet d'engourdissement à votre sort Blizzard. Il réduit la vitesse de déplacement de la cible de 25%. Dure 1.50 sec.." lvl="1"/>
        <rank description="Ajoute un effet d'engourdissement à votre sort Blizzard. Il réduit la vitesse de déplacement de la cible de 40%. Dure 1.50 sec.." lvl="2"/>
        <rank description="Ajoute un effet d'engourdissement à votre sort Blizzard. Il réduit la vitesse de déplacement de la cible de 50%. Dure 1.50 sec.." lvl="3"/>
      </talent>
      <talent column="0" icon="spell_shadow_darkritual" key="741" name="Allonge arctique" tier="3">
        <rank description="Augmente la portée de vos sorts Eclair de givre, Javelot de glace, Congélation et Blizzard et les rayons d'effet de vos sorts Nova de givre et Cône de froid de 10%." lvl="1"/>
        <rank description="Augmente la portée de vos sorts Eclair de givre, Javelot de glace, Congélation et Blizzard et les rayons d'effet de vos sorts Nova de givre et Cône de froid de 20%." lvl="2"/>
      </talent>
      <talent column="1" icon="spell_frost_stun" key="66" name="Canalisation du givre" tier="3">
        <rank description="Réduit de 4% le coût en mana de tous vos sorts et réduit de 4% la menace que génèrent vos sorts de Givre." lvl="1"/>
        <rank description="Réduit de 7% le coût en mana de tous vos sorts et réduit de 7% la menace que génèrent vos sorts de Givre." lvl="2"/>
        <rank description="Réduit de 10% le coût en mana de tous vos sorts et réduit de 10% la menace que génèrent vos sorts de Givre." lvl="3"/>
      </talent>
      <talent column="2" icon="spell_frost_frostshock" key="67" name="Fracasser" tier="3">
        <rank description="Augmente de 17% vos chances d'infliger un coup critique avec tous les sorts lorsque vous attaquez des cibles gelées." lvl="1"/>
        <rank description="Augmente de 34% vos chances d'infliger un coup critique avec tous les sorts lorsque vous attaquez des cibles gelées." lvl="2"/>
        <rank description="Augmente de 50% vos chances d'infliger un coup critique avec tous les sorts lorsque vous attaquez des cibles gelées." lvl="3"/>
      </talent>
      <talent column="1" icon="spell_frost_wizardmark" key="72" name="Morsure du froid" tier="4">
        <rank description="Lorsqu'il est activé, ce sort met fin à tous les temps de recharge des sorts de Givre que vous avez lancés récemment." lvl="1"/>
        <spell castTime="0" cooldown="480000"/>
      </talent>
      <talent column="2" icon="spell_frost_glacier" key="64" name="Cône de froid amélioré" tier="4">
        <rank description="Augmente de 15% les points de dégâts infligés par votre sort Cône de froid." lvl="1"/>
        <rank description="Augmente de 25% les points de dégâts infligés par votre sort Cône de froid." lvl="2"/>
        <rank description="Augmente de 35% les points de dégâts infligés par votre sort Cône de froid." lvl="3"/>
      </talent>
      <talent column="3" icon="spell_frost_frozencore" key="1736" name="Coeur de gel" tier="4">
        <rank description="Réduit les dégâts que vous infligent tous les sorts de 2%." lvl="1"/>
        <rank description="Réduit les dégâts que vous infligent tous les sorts de 4%." lvl="2"/>
        <rank description="Réduit les dégâts que vous infligent tous les sorts de 6%." lvl="3"/>
      </talent>
      <talent column="0" icon="ability_mage_coldasice" key="1737" name="Froid comme la glace" requires="72" tier="5">
        <rank description="Réduit de 10% le temps de recharge de vos sorts Morsure du froid, Barrière de glace et Invocation d'un élémentaire d'eau." lvl="1"/>
        <rank description="Réduit de 20% le temps de recharge de vos sorts Morsure du froid, Barrière de glace et Invocation d'un élémentaire d'eau." lvl="2"/>
      </talent>
      <talent column="2" icon="spell_frost_chillingblast" key="68" name="Froid hivernal" tier="5">
        <rank description="Augmente de 1% vos chances de réussir un coup critique avec Eclair de givre et vos sorts de Givre infligeant des dégâts ont 33% de chances de déclencher l’effet de Froid hivernal, qui augmente les chances de critique des sorts de 1% pendant 15 sec. Cumulable jusqu’à 5 fois." lvl="1"/>
        <rank description="Augmente de 2% vos chances de réussir un coup critique avec Eclair de givre et vos sorts de Givre infligeant des dégâts ont 66% de chances de déclencher l’effet de Froid hivernal, qui augmente les chances de critique des sorts de 1% pendant 15 sec. Cumulable jusqu’à 5 fois." lvl="2"/>
        <rank description="Augmente de 3% vos chances de réussir un coup critique avec Eclair de givre et vos sorts de Givre infligeant des dégâts ont 100% de chances de déclencher l’effet de Froid hivernal, qui augmente les chances de critique des sorts de 1% pendant 15 sec. Cumulable jusqu’à 5 fois." lvl="3"/>
      </talent>
      <talent column="0" icon="ability_mage_shattershield" key="2214" name="Barrière brisée" requires="71" tier="6">
        <rank description="Confère à votre sort Barrière de glace 50% de chances de geler tous les ennemis se trouvant à moins de 10 mètres pendant 8 sec quand la barrière est détruite." lvl="1"/>
        <rank description="Confère à votre sort Barrière de glace 100% de chances de geler tous les ennemis se trouvant à moins de 10 mètres pendant 8 sec quand la barrière est détruite." lvl="2"/>
      </talent>
      <talent column="1" icon="spell_ice_lament" key="71" name="Barrière de glace" requires="72" tier="6">
        <rank description="Vous protège instantanément en absorbant 438 points de dégâts. Dure 1 min. Tant que le bouclier tient, l'incantation de sorts n'est pas retardée par les dégâts." lvl="1"/>
        <spell castTime="0" cooldown="30000">
          <power cost="21" type="mana"/>
        </spell>
      </talent>
      <talent column="2" icon="spell_frost_arcticwinds" key="1738" name="Vents arctiques" tier="6">
        <rank description="Augmente tous les dégâts de Givre que vous causez de 1% et réduit la probabilité que les attaques en mêlée et à distance vous touchent de 1%." lvl="1"/>
        <rank description="Augmente tous les dégâts de Givre que vous causez de 2% et réduit la probabilité que les attaques en mêlée et à distance vous touchent de 2%." lvl="2"/>
        <rank description="Augmente tous les dégâts de Givre que vous causez de 3% et réduit la probabilité que les attaques en mêlée et à distance vous touchent de 3%." lvl="3"/>
        <rank description="Augmente tous les dégâts de Givre que vous causez de 4% et réduit la probabilité que les attaques en mêlée et à distance vous touchent de 4%." lvl="4"/>
        <rank description="Augmente tous les dégâts de Givre que vous causez de 5% et réduit la probabilité que les attaques en mêlée et à distance vous touchent de 5%." lvl="5"/>
      </talent>
      <talent column="1" icon="spell_frost_frostbolt02" key="1740" name="Eclair de givre surpuissant" tier="7">
        <rank description="Augmente les dégâts de votre sort Eclair de givre d'un montant égal à 5% de votre puissance des sorts et réduit son temps d'incantation de 0.1 sec." lvl="1"/>
        <rank description="Augmente les dégâts de votre sort Eclair de givre d'un montant égal à 10% de votre puissance des sorts et réduit son temps d'incantation de 0.2 sec." lvl="2"/>
      </talent>
      <talent column="2" icon="ability_mage_wintersgrasp" key="1853" name="Doigts de givre" tier="7">
        <rank description="Donne à vos effets d'engourdissement 7% de chances de déclencher l’effet Doigts de givre, qui permet à vos 2 prochains sorts d'agir comme si la cible était Gelée. Dure 15 sec." lvl="1"/>
        <rank description="Donne à vos effets d'engourdissement 15% de chances de déclencher l’effet Doigts de givre, qui permet à vos 2 prochains sorts d'agir comme si la cible était Gelée. Dure 15 sec." lvl="2"/>
      </talent>
      <talent column="0" icon="ability_mage_brainfreeze" key="1854" name="Gel mental" tier="8">
        <rank description="Vos sorts de Givre infligeant des dégâts et pouvant transir ont 5% de chances de supprimer le temps d'incantation et le coût en mana de votre prochain sort Boule de feu ou Eclair de givrefeu." lvl="1"/>
        <rank description="Vos sorts de Givre infligeant des dégâts et pouvant transir ont 10% de chances de supprimer le temps d'incantation et le coût en mana de votre prochain sort Boule de feu ou Eclair de givrefeu." lvl="2"/>
        <rank description="Vos sorts de Givre infligeant des dégâts et pouvant transir ont 15% de chances de supprimer le temps d'incantation et le coût en mana de votre prochain sort Boule de feu ou Eclair de givrefeu." lvl="3"/>
      </talent>
      <talent column="1" icon="spell_frost_summonwaterelemental_2" key="1741" name="Invocation d'un élémentaire d'eau" tier="8">
        <rank description="Invoque un élémentaire d'eau qui se bat pour le lanceur de sorts pendant 45 sec." lvl="1"/>
        <spell castTime="0" cooldown="180000">
          <power cost="16" type="mana"/>
        </spell>
      </talent>
      <talent column="2" icon="spell_frost_summonwaterelemental_2" key="1855" name="Hiver persistant" requires="1741" tier="8">
        <rank description="Augmente la durée de votre sort Invocation d'un élémentaire d'eau de 5 sec. et votre sort Eclair de givre a 33% de chances de conférer l'effet de Requinquage à un maximum de 10 membres du groupe ou raid avec une régénération de mana égale à 1% de leur maximum de mana toutes les 5 secondes pendant 15 sec. Cet effet ne peut se produire plus d'une fois toutes les 6 sec." lvl="1"/>
        <rank description="Augmente la durée de votre sort Invocation d'un élémentaire d'eau de 10 sec. et votre sort Eclair de givre a 66% de chances de conférer l'effet de Requinquage à un maximum de 10 membres du groupe ou raid avec une régénération de mana égale à 1% de leur maximum de mana toutes les 5 secondes pendant 15 sec. Cet effet ne peut se produire plus d'une fois toutes les 6 sec." lvl="2"/>
        <rank description="Augmente la durée de votre sort Invocation d'un élémentaire d'eau de 15 sec. et votre sort Eclair de givre a 100% de chances de conférer l'effet de Requinquage à un maximum de 10 membres du groupe ou raid avec une régénération de mana égale à 1% de leur maximum de mana toutes les 5 secondes pendant 15 sec. Cet effet ne peut se produire plus d'une fois toutes les 6 sec." lvl="3"/>
      </talent>
      <talent column="1" icon="ability_mage_chilledtothebone" key="1856" name="Transi jusqu'aux os" tier="9">
        <rank description="Augmente les points de dégâts infligés par vos sorts Eclair de givre, Eclair de givrefeu et Javelot de glace de 1% et réduit la vitesse de déplacement de toutes les cibles transies de 2% supplémentaires." lvl="1"/>
        <rank description="Augmente les points de dégâts infligés par vos sorts Eclair de givre, Eclair de givrefeu et Javelot de glace de 2% et réduit la vitesse de déplacement de toutes les cibles transies de 4% supplémentaires." lvl="2"/>
        <rank description="Augmente les points de dégâts infligés par vos sorts Eclair de givre, Eclair de givrefeu et Javelot de glace de 3% et réduit la vitesse de déplacement de toutes les cibles transies de 6% supplémentaires." lvl="3"/>
        <rank description="Augmente les points de dégâts infligés par vos sorts Eclair de givre, Eclair de givrefeu et Javelot de glace de 4% et réduit la vitesse de déplacement de toutes les cibles transies de 8% supplémentaires." lvl="4"/>
        <rank description="Augmente les points de dégâts infligés par vos sorts Eclair de givre, Eclair de givrefeu et Javelot de glace de 5% et réduit la vitesse de déplacement de toutes les cibles transies de 10% supplémentaires." lvl="5"/>
      </talent>
      <talent column="1" icon="ability_mage_deepfreeze" key="1857" name="Congélation" tier="10">
        <rank description="Etourdit la cible pendant 5 sec. Utilisable uniquement sur les cibles gelées. Inflige de 1469 à 1741 points de dégâts aux cibles insensibles de manière permanente aux étourdissements." lvl="1"/>
        <spell castTime="0" cooldown="30000" maxRange="30">
          <power cost="9" type="mana"/>
        </spell>
      </talent>
    </tree>
    <tree bgImage="MageFire" icon="spell_fire_firebolt02" key="Fire" name="Feu" order="1">
      <talent column="0" icon="spell_fire_fireball" key="27" name="Trait de feu amélioré" tier="0">
        <rank description="Réduit le temps de recharge de votre sort Trait de feu de 1 secondes." lvl="1"/>
        <rank description="Réduit le temps de recharge de votre sort Trait de feu de 2 secondes." lvl="2"/>
      </talent>
      <talent column="1" icon="spell_fire_flameshock" key="1141" name="Incinération" tier="0">
        <rank description="Augmente de 2% les chances d'infliger un coup critique avec vos sorts Trait de feu, Brûlure, Déflagration des arcanes et Cône de froid." lvl="1"/>
        <rank description="Augmente de 4% les chances d'infliger un coup critique avec vos sorts Trait de feu, Brûlure, Déflagration des arcanes et Cône de froid." lvl="2"/>
        <rank description="Augmente de 6% les chances d'infliger un coup critique avec vos sorts Trait de feu, Brûlure, Déflagration des arcanes et Cône de froid." lvl="3"/>
      </talent>
      <talent column="2" icon="spell_fire_flamebolt" key="26" name="Boule de feu améliorée" tier="0">
        <rank description="Réduit le temps d'incantation de votre sort Boule de feu de 0.1 secondes." lvl="1"/>
        <rank description="Réduit le temps d'incantation de votre sort Boule de feu de 0.2 secondes." lvl="2"/>
        <rank description="Réduit le temps d'incantation de votre sort Boule de feu de 0.3 secondes." lvl="3"/>
        <rank description="Réduit le temps d'incantation de votre sort Boule de feu de 0.4 secondes." lvl="4"/>
        <rank description="Réduit le temps d'incantation de votre sort Boule de feu de 0.5 secondes." lvl="5"/>
      </talent>
      <talent column="0" icon="spell_fire_incinerate" key="34" name="Enflammer" tier="1">
        <rank description="Les coups critiques causés par vos sorts de Feu enflamment la cible, ce qui lui inflige un montant de dégâts supplémentaire égal à 8% des dégâts de votre sort en 4 sec." lvl="1"/>
        <rank description="Les coups critiques causés par vos sorts de Feu enflamment la cible, ce qui lui inflige un montant de dégâts supplémentaire égal à 16% des dégâts de votre sort en 4 sec." lvl="2"/>
        <rank description="Les coups critiques causés par vos sorts de Feu enflamment la cible, ce qui lui inflige un montant de dégâts supplémentaire égal à 24% des dégâts de votre sort en 4 sec." lvl="3"/>
        <rank description="Les coups critiques causés par vos sorts de Feu enflamment la cible, ce qui lui inflige un montant de dégâts supplémentaire égal à 32% des dégâts de votre sort en 4 sec." lvl="4"/>
        <rank description="Les coups critiques causés par vos sorts de Feu enflamment la cible, ce qui lui inflige un montant de dégâts supplémentaire égal à 40% des dégâts de votre sort en 4 sec." lvl="5"/>
      </talent>
      <talent column="1" icon="spell_fire_totemofwrath" key="2212" name="Détermination brûlante" tier="1">
        <rank description="Quand vous êtes interrompu ou réduit au silence, vous avez 50% de chances de devenir insensible au prochain mécanisme d'interruption ou de silence. Dure 20 sec." lvl="1"/>
        <rank description="Quand vous êtes interrompu ou réduit au silence, vous avez 100% de chances de devenir insensible au prochain mécanisme d'interruption ou de silence. Dure 20 sec." lvl="2"/>
      </talent>
      <talent column="2" icon="ability_mage_worldinflames" key="31" name="Monde en flammes" tier="1">
        <rank description="Augmente de 2% vos chances de réaliser un coup critique avec vos sorts Choc de flammes, Explosion pyrotechnique, Vague explosive, Souffle du dragon, Bombe vivante, Blizzard et Explosion des arcanes." lvl="1"/>
        <rank description="Augmente de 4% vos chances de réaliser un coup critique avec vos sorts Choc de flammes, Explosion pyrotechnique, Vague explosive, Souffle du dragon, Bombe vivante, Blizzard et Explosion des arcanes." lvl="2"/>
        <rank description="Augmente de 6% vos chances de réaliser un coup critique avec vos sorts Choc de flammes, Explosion pyrotechnique, Vague explosive, Souffle du dragon, Bombe vivante, Blizzard et Explosion des arcanes." lvl="3"/>
      </talent>
      <talent column="0" icon="spell_fire_flare" key="28" name="Jet de flammes" tier="2">
        <rank description="Augmente la portée de tous les sorts de Feu excepté Eclair de givrefeu de 3 mètres." lvl="1"/>
        <rank description="Augmente la portée de tous les sorts de Feu excepté Eclair de givrefeu de 6 mètres." lvl="2"/>
      </talent>
      <talent column="1" icon="spell_fire_meteorstorm" key="30" name="Impact" tier="2">
        <rank description="Confère 4% de chances à vos sorts de dégâts de permettre à votre prochain Trait de feu d'étourdir la cible pendant 2 sec." lvl="1"/>
        <rank description="Confère 7% de chances à vos sorts de dégâts de permettre à votre prochain Trait de feu d'étourdir la cible pendant 2 sec." lvl="2"/>
        <rank description="Confère 10% de chances à vos sorts de dégâts de permettre à votre prochain Trait de feu d'étourdir la cible pendant 2 sec." lvl="3"/>
      </talent>
      <talent column="2" icon="spell_fire_fireball02" key="29" name="Explosion pyrotechnique" tier="2">
        <rank description="Lance un immense rocher enflammé qui inflige 141 à 187 points de dégâts de Feu et 56 points de dégâts de Feu supplémentaires en 12 sec." lvl="1"/>
        <spell castTime="5000" maxRange="35">
          <power cost="22" type="mana"/>
        </spell>
      </talent>
      <talent column="3" icon="spell_fire_fire" key="23" name="Ame ardente" tier="2">
        <rank description="Réduit l'interruption causée par les attaques infligeant des dégâts pendant que vous incantez des sorts de Feu de 35% et réduit la menace générée par vos sorts de Feu de 10%." lvl="1"/>
        <rank description="Réduit l'interruption causée par les attaques infligeant des dégâts pendant que vous incantez des sorts de Feu de 70% et réduit la menace générée par vos sorts de Feu de 20%." lvl="2"/>
      </talent>
      <talent column="0" icon="spell_fire_soulburn" key="25" name="Brûlure améliorée" tier="3">
        <rank description="Augmente vos chances de coup critique avec Brûlure, Boule de feu et Eclair de givrefeu de 1% supplémentaires et vos sorts de Brûlure infligeant des dégâts ont 33% de chances de rendre votre cible vulnérable aux dégâts de sorts. Cette vulnérabilité augmente les chances de coup critique avec les sorts contre cette cible de 5% et dure 30 sec." lvl="1"/>
        <rank description="Augmente vos chances de coup critique avec Brûlure, Boule de feu et Eclair de givrefeu de 2% supplémentaires et vos sorts de Brûlure infligeant des dégâts ont 66% de chances de rendre votre cible vulnérable aux dégâts de sorts. Cette vulnérabilité augmente les chances de coup critique avec les sorts contre cette cible de 5% et dure 30 sec." lvl="2"/>
        <rank description="Augmente vos chances de coup critique avec Brûlure, Boule de feu et Eclair de givrefeu de 3% supplémentaires et vos sorts de Brûlure infligeant des dégâts ont 100% de chances de rendre votre cible vulnérable aux dégâts de sorts. Cette vulnérabilité augmente les chances de coup critique avec les sorts contre cette cible de 5% et dure 30 sec." lvl="3"/>
      </talent>
      <talent column="1" icon="spell_fire_firearmor" key="24" name="Boucliers de la fournaise" tier="3">
        <rank description="Confère à vos sorts Gardien de feu et Gardien de givre 15% de chances de renvoyer les sorts tant qu'ils sont actifs. De plus, votre Armure de la fournaise a 50% de chances d'affecter les attaques à distance et les sorts." lvl="1"/>
        <rank description="Confère à vos sorts Gardien de feu et Gardien de givre 30% de chances de renvoyer les sorts tant qu'ils sont actifs. De plus, votre Armure de la fournaise a 100% de chances d'affecter les attaques à distance et les sorts." lvl="2"/>
      </talent>
      <talent column="3" icon="spell_fire_masterofelements" key="1639" name="Maître des éléments" tier="3">
        <rank description="Les coups critiques obtenus avec les sorts vous rendront 10% de leur coût en mana de base." lvl="1"/>
        <rank description="Les coups critiques obtenus avec les sorts vous rendront 20% de leur coût en mana de base." lvl="2"/>
        <rank description="Les coups critiques obtenus avec les sorts vous rendront 30% de leur coût en mana de base." lvl="3"/>
      </talent>
      <talent column="0" icon="spell_fire_playingwithfire" key="1730" name="Jouer avec le feu" tier="4">
        <rank description="Augmente tous les dégâts des sorts causés de 1% et tous les dégâts des sorts subis de 1%." lvl="1"/>
        <rank description="Augmente tous les dégâts des sorts causés de 2% et tous les dégâts des sorts subis de 2%." lvl="2"/>
        <rank description="Augmente tous les dégâts des sorts causés de 3% et tous les dégâts des sorts subis de 3%." lvl="3"/>
      </talent>
      <talent column="1" icon="spell_nature_wispheal" key="33" name="Masse critique" tier="4">
        <rank description="Augmente de 2% vos chances d'infliger un coup critique avec vos sorts de Feu." lvl="1"/>
        <rank description="Augmente de 4% vos chances d'infliger un coup critique avec vos sorts de Feu." lvl="2"/>
        <rank description="Augmente de 6% vos chances d'infliger un coup critique avec vos sorts de Feu." lvl="3"/>
      </talent>
      <talent column="2" icon="spell_holy_excorcism_02" key="32" name="Vague explosive" requires="29" tier="4">
        <rank description="Une vague de flammes rayonne autour du lanceur et inflige à tous les ennemis pris dans l'explosion 154 à 186 points de dégâts de Feu, en plus de les faire tomber à la renverse et de les hébéter pendant 6 sec." lvl="1"/>
        <spell castTime="0" cooldown="30000">
          <power cost="7" type="mana"/>
        </spell>
      </talent>
      <talent column="0" icon="spell_fire_burningspeed" key="1731" name="Vitesse flamboyante" tier="5">
        <rank description="Vous confère 5% de chances, lorsque vous êtes touché par une attaque en mêlée ou à distance, de voir votre vitesse de déplacement augmenter de 50% et de dissiper tous les effets affectant le mouvement. Cet effet dure 8 sec." lvl="1"/>
        <rank description="Vous confère 10% de chances, lorsque vous êtes touché par une attaque en mêlée ou à distance, de voir votre vitesse de déplacement augmenter de 50% et de dissiper tous les effets affectant le mouvement. Cet effet dure 8 sec." lvl="2"/>
      </talent>
      <talent column="2" icon="spell_fire_immolation" key="35" name="Puissance du feu" tier="5">
        <rank description="Augmente de 2% les dégâts infligés par vos sorts de Feu." lvl="1"/>
        <rank description="Augmente de 4% les dégâts infligés par vos sorts de Feu." lvl="2"/>
        <rank description="Augmente de 6% les dégâts infligés par vos sorts de Feu." lvl="3"/>
        <rank description="Augmente de 8% les dégâts infligés par vos sorts de Feu." lvl="4"/>
        <rank description="Augmente de 10% les dégâts infligés par vos sorts de Feu." lvl="5"/>
      </talent>
      <talent column="0" icon="spell_fire_burnout" key="1733" name="Pyromane" tier="6">
        <rank description="Augmente les chances de réussir un coup critique de 1% et permet à 17% de votre régénération de mana de se poursuivre pendant les incantations." lvl="1"/>
        <rank description="Augmente les chances de réussir un coup critique de 2% et permet à 33% de votre régénération de mana de se poursuivre pendant les incantations." lvl="2"/>
        <rank description="Augmente les chances de réussir un coup critique de 3% et permet à 50% de votre régénération de mana de se poursuivre pendant les incantations." lvl="3"/>
      </talent>
      <talent column="1" icon="spell_fire_sealoffire" key="36" name="Combustion" requires="33" tier="6">
        <rank description="Lorsqu'il est activé, ce sort augmente votre bonus aux dégâts des coups critiques avec les sorts de dégâts de Feu de 50%, et chaque fois que vous touchez avec un sort de ce type vous augmentez vos chances de coup critique avec les sorts de dégâts de Feu de 10%. Cet effet dure jusqu'à ce que vous ayez infligé 3 coups critiques non périodiques avec des sorts de Feu." lvl="1"/>
        <spell castTime="0" cooldown="120000"/>
      </talent>
      <talent column="2" icon="spell_fire_moltenblood" key="1732" name="Fureur de lave" tier="6">
        <rank description="Augmente les dégâts de tous les sorts contre les cibles disposant de moins de 35% de leurs points de vie de 6%." lvl="1"/>
        <rank description="Augmente les dégâts de tous les sorts contre les cibles disposant de moins de 35% de leurs points de vie de 12%." lvl="2"/>
      </talent>
      <talent column="0" icon="ability_mage_fierypayback" key="1848" name="Revanche ardente" tier="7">
        <rank description="Lorsque vous avez moins de 35% de vie, tous les dégâts subis sont réduits de 10%, le temps d'incantation de votre sort Explosion pyrotechnique est réduit de 1.75 sec. et son temps de recharge est augmenté de 2.5 sec. De plus, les attaques en mêlée et à distance contre vous ont 5% de chances de faire tomber l'arme en main droite et les armes à distance de l'attaquant." lvl="1"/>
        <rank description="Lorsque vous avez moins de 35% de vie, tous les dégâts subis sont réduits de 20%, le temps d'incantation de votre sort Explosion pyrotechnique est réduit de 3.5 sec. et son temps de recharge est augmenté de 5 sec. De plus, les attaques en mêlée et à distance contre vous ont 10% de chances de faire tomber l'arme en main droite et les armes à distance de l'attaquant." lvl="2"/>
      </talent>
      <talent column="2" icon="spell_fire_flamebolt" key="1734" name="Feu surpuissant" tier="7">
        <rank description="Augmente les dégâts de vos sorts Boule de feu, Eclair de givrefeu et Explosion pyrotechnique d'un montant égal à 5% de votre puissance des sorts. De plus, chaque fois que votre talent Enflammer inflige des dégâts, vous avez 33% de chances de récupérer 2% de votre mana de base." lvl="1"/>
        <rank description="Augmente les dégâts de vos sorts Boule de feu, Eclair de givrefeu et Explosion pyrotechnique d'un montant égal à 10% de votre puissance des sorts. De plus, chaque fois que votre talent Enflammer inflige des dégâts, vous avez 67% de chances de récupérer 2% de votre mana de base." lvl="2"/>
        <rank description="Augmente les dégâts de vos sorts Boule de feu, Eclair de givrefeu et Explosion pyrotechnique d'un montant égal à 15% de votre puissance des sorts. De plus, chaque fois que votre talent Enflammer inflige des dégâts, vous avez 100% de chances de récupérer 2% de votre mana de base." lvl="3"/>
      </talent>
      <talent column="0" icon="ability_mage_firestarter" key="1849" name="Boute-flammes" requires="1735" tier="8">
        <rank description="Lorsqu'ils infligent des dégâts, vos sorts Vague explosive et Souffle du dragon ont 50% de chances de rendre l'incantation de votre prochain sort Choc de flammes instantanée et sans coût en mana. Dure 10 sec." lvl="1"/>
        <rank description="Lorsqu'ils infligent des dégâts, vos sorts Vague explosive et Souffle du dragon ont 100% de chances de rendre l'incantation de votre prochain sort Choc de flammes instantanée et sans coût en mana. Dure 10 sec." lvl="2"/>
      </talent>
      <talent column="1" icon="inv_misc_head_dragon_01" key="1735" name="Souffle du dragon" requires="36" tier="8">
        <rank description="Les cibles qui se trouvent dans une zone en forme de cône en face du lanceur de sorts subissent 370 à 430 points de dégâts de Feu et sont désorientées pendant 5 sec. Toute attaque directe qui inflige des dégâts réveille la cible. Interrompt l'attaque lors de son utilisation." lvl="1"/>
        <spell castTime="0" cooldown="20000">
          <power cost="7" type="mana"/>
        </spell>
      </talent>
      <talent column="2" icon="ability_mage_hotstreak" key="1850" name="Chaleur continue" tier="8">
        <rank description="Chaque fois que vous obtenez 2 coups critiques non périodiques de suite avec Boule de feu, Trait de feu, Brûlure, Bombe vivante ou Eclair de givrefeu, vous avez 33% de chances que votre prochain sort Explosion pyrotechnique lancé dans les 10 sec soit instantané." lvl="1"/>
        <rank description="Chaque fois que vous obtenez 2 coups critiques non périodiques de suite avec Boule de feu, Trait de feu, Brûlure, Bombe vivante ou Eclair de givrefeu, vous avez 66% de chances que votre prochain sort Explosion pyrotechnique lancé dans les 10 sec soit instantané." lvl="2"/>
        <rank description="Chaque fois que vous obtenez 2 coups critiques non périodiques de suite avec Boule de feu, Trait de feu, Brûlure, Bombe vivante ou Eclair de givrefeu, vous avez 100% de chances que votre prochain sort Explosion pyrotechnique lancé dans les 10 sec soit instantané." lvl="3"/>
      </talent>
      <talent column="1" icon="ability_mage_burnout" key="1851" name="Ardeur épuisante" tier="9">
        <rank description="Augmente de 10% votre bonus de dégâts des critiques réussis avec tous les sorts, mais vos critiques non périodiques avec les sorts coûtent 1% du coût du sort en plus." lvl="1"/>
        <rank description="Augmente de 20% votre bonus de dégâts des critiques réussis avec tous les sorts, mais vos critiques non périodiques avec les sorts coûtent 2% du coût du sort en plus." lvl="2"/>
        <rank description="Augmente de 30% votre bonus de dégâts des critiques réussis avec tous les sorts, mais vos critiques non périodiques avec les sorts coûtent 3% du coût du sort en plus." lvl="3"/>
        <rank description="Augmente de 40% votre bonus de dégâts des critiques réussis avec tous les sorts, mais vos critiques non périodiques avec les sorts coûtent 4% du coût du sort en plus." lvl="4"/>
        <rank description="Augmente de 50% votre bonus de dégâts des critiques réussis avec tous les sorts, mais vos critiques non périodiques avec les sorts coûtent 5% du coût du sort en plus." lvl="5"/>
      </talent>
      <talent column="1" icon="ability_mage_livingbomb" key="1852" name="Bombe vivante" tier="10">
        <rank description="La cible devient une bombe vivante qui inflige 612 points de dégâts de Feu en 12 sec. Au bout de 12 sec. ou quand le sort est dissipé, la cible explose en infligeant 306 points de dégâts de Feu à tous les ennemis se trouvant à moins de 10 mètres." lvl="1"/>
        <spell castTime="0" maxRange="35">
          <power cost="22" type="mana"/>
        </spell>
      </talent>
    </tree>
    <tree bgImage="MageArcane" icon="spell_holy_magicalsentry" key="Arcane" name="Arcanes" order="0">
      <talent column="0" icon="spell_holy_dispelmagic" key="74" name="Subtilité des arcanes" tier="0">
        <rank description="Réduit de 15% les chances que vos sorts bénéfiques soient dissipés et réduit de 20% la menace générée par vos sorts des Arcanes." lvl="1"/>
        <rank description="Réduit de 30% les chances que vos sorts bénéfiques soient dissipés et réduit de 40% la menace générée par vos sorts des Arcanes." lvl="2"/>
      </talent>
      <talent column="1" icon="spell_holy_devotion" key="76" name="Focalisation des arcanes" tier="0">
        <rank description="Augmente les chances de toucher et réduit le coût en mana de vos sorts des Arcanes de 1%." lvl="1"/>
        <rank description="Augmente les chances de toucher et réduit le coût en mana de vos sorts des Arcanes de 2%." lvl="2"/>
        <rank description="Augmente les chances de toucher et réduit le coût en mana de vos sorts des Arcanes de 3%." lvl="3"/>
      </talent>
      <talent column="2" icon="spell_nature_starfall" key="80" name="Stabilité arcanique" tier="0">
        <rank description="Réduit de 20% l'interruption causée par les attaques infligeant des dégâts pendant que vous incantez Projectiles des arcanes et Déflagration des arcanes." lvl="1"/>
        <rank description="Réduit de 40% l'interruption causée par les attaques infligeant des dégâts pendant que vous incantez Projectiles des arcanes et Déflagration des arcanes." lvl="2"/>
        <rank description="Réduit de 60% l'interruption causée par les attaques infligeant des dégâts pendant que vous incantez Projectiles des arcanes et Déflagration des arcanes." lvl="3"/>
        <rank description="Réduit de 80% l'interruption causée par les attaques infligeant des dégâts pendant que vous incantez Projectiles des arcanes et Déflagration des arcanes." lvl="4"/>
        <rank description="Réduit de 100% l'interruption causée par les attaques infligeant des dégâts pendant que vous incantez Projectiles des arcanes et Déflagration des arcanes." lvl="5"/>
      </talent>
      <talent column="0" icon="spell_arcane_arcaneresilience" key="85" name="Robustesse des arcanes" tier="1">
        <rank description="Augmente votre Armure d'un montant égal à 50% de votre Intelligence." lvl="1"/>
        <rank description="Augmente votre Armure d'un montant égal à 100% de votre Intelligence." lvl="2"/>
        <rank description="Augmente votre Armure d'un montant égal à 150% de votre Intelligence." lvl="3"/>
      </talent>
      <talent column="1" icon="spell_nature_astralrecalgroup" key="1650" name="Absorption de magie" tier="1">
        <rank description="Augmente toutes les résistances de 0,5 par niveau. Tous les sorts auxquels vous résistez entièrement restaurent 1% de votre total de mana. Temps de recharge d'1 sec." lvl="1"/>
        <rank description="Augmente toutes les résistances d'1 par niveau. Tous les sorts auxquels vous résistez entièrement restaurent 2% de votre total de mana. Temps de recharge d'1 sec." lvl="2"/>
      </talent>
      <talent column="2" icon="spell_shadow_manaburn" key="75" name="Concentration des arcanes" tier="1">
        <rank description="Vous confère 2% de chances d'entrer dans un état d'Idées claires après avoir infligé des dégâts avec un sort à la cible. Cet état réduit le coût en mana de votre prochain sort de 100%." lvl="1"/>
        <rank description="Vous confère 4% de chances d'entrer dans un état d'Idées claires après avoir infligé des dégâts avec un sort à la cible. Cet état réduit le coût en mana de votre prochain sort de 100%." lvl="2"/>
        <rank description="Vous confère 6% de chances d'entrer dans un état d'Idées claires après avoir infligé des dégâts avec un sort à la cible. Cet état réduit le coût en mana de votre prochain sort de 100%." lvl="3"/>
        <rank description="Vous confère 8% de chances d'entrer dans un état d'Idées claires après avoir infligé des dégâts avec un sort à la cible. Cet état réduit le coût en mana de votre prochain sort de 100%." lvl="4"/>
        <rank description="Vous confère 10% de chances d'entrer dans un état d'Idées claires après avoir infligé des dégâts avec un sort à la cible. Cet état réduit le coût en mana de votre prochain sort de 100%." lvl="5"/>
      </talent>
      <talent column="0" icon="spell_nature_abolishmagic" key="82" name="Harmonisation de la magie" tier="2">
        <rank description="Augmente de 3 mètres la portée de vos sorts des Arcanes et de 25% les effets de vos sorts Amplification de la magie et Atténuation de la magie." lvl="1"/>
        <rank description="Augmente de 6 mètres la portée de vos sorts des Arcanes et de 50% les effets de vos sorts Amplification de la magie et Atténuation de la magie." lvl="2"/>
      </talent>
      <talent column="1" icon="spell_nature_wispsplode" key="81" name="Impact des sorts" tier="2">
        <rank description="Augmente de 2% supplémentaires les dégâts de vos sorts Explosion des arcanes, Déflagration des arcanes, Vague explosive, Trait de feu, Brûlure, Boule de feu, Javelot de glace et Cône de froid." lvl="1"/>
        <rank description="Augmente de 4% supplémentaires les dégâts de vos sorts Explosion des arcanes, Déflagration des arcanes, Vague explosive, Trait de feu, Brûlure, Boule de feu, Javelot de glace et Cône de froid." lvl="2"/>
        <rank description="Augmente de 6% supplémentaires les dégâts de vos sorts Explosion des arcanes, Déflagration des arcanes, Vague explosive, Trait de feu, Brûlure, Boule de feu, Javelot de glace et Cône de froid." lvl="3"/>
      </talent>
      <talent column="2" icon="ability_mage_studentofthemind" key="1845" name="Etudiant de la raison" tier="2">
        <rank description="Augmente votre total d'Esprit de 4%." lvl="1"/>
        <rank description="Augmente votre total d'Esprit de 7%." lvl="2"/>
        <rank description="Augmente votre total d'Esprit de 10%." lvl="3"/>
      </talent>
      <talent column="3" icon="spell_arcane_studentofmagic" key="2211" name="Focalisation de la magie" tier="2">
        <rank description="Augmente de 3% les chances de coup critique de la cible avec les sorts. Quand la cible réussit un coup critique, les chances de coup critique avec les sorts du lanceur sont augmentées de 3% pendant 10 sec. Ne peut être lancé sur soi-même." lvl="1"/>
        <spell castTime="0" maxRange="30">
          <power cost="6" type="mana"/>
        </spell>
      </talent>
      <talent column="0" icon="spell_shadow_detectlesserinvisibility" key="83" name="Sauvegarde des arcanes" tier="3">
        <rank description="Réduit de 17% le mana perdu par point de dégâts reçu lorsque Bouclier de mana est actif et augmente de 25% les résistances conférées par Armure du mage." lvl="1"/>
        <rank description="Réduit de 33% le mana perdu par point de dégâts reçu lorsque Bouclier de mana est actif et augmente de 50% les résistances conférées par Armure du mage." lvl="2"/>
      </talent>
      <talent column="1" icon="spell_frost_iceshock" key="88" name="Contresort amélioré" tier="3">
        <rank description="Votre Contresort réduit également la cible au silence pendant 2 sec." lvl="1"/>
        <rank description="Votre Contresort réduit également la cible au silence pendant 4 sec." lvl="2"/>
      </talent>
      <talent column="2" icon="spell_shadow_siphonmana" key="1142" name="Méditation des arcanes" tier="3">
        <rank description="Vous confère 17% de votre vitesse de récupération du mana normale pendant l'incantation." lvl="1"/>
        <rank description="Vous confère 33% de votre vitesse de récupération du mana normale pendant l'incantation." lvl="2"/>
        <rank description="Vous confère 50% de votre vitesse de récupération du mana normale pendant l'incantation." lvl="3"/>
      </talent>
      <talent column="3" icon="ability_mage_tormentoftheweak" key="2222" name="Tourmenter les faibles" tier="3">
        <rank description="Vos techniques Eclair de givre, Boule de feu, Eclair de givrefeu, Explosion pyrotechnique, Projectiles des arcanes, Déflagration des arcanes et Barrage des arcanes infligent 4% de dégâts supplémentaires aux cibles piégées ou ralenties." lvl="1"/>
        <rank description="Vos techniques Eclair de givre, Boule de feu, Eclair de givrefeu, Explosion pyrotechnique, Projectiles des arcanes, Déflagration des arcanes et Barrage des arcanes infligent 8% de dégâts supplémentaires aux cibles piégées ou ralenties." lvl="2"/>
        <rank description="Vos techniques Eclair de givre, Boule de feu, Eclair de givrefeu, Explosion pyrotechnique, Projectiles des arcanes, Déflagration des arcanes et Barrage des arcanes infligent 12% de dégâts supplémentaires aux cibles piégées ou ralenties." lvl="3"/>
      </talent>
      <talent column="0" icon="spell_arcane_blink" key="1724" name="Transfert amélioré" tier="4">
        <rank description="Réduit le coût en mana de Transfert de 25% et pendant 4 sec après l'avoir lancé, la probabilité que vous soyez touché par tous les sorts et attaques est réduite de 15%." lvl="1"/>
        <rank description="Réduit le coût en mana de Transfert de 50% et pendant 4 sec après l'avoir lancé, la probabilité que vous soyez touché par tous les sorts et attaques est réduite de 30%." lvl="2"/>
      </talent>
      <talent column="1" icon="spell_nature_enchantarmor" key="86" name="Présence spirituelle" tier="4">
        <rank description="Lorsque cette technique est activée, votre prochain sort de mage dont le temps d'incantation est inférieur à 10 sec. devient un sort instantané." lvl="1"/>
        <spell castTime="0" cooldown="120000"/>
      </talent>
      <talent column="3" icon="spell_shadow_charm" key="77" name="Esprit des arcanes" tier="4">
        <rank description="Augmente votre total d'Intelligence de 3%." lvl="1"/>
        <rank description="Augmente votre total d'Intelligence de 6%." lvl="2"/>
        <rank description="Augmente votre total d'Intelligence de 9%." lvl="3"/>
        <rank description="Augmente votre total d'Intelligence de 12%." lvl="4"/>
        <rank description="Augmente votre total d'Intelligence de 15%." lvl="5"/>
      </talent>
      <talent column="0" icon="spell_arcane_prismaticcloak" key="1726" name="Cape prismatique" tier="5">
        <rank description="Réduit tous les dégâts subis de 2% et réduit le temps de disparition de votre sort Invisibilité de 1 sec." lvl="1"/>
        <rank description="Réduit tous les dégâts subis de 4% et réduit le temps de disparition de votre sort Invisibilité de 2 sec." lvl="2"/>
        <rank description="Réduit tous les dégâts subis de 6% et réduit le temps de disparition de votre sort Invisibilité de 3 sec." lvl="3"/>
      </talent>
      <talent column="1" icon="spell_shadow_teleport" key="421" name="Instabilité des arcanes" requires="86" tier="5">
        <rank description="Augmente de 1% les dégâts infligés par vos sorts et vos chances de coup critique." lvl="1"/>
        <rank description="Augmente de 2% les dégâts infligés par vos sorts et vos chances de coup critique." lvl="2"/>
        <rank description="Augmente de 3% les dégâts infligés par vos sorts et vos chances de coup critique." lvl="3"/>
      </talent>
      <talent column="2" icon="spell_arcane_arcanepotency" key="1725" name="Toute-puissance des arcanes" requires="86" tier="5">
        <rank description="Augmente de 15% les chances de coup critique de tous les sorts infligeant des dégâts lancés sous l'effet d'Idées claires ou Présence spirituelle." lvl="1"/>
        <rank description="Augmente de 30% les chances de coup critique de tous les sorts infligeant des dégâts lancés sous l'effet d'Idées claires ou Présence spirituelle." lvl="2"/>
      </talent>
      <talent column="0" icon="spell_nature_starfall" key="1727" name="Renforcement arcanique" tier="6">
        <rank description="Augmente les dégâts de votre sort Projectiles des arcanes d'un montant égal à 15% de votre puissance des sorts et les dégâts de Déflagration des arcanes de 3% de votre puissance des sorts. De plus, augmente les dégâts de tous les membres du groupe et du raid se trouvant à moins de 100 mètres de 1%." lvl="1"/>
        <rank description="Augmente les dégâts de votre sort Projectiles des arcanes d'un montant égal à 30% de votre puissance des sorts et les dégâts de Déflagration des arcanes de 6% de votre puissance des sorts. De plus, augmente les dégâts de tous les membres du groupe et du raid se trouvant à moins de 100 mètres de 2%." lvl="2"/>
        <rank description="Augmente les dégâts de votre sort Projectiles des arcanes d'un montant égal à 45% de votre puissance des sorts et les dégâts de Déflagration des arcanes de 9% de votre puissance des sorts. De plus, augmente les dégâts de tous les membres du groupe et du raid se trouvant à moins de 100 mètres de 3%." lvl="3"/>
      </talent>
      <talent column="1" icon="spell_nature_lightning" key="87" name="Pouvoir des arcanes" requires="421" tier="6">
        <rank description="Lorsqu'il est activé, vos sorts infligent 20% de points de dégâts supplémentaires et ils vous coûtent 20% de points de mana supplémentaires. Cet effet dure 15 sec." lvl="1"/>
        <spell castTime="0" cooldown="120000"/>
      </talent>
      <talent column="2" icon="ability_mage_incantersabsorbtion" key="1844" name="Absorption de l'incantateur" tier="6">
        <rank description="Lorsque votre Bouclier de mana, Gardien de givre, Gardien de feu ou Barrière de glace absorbe des dégâts, les dégâts infligés par vos sorts sont augmentés de 5% du montant absorbé pendant 10 sec." lvl="1"/>
        <rank description="Lorsque votre Bouclier de mana, Gardien de givre, Gardien de feu ou Barrière de glace absorbe des dégâts, les dégâts infligés par vos sorts sont augmentés de 10% du montant absorbé pendant 10 sec." lvl="2"/>
        <rank description="Lorsque votre Bouclier de mana, Gardien de givre, Gardien de feu ou Barrière de glace absorbe des dégâts, les dégâts infligés par vos sorts sont augmentés de 15% du montant absorbé pendant 10 sec." lvl="3"/>
      </talent>
      <talent column="1" icon="ability_mage_potentspirit" key="1843" name="Flux arcaniques" requires="87" tier="7">
        <rank description="Réduit le temps de recharge de vos sorts Présence spirituelle, Pouvoir des arcanes et Invisibilité de 15% et le temps de recharge de votre sort Evocation de 1 min." lvl="1"/>
        <rank description="Réduit le temps de recharge de vos sorts Présence spirituelle, Pouvoir des arcanes et Invisibilité de 30% et le temps de recharge de votre sort Evocation de 2 min." lvl="2"/>
      </talent>
      <talent column="2" icon="spell_arcane_mindmastery" key="1728" name="Maîtrise mentale" tier="7">
        <rank description="Augmente la puissance des sorts d'un montant égal à 3% de votre Intelligence totale." lvl="1"/>
        <rank description="Augmente la puissance des sorts d'un montant égal à 6% de votre Intelligence totale." lvl="2"/>
        <rank description="Augmente la puissance des sorts d'un montant égal à 9% de votre Intelligence totale." lvl="3"/>
        <rank description="Augmente la puissance des sorts d'un montant égal à 12% de votre Intelligence totale." lvl="4"/>
        <rank description="Augmente la puissance des sorts d'un montant égal à 15% de votre Intelligence totale." lvl="5"/>
      </talent>
      <talent column="1" icon="spell_nature_slow" key="1729" name="Lenteur" tier="8">
        <rank description="Réduit la vitesse de déplacement de la cible de 60%, augmente le temps entre les attaques à distance de 60% et augmente le temps d'incantation de 30%. Dure 15 sec. Lenteur ne peut affecter qu'une seule cible à la fois." lvl="1"/>
        <spell castTime="0" maxRange="30">
          <power cost="12" type="mana"/>
        </spell>
      </talent>
      <talent column="2" icon="ability_mage_missilebarrage" key="2209" name="Barrage de projectiles" tier="8">
        <rank description="Confère à votre Déflagration des arcanes 8% de chances et à vos sorts Barrage des arcanes, Boule de feu, Eclair de givre et Eclair de givrefeu 4% de chances de réduire la durée de canalisation du prochain sort Projectiles des arcanes de 2.5 sec. et réduit le coût en mana de 100%. Des projectiles sont tirés toutes les 0,5 sec." lvl="1"/>
        <rank description="Confère à votre Déflagration des arcanes 16% de chances et à vos sorts Barrage des arcanes, Boule de feu, Eclair de givre et Eclair de givrefeu 8% de chances de réduire la durée de canalisation du prochain sort Projectiles des arcanes de 2.5 sec. et réduit le coût en mana de 100%. Des projectiles sont tirés toutes les 0,5 sec." lvl="2"/>
        <rank description="Confère à votre Déflagration des arcanes 24% de chances et à vos sorts Barrage des arcanes, Boule de feu, Eclair de givre et Eclair de givrefeu 12% de chances de réduire la durée de canalisation du prochain sort Projectiles des arcanes de 2.5 sec. et réduit le coût en mana de 100%. Des projectiles sont tirés toutes les 0,5 sec." lvl="3"/>
        <rank description="Confère à votre Déflagration des arcanes 32% de chances et à vos sorts Barrage des arcanes, Boule de feu, Eclair de givre et Eclair de givrefeu 16% de chances de réduire la durée de canalisation du prochain sort Projectiles des arcanes de 2.5 sec. et réduit le coût en mana de 100%. Des projectiles sont tirés toutes les 0,5 sec." lvl="4"/>
        <rank description="Confère à votre Déflagration des arcanes 40% de chances et à vos sorts Barrage des arcanes, Boule de feu, Eclair de givre et Eclair de givrefeu 20% de chances de réduire la durée de canalisation du prochain sort Projectiles des arcanes de 2.5 sec. et réduit le coût en mana de 100%. Des projectiles sont tirés toutes les 0,5 sec." lvl="5"/>
      </talent>
      <talent column="1" icon="ability_mage_netherwindpresence" key="1846" name="Présence de vent du Néant" tier="9">
        <rank description="Augmente de 2% votre hâte des sorts." lvl="1"/>
        <rank description="Augmente de 4% votre hâte des sorts." lvl="2"/>
        <rank description="Augmente de 6% votre hâte des sorts." lvl="3"/>
      </talent>
      <talent column="2" icon="spell_arcane_arcanetorrent" key="1826" name="Puissance des sorts" tier="9">
        <rank description="Augmente les points de dégâts supplémentaires infligés par les coups critiques de tous vos sorts de 25%." lvl="1"/>
        <rank description="Augmente les points de dégâts supplémentaires infligés par les coups critiques de tous vos sorts de 50%." lvl="2"/>
      </talent>
      <talent column="1" icon="ability_mage_arcanebarrage" key="1847" name="Barrage des arcanes" tier="10">
        <rank description="Lance plusieurs projectiles sur la cible ennemie et lui inflige 386 à 470 points de dégâts des Arcanes." lvl="1"/>
        <spell castTime="0" cooldown="3000" maxRange="30">
          <power cost="18" type="mana"/>
        </spell>
      </talent>
    </tree>
  </talentTrees>
</page>
