<?xml version="1.0" encoding="UTF-8"?><page globalSearch="1" lang="ru_ru" requestUrl="/talent-tree.xml">
  <talentTrees>
    <tree bgImage="WarlockDestruction" icon="spell_shadow_rainoffire" key="Destruction" name="Разрушение" order="2">
      <talent column="1" icon="spell_shadow_shadowbolt" key="944" name="Обжигающая стрела Тьмы" tier="0">
        <rank description="Усиливает урон от заклинания &quot;Стрела Тьмы&quot; на 2%. Попадание &quot;Стрелой Тьмы&quot; по цели с вероятностью 20% делает ее особо уязвимой для всех магических атак и повышает вероятность нанести по ней критический удар на 5%. Время действия – 30 сек." lvl="1"/>
        <rank description="Усиливает урон от заклинания &quot;Стрела Тьмы&quot; на 4%. Попадание &quot;Стрелой Тьмы&quot; по цели с вероятностью 40% делает ее особо уязвимой для всех магических атак и повышает вероятность нанести по ней критический удар на 5%. Время действия – 30 сек." lvl="2"/>
        <rank description="Усиливает урон от заклинания &quot;Стрела Тьмы&quot; на 6%. Попадание &quot;Стрелой Тьмы&quot; по цели с вероятностью 60% делает ее особо уязвимой для всех магических атак и повышает вероятность нанести по ней критический удар на 5%. Время действия – 30 сек." lvl="3"/>
        <rank description="Усиливает урон от заклинания &quot;Стрела Тьмы&quot; на 8%. Попадание &quot;Стрелой Тьмы&quot; по цели с вероятностью 80% делает ее особо уязвимой для всех магических атак и повышает вероятность нанести по ней критический удар на 5%. Время действия – 30 сек." lvl="4"/>
        <rank description="Усиливает урон от заклинания &quot;Стрела Тьмы&quot; на 10%. Попадание &quot;Стрелой Тьмы&quot; по цели с вероятностью 100% делает ее особо уязвимой для всех магических атак и повышает вероятность нанести по ней критический удар на 5%. Время действия – 30 сек." lvl="5"/>
      </talent>
      <talent column="2" icon="spell_shadow_deathpact" key="943" name="Погибель" tier="0">
        <rank description="Сокращает время произнесения заклинаний &quot;Стрела Тьмы&quot;, &quot;Стрела Хаоса&quot; и &quot;Жертвенный огонь&quot; на 0.1 сек., а заклинания &quot;Ожог души&quot; – на 0.4 сек." lvl="1"/>
        <rank description="Сокращает время произнесения заклинаний &quot;Стрела Тьмы&quot;, &quot;Стрела Хаоса&quot; и &quot;Жертвенный огонь&quot; на 0.2 сек., а заклинания &quot;Ожог души&quot; – на 0.8 сек." lvl="2"/>
        <rank description="Сокращает время произнесения заклинаний &quot;Стрела Тьмы&quot;, &quot;Стрела Хаоса&quot; и &quot;Жертвенный огонь&quot; на 0.3 сек., а заклинания &quot;Ожог души&quot; – на 1.2 сек." lvl="3"/>
        <rank description="Сокращает время произнесения заклинаний &quot;Стрела Тьмы&quot;, &quot;Стрела Хаоса&quot; и &quot;Жертвенный огонь&quot; на 0.4 сек., а заклинания &quot;Ожог души&quot; – на 1.6 сек." lvl="4"/>
        <rank description="Сокращает время произнесения заклинаний &quot;Стрела Тьмы&quot;, &quot;Стрела Хаоса&quot; и &quot;Жертвенный огонь&quot; на 0.5 сек., а заклинания &quot;Ожог души&quot; – на 2 сек." lvl="5"/>
      </talent>
      <talent column="0" icon="spell_fire_fire" key="982" name="Огненный шлейф" tier="1">
        <rank description="Усиливает урон от периодических эффектов заклинания &quot;Жертвенный огонь&quot; на 3%. Заклинание &quot;Поджигание&quot; с 50%-й вероятностью вызовет у цели головокружение на 5 сек." lvl="1"/>
        <rank description="Усиливает урон от периодических эффектов заклинания &quot;Жертвенный огонь&quot; на 6%. Заклинание &quot;Поджигание&quot; с 100%-й вероятностью вызовет у цели головокружение на 5 сек." lvl="2"/>
      </talent>
      <talent column="1" icon="ability_mage_moltenarmor" key="1887" name="Огрубевшая кожа" tier="1">
        <rank description="Уменьшает весь получаемый урон на 2%." lvl="1"/>
        <rank description="Уменьшает весь получаемый урон на 4%." lvl="2"/>
        <rank description="Снижает получаемый урон на 6%." lvl="3"/>
      </talent>
      <talent column="2" icon="spell_fire_windsofwoe" key="941" name="Катаклизм" tier="1">
        <rank description="Снижает расход маны на ваши заклинания категории &quot;Разрушение&quot; на 4%." lvl="1"/>
        <rank description="Снижает расход маны на ваши заклинания категории &quot;Разрушение&quot; на 7%." lvl="2"/>
        <rank description="Снижает расход маны на ваши заклинания категории &quot;Разрушение&quot; на 10%." lvl="3"/>
      </talent>
      <talent column="0" icon="spell_fire_firebolt" key="983" name="Демоническая сила" tier="2">
        <rank description="Сокращает время восстановления заклинания суккуба &quot;Всплеск боли&quot; на 3 с. и время наложения заклинания беса &quot;Огненная стрела&quot; на 0.25 с." lvl="1"/>
        <rank description="Сокращает время восстановления заклинания суккуба &quot;Всплеск боли&quot; на 6 с. и время наложения заклинания беса &quot;Огненная стрела&quot; на 0.50 с." lvl="2"/>
      </talent>
      <talent column="1" icon="spell_shadow_scourgebuild" key="963" name="Ожог Тьмы" tier="2">
        <rank description="Мгновенно наносит цели 87 - 99 ед. урона от темной магии. Если жертва погибает в течение 5 сек. после применения заклинания &quot;Ожог Тьмы&quot; и это убийство приносит очки опыта или чести, заклинатель получает осколок души." lvl="1"/>
        <spell castTime="0" cooldown="15000" maxRange="20">
          <power cost="20" type="mana"/>
        </spell>
      </talent>
      <talent column="2" icon="spell_shadow_shadowwordpain" key="967" name="Разгром" tier="2">
        <rank description="Увеличивает дополнительный урон при критическом ударе заклинаний категории &quot;Разрушение&quot; и заклинания &quot;Огненная стрела&quot; вашего беса на 20%." lvl="1"/>
        <rank description="Увеличивает дополнительный урон при критическом ударе заклинаний категории &quot;Разрушение&quot; и заклинания &quot;Огненная стрела&quot; вашего беса на 40%." lvl="2"/>
        <rank description="Увеличивает дополнительный урон при критическом ударе заклинаний категории &quot;Разрушение&quot; и заклинания &quot;Огненная стрела&quot; вашего беса на 60%." lvl="3"/>
        <rank description="Увеличивает дополнительный урон при критическом ударе заклинаний категории &quot;Разрушение&quot; и заклинания &quot;Огненная стрела&quot; вашего беса на 80%." lvl="4"/>
        <rank description="Увеличивает дополнительный урон при критическом ударе заклинаний категории &quot;Разрушение&quot; и заклинания &quot;Огненная стрела&quot; вашего беса на 100%." lvl="5"/>
      </talent>
      <talent column="0" icon="spell_fire_lavaspawn" key="985" name="Напряжение" tier="3">
        <rank description="Сокращает время, теряемое в случае получения урона при произнесении или поддержании заклинаний категории &quot;Разрушение&quot;, на 35%." lvl="1"/>
        <rank description="Сокращает время, теряемое в случае получения урона при произнесении или поддержании заклинаний категории &quot;Разрушение&quot;, на 70%." lvl="2"/>
      </talent>
      <talent column="1" icon="spell_shadow_corpseexplode" key="964" name="Предел разрушения" tier="3">
        <rank description="Увеличивает дальность действия ваших заклинаний категории &quot;Разрушение&quot; на 10% и уменьшает создаваемый ими уровень угрозы на 10%." lvl="1"/>
        <rank description="Увеличивает дальность действия ваших заклинаний категории &quot;Разрушение&quot; на 20% и уменьшает создаваемый ими уровень угрозы на 20%." lvl="2"/>
      </talent>
      <talent column="3" icon="spell_fire_soulburn" key="965" name="Непереносимая жгучая боль" tier="3">
        <rank description="Повышение вероятности критического эффекта заклинания &quot;Жгучая боль&quot; на 4%." lvl="1"/>
        <rank description="Повышение вероятности критического эффекта заклинания &quot;Жгучая боль&quot; на 7%." lvl="2"/>
        <rank description="Повышение вероятности критического эффекта заклинания &quot;Жгучая боль&quot; на 10%." lvl="3"/>
      </talent>
      <talent column="0" icon="spell_fire_playingwithfire" key="1817" name="Ответный удар" requires="985" tier="4">
        <rank description="Повышает вероятность нанести критический удар заклинаниями на 1% и увеличивает до 8% вероятность сократить время применения следующего заклинания &quot;Стрела Тьмы&quot; или &quot;Испепеление&quot; на 100% после получения удара. Эффект длится 8 сек. и не может быть применен чаще одного раза в 8 сек." lvl="1"/>
        <rank description="Повышает вероятность нанести критический удар заклинаниями на 2% и увеличивает до 16% вероятность сократить время применения следующего заклинания &quot;Стрела Тьмы&quot; или &quot;Испепеление&quot; на 100% после получения удара. Эффект длится 8 сек. и не может быть применен чаще одного раза в 8 сек." lvl="2"/>
        <rank description="Повышает вероятность нанести критический удар заклинаниями на 3% и увеличивает до 25% вероятность сократить время применения следующего заклинания &quot;Стрела Тьмы&quot; или &quot;Испепеление&quot; на 100% после получения удара. Эффект длится 8 сек. и не может быть применен чаще одного раза в 8 сек." lvl="3"/>
      </talent>
      <talent column="1" icon="spell_fire_immolation" key="961" name="Жаркий жертвенный огонь" tier="4">
        <rank description="Усиливает урон заклинания &quot;Жертвенный огонь&quot; на 10%." lvl="1"/>
        <rank description="Усиливает урон заклинания &quot;Жертвенный огонь&quot; на 20%." lvl="2"/>
        <rank description="Усиливает урон заклинания &quot;Жертвенный огонь&quot; на 30%." lvl="3"/>
      </talent>
      <talent column="2" icon="spell_fire_flameshock" key="981" name="Опустошение" requires="967" tier="4">
        <rank description="Увеличивает шанс нанесения критического удара заклинаниями разрушения на 5%." lvl="1"/>
      </talent>
      <talent column="0" icon="spell_shadow_netherprotection" key="1679" name="Защита Пустоты" tier="5">
        <rank description="После поражения заклинанием вы с вероятностью 10% можете попасть под действие эффекта &quot;Защита Пустоты&quot;, которая уменьшает получаемый вами урон от заклинаний той же школы магии на 30% на 8 сек." lvl="1"/>
        <rank description="После поражения заклинанием вы с вероятностью 20% можете попасть под действие эффекта &quot;Защита Пустоты&quot;, которая уменьшает получаемый вами урон от заклинаний той же школы магии на 30% на 8 сек." lvl="2"/>
        <rank description="После поражения заклинанием вы с вероятностью 30% можете попасть под действие эффекта &quot;Защита Пустоты&quot;, которая уменьшает получаемый вами урон от заклинаний той же школы магии на 30% на 8 сек." lvl="3"/>
      </talent>
      <talent column="2" icon="spell_fire_selfdestruct" key="966" name="Бушующее пламя" tier="5">
        <rank description="Увеличивает урон от ваших заклинаний огня на 3% и уменьшает время произнесения заклинания &quot;Испепеление&quot; на 0.05 с." lvl="1"/>
        <rank description="Увеличивает урон от ваших заклинаний огня на 6% и уменьшает время произнесения заклинания &quot;Испепеление&quot; на 0.10 с." lvl="2"/>
        <rank description="Увеличивает урон от ваших заклинаний огня на 9% и уменьшает время произнесения заклинания &quot;Испепеление&quot; на 0.15 с." lvl="3"/>
        <rank description="Увеличивает урон от ваших заклинаний огня на 12% и уменьшает время произнесения заклинания &quot;Испепеление&quot; на 0.20 с." lvl="4"/>
        <rank description="Увеличивает урон от ваших заклинаний огня на 15% и уменьшает время произнесения заклинания &quot;Испепеление&quot; на 0.25 с." lvl="5"/>
      </talent>
      <talent column="1" icon="spell_fire_fireball" key="968" name="Поджигание" requires="961" tier="6">
        <rank description="Поглощает на цели эффект заклинания &quot;Жертвенный огонь&quot; или &quot;Пламя Тьмы&quot;, нанося ей 60% урона от соответствующего заклинания и дополнительно 40% урона в течение 6 сек.&quot;" lvl="1"/>
        <spell castTime="0" cooldown="10000" maxRange="30">
          <power cost="16" type="mana"/>
        </spell>
      </talent>
      <talent column="2" icon="spell_shadow_soulleech_3" key="1678" name="Поглощение души" tier="6">
        <rank description="Ваши заклинания &quot;Стрела Тьмы&quot;, &quot;Ожог Тьмы&quot;, &quot;Стрела Хаоса&quot;, &quot;Ожог души&quot;, &quot;Испепеление&quot;, &quot;Жгучая боль&quot; и &quot;Поджигание&quot; с вероятностью 10% могут восполнить ваше здоровье в размере 20% от нанесенного урона." lvl="1"/>
        <rank description="Ваши заклинания &quot;Стрела Тьмы&quot;, &quot;Ожог Тьмы&quot;, &quot;Стрела Хаоса&quot;, &quot;Ожог души&quot;, &quot;Испепеление&quot;, &quot;Жгучая боль&quot; и &quot;Поджигание&quot; с вероятностью 20% могут восполнить ваше здоровье в размере 20% от нанесенного урона." lvl="2"/>
        <rank description="Ваши заклинания &quot;Стрела Тьмы&quot;, &quot;Ожог Тьмы&quot;, &quot;Стрела Хаоса&quot;, &quot;Ожог души&quot;, &quot;Испепеление&quot;, &quot;Жгучая боль&quot; и &quot;Поджигание&quot; с вероятностью 30% могут восполнить ваше здоровье в размере 20% от нанесенного урона." lvl="3"/>
      </talent>
      <talent column="3" icon="spell_fire_volcano" key="986" name="Пылающая тьма" tier="6">
        <rank description="Критические удары заклинаний &quot;Жгучая боль&quot; и &quot;Поджигание&quot; повышают силу заклинаний школы огня и Тьмы на 2% на 10 сек." lvl="1"/>
        <rank description="Критические удары заклинаний &quot;Жгучая боль&quot; и &quot;Поджигание&quot; повышают силу заклинаний школы огня и Тьмы на 4% на 10 сек." lvl="2"/>
        <rank description="Критические удары заклинаний &quot;Жгучая боль&quot; и &quot;Поджигание&quot; повышают силу заклинаний школ огня и Тьмы на 6% на 10 сек." lvl="3"/>
      </talent>
      <talent column="1" icon="spell_shadow_shadowandflame" key="1677" name="Тень и Пламя" tier="7">
        <rank description="Урон от заклинаний &quot;Стрела Тьмы&quot;, &quot;Стрела Хаоса&quot;, &quot;Ожог Тьмы&quot; и &quot;Испепеление&quot; увеличивается на 4% от дополнительного урона от заклинаний." lvl="1"/>
        <rank description="Урон от заклинаний &quot;Стрела Тьмы&quot;, &quot;Стрела Хаоса&quot;, &quot;Ожог Тьмы&quot; и &quot;Испепеление&quot; увеличивается на 8% от дополнительного урона от заклинаний." lvl="2"/>
        <rank description="Урон от заклинаний &quot;Стрела Тьмы&quot;, &quot;Стрела Хаоса&quot;, &quot;Ожог Тьмы&quot; и &quot;Испепеление&quot; увеличивается на 12% от дополнительного урона от заклинаний." lvl="3"/>
        <rank description="Урон от заклинаний &quot;Стрела Тьмы&quot;, &quot;Стрела Хаоса&quot;, &quot;Ожог Тьмы&quot; и &quot;Испепеление&quot; увеличивается на 16% от дополнительного урона от заклинаний." lvl="4"/>
        <rank description="Урон от заклинаний &quot;Стрела Тьмы&quot;, &quot;Стрела Хаоса&quot;, &quot;Ожог Тьмы&quot; и &quot;Испепеление&quot; увеличивается на 20% от дополнительного урона от заклинаний." lvl="5"/>
      </talent>
      <talent column="2" icon="ability_warlock_improvedsoulleech" key="1889" name="Искусное поглощение души" requires="1678" tier="7">
        <rank description="Эффект &quot;Поглощение души&quot; также восполняет вашу ману и ману вашего прислужника в объеме 1% от максимального запаса маны. До 10 участников вашей группы или рейда с 50%-й вероятностью в течение 15 сек. будут восполнять 1% от своего максимального запаса маны раз в 5 сек." lvl="1"/>
        <rank description="Эффект &quot;Поглощение души&quot; также восполняет вашу ману и ману вашего прислужника в объеме 2% от максимального запаса маны. До 10 участников вашей группы или рейда с 100%-й вероятностью в течение 15 сек. будут восполнять 1% от своего максимального запаса маны раз в 5 сек." lvl="2"/>
      </talent>
      <talent column="0" icon="ability_warlock_backdraft" key="1888" name="Обратный поток" requires="968" tier="8">
        <rank description="После произнесения заклинания &quot;Поджигание&quot; скорость произнесения и общее время восстановления следующих трех заклинаний категории &quot;Разрушение&quot; уменьшается на 10%. Время действия – 15 сек." lvl="1"/>
        <rank description="После произнесения заклинания &quot;Поджигание&quot; скорость произнесения и общее время восстановления следующих трех заклинаний категории &quot;Разрушение&quot; уменьшается на 20%. Время действия – 15 сек." lvl="2"/>
        <rank description="После произнесения заклинания &quot;Поджигание&quot; скорость произнесения и общее время восстановления следующих трех заклинаний категории &quot;Разрушение&quot; уменьшается на 30%. Время действия – 15 сек." lvl="3"/>
      </talent>
      <talent column="1" icon="spell_shadow_shadowfury" key="1676" name="Неистовство Тьмы" tier="8">
        <rank description="Нанесение 343 - 407 ед. урона от темной магии и оглушение всех противников в радиусе 8 м в течение 3 сек." lvl="1"/>
        <spell castTime="0" cooldown="20000" maxRange="30">
          <power cost="27" type="mana"/>
        </spell>
      </talent>
      <talent column="2" icon="ability_warlock_empoweredimp" key="2045" name="Могущественный бес" tier="8">
        <rank description="Увеличивает урон, наносимый вашим бесом, на 10%. С вероятностью 33% в результате критического удара вашего беса вероятность нанести критический удар вашим следующим заклинанием повышается на 100%. Время действия – 8 сек." lvl="1"/>
        <rank description="Увеличивает урон, наносимый вашим бесом, на 20%. С вероятностью 66% в результате критического удара вашего беса вероятность нанести критический удар вашим следующим заклинанием повышается на 100%. Время действия – 8 сек." lvl="2"/>
        <rank description="Увеличивает урон, наносимый вашим бесом, на 30%. С вероятностью 100% в результате критического удара вашего беса вероятность нанести критический удар вашим следующим заклинанием повышается на 100%. Время действия – 8 сек." lvl="3"/>
      </talent>
      <talent column="1" icon="ability_warlock_fireandbrimstone" key="1890" name="Огонь и сера" tier="9">
        <rank description="Усиливает урон от заклинаний &quot;Испепеление&quot; и &quot;Стрела Хаоса&quot;, наносимый целям, охваченным &quot;Жертвенным огнем&quot;, на 2%, и повышает вероятность критического удара заклинания &quot;Поджигание&quot; на 5%." lvl="1"/>
        <rank description="Усиливает урон от заклинаний &quot;Испепеление&quot; и &quot;Стрела Хаоса&quot;, наносимый целям, охваченным &quot;Жертвенным огнем&quot;, на 4%, и повышает вероятность критического удара заклинания &quot;Поджигание&quot; на 10%." lvl="2"/>
        <rank description="Усиливает урон от заклинаний &quot;Испепеление&quot; и &quot;Стрела Хаоса&quot;, наносимый целям, охваченным &quot;Жертвенным огнем&quot;, на 6%, и повышает вероятность критического удара заклинания &quot;Поджигание&quot; на 15%." lvl="3"/>
        <rank description="Усиливает урон от заклинаний &quot;Испепеление&quot; и &quot;Стрела Хаоса&quot;, наносимый целям, охваченным &quot;Жертвенным огнем&quot;, на 8%, и повышает вероятность критического удара заклинания &quot;Поджигание&quot; на 20%." lvl="4"/>
        <rank description="Усиливает урон от заклинаний &quot;Испепеление&quot; и &quot;Стрела Хаоса&quot;, наносимый целям, охваченным &quot;Жертвенным огнем&quot;, на 10%, и повышает вероятность критического удара заклинания &quot;Поджигание&quot; на 25%." lvl="5"/>
      </talent>
      <talent column="1" icon="ability_warlock_chaosbolt" key="1891" name="Стрела Хаоса" tier="10">
        <rank description="Поражает противника стрелой Хаоса, наносящей 837 - 1061 ед. урона от огня. Стрела Хаоса преодолевает сопротивление противника и игнорирует все эффекты поглощения." lvl="1"/>
        <spell castTime="2500" cooldown="12000" maxRange="30">
          <power cost="7" type="mana"/>
        </spell>
      </talent>
    </tree>
    <tree bgImage="WarlockSummoning" icon="spell_shadow_metamorphosis" key="Demonology" name="Демонология" order="1">
      <talent column="0" icon="inv_stone_04" key="1221" name="Улучшенный камень здоровья" tier="0">
        <rank description="Увеличение на 10% количества здоровья, восполняемого камнем здоровья." lvl="1"/>
        <rank description="Увеличение на 20% количества здоровья, восполняемого камнем здоровья." lvl="2"/>
      </talent>
      <talent column="1" icon="spell_shadow_summonimp" key="1222" name="Усиленный бес" tier="0">
        <rank description="Увеличивает эффективность заклинаний &quot;Огненная стрела&quot;, &quot;Огненный щит&quot; и &quot;Кровавый союз&quot; вашего беса на 10%." lvl="1"/>
        <rank description="Увеличивает эффективность заклинаний &quot;Огненная стрела&quot;, &quot;Огненный щит&quot; и &quot;Кровавый союз&quot; вашего беса на 20%." lvl="2"/>
        <rank description="Увеличивает эффективность заклинаний &quot;Огненная стрела&quot;, &quot;Огненный щит&quot; и &quot;Кровавый союз&quot; вашего беса на 30%." lvl="3"/>
      </talent>
      <talent column="2" icon="spell_shadow_metamorphosis" key="1223" name="Демоническое облачение" tier="0">
        <rank description="Повышает выносливость на 4%." lvl="1"/>
        <rank description="Повышает выносливость на 7%." lvl="2"/>
        <rank description="Повышает выносливость на 10%." lvl="3"/>
      </talent>
      <talent column="3" icon="spell_shadow_felmending" key="1883" name="Узы Скверны" tier="0">
        <rank description="С вероятностью 50% вы можете исцелить прислужника на 15% от объема нанесенного вами урона от заклинаний." lvl="1"/>
        <rank description="С вероятностью 100% вы можете исцелить прислужника на 15% от объема нанесенного вами урона от заклинаний." lvl="2"/>
      </talent>
      <talent column="0" icon="spell_shadow_lifedrain" key="1224" name="Широкий канал здоровья" tier="1">
        <rank description="Увеличивает количество передаваемого здоровья 10% и уменьшает затраты здоровья на 10%. Призванный демон получает на 15% меньше урона во время действия эффекта." lvl="1"/>
        <rank description="Увеличивает количество передаваемого здоровья 20% и уменьшает затраты здоровья на 20%. Призванный демон получает на 30% меньше урона во время действия эффекта." lvl="2"/>
      </talent>
      <talent column="1" icon="spell_shadow_summonvoidwalker" key="1225" name="Демоническая жестокость" tier="1">
        <rank description="Увеличивает эффективность заклинаний демона Бездны &quot;Мучение&quot;, &quot;Поглощение теней&quot;, &quot;Жертвоприношение&quot; и &quot;Муки&quot; на 10% и повышает силу атаки, придаваемую способностью вашего стража Скверны &quot;Демоническое безумие&quot;, на 1%." lvl="1"/>
        <rank description="Увеличивает эффективность заклинаний демона Бездны &quot;Мучение&quot;, &quot;Поглощение теней&quot;, &quot;Жертвоприношение&quot; и &quot;Муки&quot; на 20% и повышает силу атаки, придаваемую способностью вашего стража Скверны &quot;Демоническое безумие&quot;, на 2%." lvl="2"/>
        <rank description="Увеличивает эффективность заклинаний демона Бездны &quot;Мучение&quot;, &quot;Поглощение теней&quot;, &quot;Жертвоприношение&quot; и &quot;Муки&quot; на 30% и повышает силу атаки, придаваемую способностью вашего стража Скверны &quot;Демоническое безумие&quot;, на 3%." lvl="3"/>
      </talent>
      <talent column="2" icon="spell_holy_magicalsentry" key="1242" name="Энергия Скверны" tier="1">
        <rank description="Повышает на 5% интеллект и выносливость беса, демона Бездны, суккуба, охотника Скверны или стража Скверны и увеличивает максимальный запас маны и здоровья заклинателя на 1%." lvl="1"/>
        <rank description="Повышает на 10% интеллект и выносливость беса, демона Бездны, суккуба, охотника Скверны или стража Скверны и увеличивает максимальный запас маны и здоровья заклинателя на 2%." lvl="2"/>
        <rank description="Повышает на 15% интеллект и выносливость беса, демона Бездны, суккуба, охотника Скверны или стража Скверны и увеличивает максимальный запас маны и здоровья заклинателя на 3%." lvl="3"/>
      </talent>
      <talent column="0" icon="spell_shadow_summonsuccubus" key="1243" name="Всевластный суккуб" tier="2">
        <rank description="Сокращает время применения способности &quot;Соблазн&quot; на 22%. Продлевает действие способностей &quot;Соблазн&quot; и &quot;Простая невидимость&quot; на 10%." lvl="1"/>
        <rank description="Сокращает время применения способности &quot;Соблазн&quot; на 44%. Продлевает действие способностей &quot;Соблазн&quot; и &quot;Простая невидимость&quot; на 20%." lvl="2"/>
        <rank description="Сокращает время применения способности &quot;Соблазн&quot; на 66%. Продлевает действие способностей &quot;Соблазн&quot; и &quot;Простая невидимость&quot; на 30%." lvl="3"/>
      </talent>
      <talent column="1" icon="spell_shadow_gathershadows" key="1282" name="Связка души" tier="2">
        <rank description="При активации 20% всего урона, получаемого заклинателем, передается его бесу, демону Бездны, суккубу, охотнику Скверны, Стражу Скверны или порабощенному демону. От этого урона нельзя защититься. Эффект длится, пока демон находится рядом с хозяином и подчиняется ему." lvl="1"/>
        <spell castTime="0" maxRange="100">
          <power cost="16" type="mana"/>
        </spell>
      </talent>
      <talent column="2" icon="spell_nature_removecurse" key="1226" name="Господство Скверны" tier="2">
        <rank description="Сокращает время призыва следующего беса, демона Бездны, суккуба, охотника Скверны или стража Скверны на 5.5 с, а расход маны на вызов – на 50%." lvl="1"/>
        <spell castTime="0" cooldown="180000"/>
      </talent>
      <talent column="3" icon="spell_shadow_ragingscream" key="1671" name="Демоническая эгида" tier="2">
        <rank description="Увеличение эффективности ваших заклинаний &quot;Демонический доспех&quot; и &quot;Доспех Скверны&quot; на 10%." lvl="1"/>
        <rank description="Увеличение эффективности ваших заклинаний &quot;Демонический доспех&quot; и &quot;Доспех Скверны&quot; на 20%." lvl="2"/>
        <rank description="Увеличение эффективности ваших заклинаний &quot;Демонический доспех&quot; и &quot;Доспех Скверны&quot; на 30%." lvl="3"/>
      </talent>
      <talent column="1" icon="spell_shadow_shadowworddominate" key="1262" name="Нечистая сила" requires="1282" tier="3">
        <rank description="Увеличение на 4% урона, наносимого в ближнем бою демоном Бездны, суккубом, охотником скверны или стражем скверны, а также наносимого бесом при применении заклинания &quot;Огненная стрела&quot;." lvl="1"/>
        <rank description="Увеличение на 8% урона, наносимого в ближнем бою демоном Бездны, суккубом, охотником скверны или стражем скверны, а также наносимого бесом при применении заклинания &quot;Огненная стрела&quot;." lvl="2"/>
        <rank description="Увеличение на 12% урона, наносимого в ближнем бою демоном Бездны, суккубом, охотником скверны или стражем скверны, а также наносимого бесом при применении заклинания &quot;Огненная стрела&quot;." lvl="3"/>
        <rank description="Увеличение на 16% урона, наносимого в ближнем бою демоном Бездны, суккубом, охотником скверны или стражем скверны, а также наносимого бесом при применении заклинания &quot;Огненная стрела&quot;." lvl="4"/>
        <rank description="Увеличение на 20% урона, наносимого в ближнем бою демоном Бездны, суккубом, охотником скверны или стражем скверны, а также наносимого бесом при применении заклинания &quot;Огненная стрела&quot;." lvl="5"/>
      </talent>
      <talent column="2" icon="spell_shadow_impphaseshift" key="1227" name="Мастер призыва" requires="1226" tier="3">
        <rank description="Снижает время призыва беса, демона Бездны, суккуба, охотника Скверны и стража Скверны на 2 сек., а расход маны на призыв – на 20%." lvl="1"/>
        <rank description="Снижает время призыва беса, демона Бездны, суккуба, охотника Скверны и стража Скверны на 4 сек., а расход маны на призыв – на 40%." lvl="2"/>
      </talent>
      <talent column="0" icon="spell_shadow_manafeed" key="1281" name="Манакорм" requires="1262" tier="4">
        <rank description="Когда вы получаете ману при помощи заклинаний &quot;Похищение маны&quot; или &quot;Жизнеотвод&quot;, ваш питомец получает 100% от полученной вами маны." lvl="1"/>
      </talent>
      <talent column="2" icon="inv_ammo_firetar" key="1261" name="Чудо созидания" tier="4">
        <rank description="Увеличивает бонусы боевых рейтингов от использования камня огня или камня чар на 150%." lvl="1"/>
        <rank description="Увеличивает бонусы боевых рейтингов от использования камня огня или камня чар на 300%." lvl="2"/>
      </talent>
      <talent column="1" icon="spell_shadow_shadowpact" key="1244" name="Мастер-демонолог" requires="1262" tier="5">
        <rank description="Наделяет демона и заклинателя эффектом, длящимся все время, пока жив демон.&lt;br/&gt;&lt;br/&gt;Бес – повышает наносимый урон от огня на 1%, а шанс критического эффекта заклинаниями огня – на 1%.&lt;br/&gt;&lt;br/&gt;Демон Бездны – снижает получаемый физический урон на 2%.&lt;br/&gt;&lt;br/&gt;Суккуб – повышает наносимый урон от темной магии на 1%, а шанс критического эффекта заклинаниями темной магии – на 1%.&lt;br/&gt;&lt;br/&gt;Охотник Скверны – снижает получаемый магический урон на 2%.&lt;br/&gt;&lt;br/&gt;Страж Скверны – повышает весь наносимый урон на 1% и снижает весь получаемый урон на 1%." lvl="1"/>
        <rank description="Наделяет демона и заклинателя эффектом, длящимся все время, пока жив демон.&lt;br/&gt;&lt;br/&gt;Бес – повышает наносимый урон от огня на 2%, а шанс критического эффекта заклинаниями огня – на 2%.&lt;br/&gt;&lt;br/&gt;Демон Бездны – снижает получаемый физический урон на 4%.&lt;br/&gt;&lt;br/&gt;Суккуб – повышает наносимый урон от темной магии на 2%, а шанс критического эффекта заклинаниями темной магии – на 2%.&lt;br/&gt;&lt;br/&gt;Охотник Скверны – снижает получаемый магический урон на 4%.&lt;br/&gt;&lt;br/&gt;Страж Скверны – повышает весь наносимый урон на 2% и снижает весь получаемый урон на 2%." lvl="2"/>
        <rank description="Наделяет демона и заклинателя эффектом, длящимся все время, пока жив демон.&lt;br/&gt;&lt;br/&gt;Бес – повышает наносимый урон от огня на 3%, а шанс критического эффекта заклинаниями огня – на 3%.&lt;br/&gt;&lt;br/&gt;Демон Бездны – снижает получаемый физический урон на 6%.&lt;br/&gt;&lt;br/&gt;Суккуб – повышает наносимый урон от темной магии на 3%, а шанс критического эффекта заклинаниями темной магии – на 3%.&lt;br/&gt;&lt;br/&gt;Охотник Скверны – снижает получаемый магический урон на 6%.&lt;br/&gt;&lt;br/&gt;Страж Скверны – повышает весь наносимый урон на 3% и снижает весь получаемый урон на 3%." lvl="3"/>
        <rank description="Наделяет демона и заклинателя эффектом, длящимся все время, пока жив демон.&lt;br/&gt;&lt;br/&gt;Бес – повышает наносимый урон от огня на 4%, а шанс критического эффекта заклинаниями огня – на 4%.&lt;br/&gt;&lt;br/&gt;Демон Бездны – снижает получаемый физический урон на 8%.&lt;br/&gt;&lt;br/&gt;Суккуб – повышает наносимый урон от темной магии на 4%, а шанс критического эффекта заклинаниями темной магии – на 4%.&lt;br/&gt;&lt;br/&gt;Охотник Скверны – снижает получаемый магический урон на 8%.&lt;br/&gt;&lt;br/&gt;Страж Скверны – повышает весь наносимый урон на 4% и снижает весь получаемый урон на 4%." lvl="4"/>
        <rank description="Наделяет демона и заклинателя эффектом, длящимся все время, пока жив демон.&lt;br/&gt;&lt;br/&gt;Бес – повышает наносимый урон от огня на 5%, а шанс критического эффекта заклинаниями огня – на 5%.&lt;br/&gt;&lt;br/&gt;Демон Бездны – снижает получаемый физический урон на 10%.&lt;br/&gt;&lt;br/&gt;Суккуб – повышает наносимый урон от темной магии на 5%, а шанс критического эффекта заклинаниями темной магии – на 5%.&lt;br/&gt;&lt;br/&gt;Охотник Скверны – снижает получаемый магический урон на 10%.&lt;br/&gt;&lt;br/&gt;Страж Скверны – повышает весь наносимый урон на 5% и снижает весь получаемый урон на 5%." lvl="5"/>
      </talent>
      <talent column="2" icon="ability_warlock_moltencore" key="1283" name="Огненные недра" tier="5">
        <rank description="Увеличивает время действия заклинания &quot;Жертвенный огонь&quot; на 3 сек. Нанося урон заклинанием &quot;Порча&quot;, вы с вероятностью 4% можете попасть под действие эффекта &quot;Огненные недра&quot;. Он усиливает три заклинания &quot;Испепеление&quot; или &quot;Ожог души&quot;, произнесенные в течение последующих 15 сек.&lt;br/&gt;&lt;br/&gt;&quot;Испепеление&quot;: увеличивает урон на 6% и сокращает время произнесения на 10%.&lt;br/&gt;&lt;br/&gt;&quot;Ожог души&quot;: увеличивает урон на 6% повышает вероятность критического удара на 5%." lvl="1"/>
        <rank description="Увеличивает время действия заклинания &quot;Жертвенный огонь&quot; на 6 сек. Нанося урон заклинанием &quot;Порча&quot;, вы с вероятностью 8% можете попасть под действие эффекта &quot;Огненные недра&quot;. Он усиливает три заклинания &quot;Испепеление&quot; или &quot;Ожог души&quot;, произнесенные в течение последующих 15 сек.&lt;br/&gt;&lt;br/&gt;&quot;Испепеление&quot;: увеличивает урон на 12% и сокращает время произнесения на 20%.&lt;br/&gt;&lt;br/&gt;&quot;Ожог души&quot;: увеличивает урон на 12% повышает вероятность критического удара на 10%." lvl="2"/>
        <rank description="Увеличивает время действия заклинания &quot;Жертвенный огонь&quot; на 9 сек. Нанося урон заклинанием &quot;Порча&quot;, вы с вероятностью 12% можете попасть под действие эффекта &quot;Огненные недра&quot;. Он усиливает три заклинания &quot;Испепеление&quot; или &quot;Ожог души&quot;, произнесенные в течение последующих 15 сек.&lt;br/&gt;&lt;br/&gt;&quot;Испепеление&quot;: увеличивает урон на 18% и сокращает время произнесения на 30%.&lt;br/&gt;&lt;br/&gt;&quot;Ожог души&quot;: увеличивает урон на 18% повышает вероятность критического удара на 15%." lvl="3"/>
      </talent>
      <talent column="0" icon="spell_shadow_demonicfortitude" key="1680" name="Демоническая устойчивость" tier="6">
        <rank description="Снижение на 1% вероятности получения критического урона от атак ближнего боя и заклинаний, а также снижение на 5% урона, получаемого призванным демоном." lvl="1"/>
        <rank description="Снижение на 2% вероятности получения критического урона от атак ближнего боя и заклинаний, а также снижение на 10% урона, получаемого призванным демоном." lvl="2"/>
        <rank description="Снижение на 3% вероятности получения критического урона от атак ближнего боя и заклинаний, а также снижение на 15% урона, получаемого призванным демоном." lvl="3"/>
      </talent>
      <talent column="1" icon="ability_warlock_demonicempowerment" key="1880" name="Демоническое могущество" requires="1244" tier="6">
        <rank description="Накладывает на призванного демона особый эффект.&lt;br/&gt;&lt;br/&gt;Бес: увеличение вероятности критического удара заклинаний на 20% на 30 сек.&lt;br/&gt;&lt;br/&gt;Демон Бездны: увеличение здоровья на 20% и повышение создаваемой заклинаниями и атаками угрозы на 20% на 20 сек.&lt;br/&gt;&lt;br/&gt;Суккуб: моментальный переход в состояние улучшенной невидимости. При этом с суккуба снимаются все оглушающие, сковывающие и затрудняющие передвижение эффекты.&lt;br/&gt;&lt;br/&gt;Охотник Скверны: рассеивание всех наложенных на охотника Скверны магических эффектов.&lt;br/&gt;&lt;br/&gt;Страж Скверны: увеличение скорости атаки на 20%, снятие всех оглушающих, сковывающих и затрудняющих передвижение эффектов и наложение невосприимчивости к ним. Время действия – 15 сек." lvl="1"/>
        <spell castTime="0" cooldown="60000" maxRange="100">
          <power cost="6" type="mana"/>
        </spell>
      </talent>
      <talent column="2" icon="spell_shadow_improvedvampiricembrace" key="1263" name="Демоническое знание" tier="6">
        <rank description="Увеличивает урон, наносимый заклинаниями, на величину, равную 4% суммы интеллекта и выносливости призванного демона." lvl="1"/>
        <rank description="Увеличивает урон, наносимый заклинаниями, на величину, равную 8% суммы интеллекта и выносливости призванного демона." lvl="2"/>
        <rank description="Увеличивает урон, наносимый заклинаниями, на величину, равную 12% суммы интеллекта и выносливости призванного демона." lvl="3"/>
      </talent>
      <talent column="1" icon="spell_shadow_demonictactics" key="1673" name="Власть над демонами" tier="7">
        <rank description="Увеличивает вероятность критического удара в ближнем бою или при наложении заклинаний у вас и вызванного вами демона на 2%." lvl="1"/>
        <rank description="Увеличивает вероятность критического удара в ближнем бою или при наложении заклинаний у вас и вызванного вами демона на 4%." lvl="2"/>
        <rank description="Увеличивает вероятность критического удара в ближнем бою или при наложении заклинаний у вас и вызванного вами демона на 6%." lvl="3"/>
        <rank description="Увеличивает вероятность критического удара в ближнем бою или при наложении заклинаний у вас и вызванного вами демона на 8%." lvl="4"/>
        <rank description="Увеличивает вероятность критического удара в ближнем бою или при наложении заклинаний у вас и вызванного вами демона на 10%." lvl="5"/>
      </talent>
      <talent column="2" icon="spell_fire_fireball02" key="2261" name="Истребление" tier="7">
        <rank description="Если ваши заклинания &quot;Стрела Тьмы&quot;, &quot;Испепеление&quot; или &quot;Ожог души&quot; попадают по цели, у которой осталось 35% здоровья или менее, следующее заклинание &quot;Ожог души&quot; не потребует осколков души, а время его применения сократится на 20%. Время действия — 10 сек." lvl="1"/>
        <rank description="Если ваши заклинания &quot;Стрела Тьмы&quot;, &quot;Испепеление&quot; или &quot;Ожог души&quot; попадают по цели, у которой осталось 35% здоровья или менее, следующее заклинание &quot;Ожог души&quot; не потребует осколков души, а время его применения сократится на 40%. Время действия — 10 сек." lvl="2"/>
      </talent>
      <talent column="0" icon="ability_warlock_improveddemonictactics" key="1882" name="Полная власть над демонами" requires="1673" tier="8">
        <rank description="Увеличивает вероятность критического удара призванного демона на 10% от вашей вероятности критического удара." lvl="1"/>
        <rank description="Увеличивает вероятность критического удара призванного демона на 20% от вашей вероятности критического удара." lvl="2"/>
        <rank description="Увеличивает вероятность критического удара призванного демона на 30% от вашей вероятности критического удара." lvl="3"/>
      </talent>
      <talent column="1" icon="spell_shadow_summonfelguard" key="1672" name="Призыв стража Скверны" tier="8">
        <rank description="Призыв стража Скверны, подчиняющегося чернокнижнику." lvl="1"/>
        <spell castTime="10000">
          <power cost="80" type="mana"/>
        </spell>
      </talent>
      <talent column="2" icon="spell_shadow_demonicempathy" key="1884" name="Мщение" tier="8">
        <rank description="Сокращает время восстановления заклинаний &quot;Демоническое могущество&quot;, &quot;Метаморфоза&quot; и &quot;Господство Скверны&quot; на 10%." lvl="1"/>
        <rank description="Сокращает время восстановления заклинаний &quot;Демоническое могущество&quot;, &quot;Метаморфоза&quot; и &quot;Господство Скверны&quot; на 20%." lvl="2"/>
        <rank description="Сокращает время восстановления заклинаний &quot;Демоническое могущество&quot;, &quot;Метаморфоза&quot; и &quot;Господство Скверны&quot; на 30%." lvl="3"/>
      </talent>
      <talent column="1" icon="spell_shadow_demonicpact" key="1885" name="Демонический союз" tier="9">
        <rank description="Увеличивает силу заклинаний на 2%. Критические удары вашего прислужника накладывают на членов группы и рейда эффект &quot;Демонический союз&quot;, увеличивающий урон от заклинаний на 2% от вашей силы заклинаний на 45 сек. Время восстановления – 20 сек. Не работает с порабощенными демонами." lvl="1"/>
        <rank description="Увеличивает силу заклинаний на 4%. Критические удары вашего прислужника накладывают на членов группы и рейда эффект &quot;Демонический союз&quot;, увеличивающий урон от заклинаний на 4% от вашей силы заклинаний на 45 сек. Время восстановления – 20 сек. Не работает с порабощенными демонами." lvl="2"/>
        <rank description="Увеличивает силу заклинаний на 6%. Критические удары вашего прислужника накладывают на членов группы и рейда эффект &quot;Демонический союз&quot;, увеличивающий урон от заклинаний на 6% от вашей силы заклинаний на 45 сек. Время восстановления – 20 сек. Не работает с порабощенными демонами." lvl="3"/>
        <rank description="Увеличивает силу заклинаний на 8%. Критические удары вашего прислужника накладывают на членов группы и рейда эффект &quot;Демонический союз&quot;, увеличивающий урон от заклинаний на 8% от вашей силы заклинаний на 45 сек. Время восстановления – 20 сек. Не работает с порабощенными демонами." lvl="4"/>
        <rank description="Увеличивает силу заклинаний на 10%. Критические удары вашего прислужника накладывают на членов группы и рейда эффект &quot;Демонический союз&quot;, увеличивающий урон от заклинаний на 10% от вашей силы заклинаний на 45 сек. Время восстановления – 20 сек. Не работает с порабощенными демонами." lvl="5"/>
      </talent>
      <talent column="1" icon="spell_shadow_demonform" key="1886" name="Метаморфоза" tier="10">
        <rank description="Вы превращаетесь в демона на 30 сек. Ваша броня усиливается на 600%, наносимый урон увеличивается на 20%, вероятность, что атаки ближнего боя нанесут вам критическое повреждение, уменьшается на 6%, а длительность действия эффектов оглушения и сковывания снижается на 50%. Вы приобретаете уникальные демонические способности вдобавок к своим обычным. Время восстановления – 3 минуты." lvl="1"/>
      </talent>
    </tree>
    <tree bgImage="WarlockCurses" icon="spell_shadow_deathcoil" key="Affliction" name="Колдовство" order="0">
      <talent column="0" icon="spell_shadow_curseofsargeras" key="1284" name="Улучшенное проклятие агонии" tier="0">
        <rank description="Увеличение урона, нанесенного заклинанием &quot;Проклятие агонии&quot;, на 5%." lvl="1"/>
        <rank description="Увеличение урона, нанесенного заклинанием &quot;Проклятие агонии&quot;, на 10%." lvl="2"/>
      </talent>
      <talent column="1" icon="spell_shadow_unsummonbuilding" key="1005" name="Подавление" tier="0">
        <rank description="Повышает вероятность попадания заклинаниями по цели на 1%, а также снижает расход маны на заклинания категории &quot;Колдовство&quot; на 2%." lvl="1"/>
        <rank description="Повышает вероятность попадания заклинаниями по цели на 2%, а также снижает расход маны на заклинания категории &quot;Колдовство&quot; на 4%." lvl="2"/>
        <rank description="Повышает вероятность попадания заклинаниями по цели на 3%, а также снижает расход маны на заклинания категории &quot;Колдовство&quot; на 6%." lvl="3"/>
      </talent>
      <talent column="2" icon="spell_shadow_abominationexplosion" key="1003" name="Усиленная порча" tier="0">
        <rank description="Увеличивает урон от заклинания &quot;Порча&quot; на 2%. Повышает вероятность критического эффекта заклинания &quot;Семя порчи&quot; на 1%." lvl="1"/>
        <rank description="Увеличивает урон от заклинания &quot;Порча&quot; на 4%. Повышает вероятность критического эффекта заклинания &quot;Семя порчи&quot; на 2%." lvl="2"/>
        <rank description="Увеличивает урон от заклинания &quot;Порча&quot; на 6%. Повышает вероятность критического эффекта заклинания &quot;Семя порчи&quot; на 3%." lvl="3"/>
        <rank description="Увеличивает урон от заклинания &quot;Порча&quot; на 8%. Повышает вероятность критического эффекта заклинания &quot;Семя порчи&quot; на 4%." lvl="4"/>
        <rank description="Увеличивает урон от заклинания &quot;Порча&quot; на 10%. Повышает вероятность критического эффекта заклинания &quot;Семя порчи&quot; на 5%." lvl="5"/>
      </talent>
      <talent column="0" icon="spell_shadow_curseofmannoroth" key="1006" name="Гнетущее проклятие слабости" tier="1">
        <rank description="Повышает эффективность снижения силы атаки под действием вашего заклинания &quot;Проклятие слабости&quot; на 10%." lvl="1"/>
        <rank description="Повышает эффективность снижения силы атаки под действием вашего заклинания &quot;Проклятие слабости&quot; на 20%." lvl="2"/>
      </talent>
      <talent column="1" icon="spell_shadow_haunting" key="1101" name="Улучшенное похищение души" tier="1">
        <rank description="Восполняет 7% максимального запаса маны при условии, что вы убили противника в процессе применения заклинания &quot;Похищение души&quot;, а также снижает на 10% угрозу, создаваемую заклинаниями категории &quot;Колдовство&quot;." lvl="1"/>
        <rank description="Восполняет 15% максимального запаса маны при условии, что вы убили противника в процессе применения заклинания &quot;Похищение души&quot;, а также снижает на 20% угрозу, создаваемую заклинаниями категории &quot;Колдовство&quot;." lvl="2"/>
      </talent>
      <talent column="2" icon="spell_shadow_burningspirit" key="1007" name="Улучшенный жизнеотвод" tier="1">
        <rank description="Увеличение количества маны, полученной при использовании заклинания &quot;Жизнеотвод&quot;, на 10%." lvl="1"/>
        <rank description="Увеличение количества маны, полученной при использовании заклинания &quot;Жизнеотвод&quot;, на 20%." lvl="2"/>
      </talent>
      <talent column="3" icon="spell_shadow_lifedrain02" key="1004" name="Вытягивание души" tier="1">
        <rank description="Увеличивает количество здоровья, вытягиваемого из противника при помощи заклинаний &quot;Похищение жизни&quot; и &quot;Похищение души&quot; на 3% за каждый эффект категории &quot;Колдовство&quot;, наложенный на цель. Максимально возможное увеличение – 9%." lvl="1"/>
        <rank description="Увеличивает количество здоровья, вытягиваемого из противника при помощи заклинаний &quot;Похищение жизни&quot; и &quot;Похищение души&quot; на 6% за каждый эффект категории &quot;Колдовство&quot;, наложенный на цель. Максимально возможное увеличение – 18%." lvl="2"/>
      </talent>
      <talent column="0" icon="spell_shadow_possession" key="2205" name="Леденящий страх" tier="2">
        <rank description="Заклинание &quot;Страх&quot; по окончании действия насылает на противника &quot;Ночной кошмар&quot;. &quot;Ночной кошмар&quot; замедляет скорость передвижения цели на 15% в течение 5 сек." lvl="1"/>
        <rank description="Заклинание &quot;Страх&quot; по окончании действия насылает на противника &quot;Ночной кошмар&quot;. &quot;Ночной кошмар&quot; замедляет скорость передвижения цели на 30% в течение 5 сек." lvl="2"/>
      </talent>
      <talent column="1" icon="spell_shadow_fingerofdeath" key="1001" name="Сосредоточение Скверны" tier="2">
        <rank description="Сокращает время, теряемое в случае получения урона при произнесении заклинаний &quot;Похищение жизни&quot;, &quot;Похищение маны&quot;, &quot;Похищение души&quot;, &quot;Нестабильное колдовство&quot; и &quot;Блуждающий дух&quot;, на 23%." lvl="1"/>
        <rank description="Сокращает время, теряемое в случае получения урона при произнесении заклинаний &quot;Похищение жизни&quot;, &quot;Похищение маны&quot;, &quot;Похищение души&quot; и &quot;Нестабильное колдовство&quot;, на 46%." lvl="2"/>
        <rank description="Сокращает время, теряемое в случае получения урона при произнесении заклинаний &quot;Похищение жизни&quot;, &quot;Похищение маны&quot;, &quot;Похищение души&quot;, &quot;Нестабильное колдовство&quot; и &quot;Блуждающий дух&quot;, на 70%." lvl="3"/>
      </talent>
      <talent column="2" icon="spell_shadow_contagion" key="1061" name="Усиление проклятия" tier="2">
        <rank description="Уменьшает время восстановления ваших проклятий на 0.5 сек." lvl="1"/>
      </talent>
      <talent column="0" icon="spell_shadow_callofbone" key="1021" name="Предел мрака" tier="3">
        <rank description="Увеличение дальности действия ваших заклинаний категории &quot;Колдовство&quot; на 10%." lvl="1"/>
        <rank description="Увеличение дальности действия ваших заклинаний категории &quot;Колдовство&quot; на 20%." lvl="2"/>
      </talent>
      <talent column="1" icon="spell_shadow_twilight" key="1002" name="Сумерки" tier="3">
        <rank description="Заклинания &quot;Порча&quot; и &quot;Похищение жизни&quot; с вероятностью 2% после нанесения урона противнику позволят войти в состояние &quot;Теневой транс&quot;. &quot;Теневой транс&quot; снижает время наложения следующего заклинания &quot;Стрела Тьмы&quot; на 100%." lvl="1"/>
        <rank description="Заклинания &quot;Порча&quot; и &quot;Похищение жизни&quot; с вероятностью 4% после нанесения урона противнику позволят войти в состояние &quot;Теневой транс&quot;. &quot;Теневой транс&quot; снижает время наложения следующего заклинания &quot;Стрела Тьмы&quot; на 100%." lvl="2"/>
      </talent>
      <talent column="3" icon="spell_shadow_abominationexplosion" key="1764" name="Усугубленная порча" tier="3">
        <rank description="Урон от заклинания &quot;Порча&quot; увеличивается на 12% вашей силы заклинаний." lvl="1"/>
        <rank description="Урон от заклинания &quot;Порча&quot; увеличивается на 24% вашей силы заклинаний." lvl="2"/>
        <rank description="Урон от заклинания &quot;Порча&quot; увеличивается на 36% вашей силы заклинаний." lvl="3"/>
      </talent>
      <talent column="0" icon="spell_shadow_shadowembrace" key="1763" name="Объятия Тьмы" tier="4">
        <rank description="Заклинания &quot;Стрела тьмы&quot; и &quot;Блуждающий дух&quot; накладывают на цель эффект &quot;Объятия Тьмы&quot;, который увеличивает наносимый вами периодический урон от темной магии на 1% и снижает эффективность применяемого к цели периодического исцеления на 2%. Время действия – 12 сек. Эффект суммируется до 3 раз." lvl="1"/>
        <rank description="Заклинания &quot;Стрела тьмы&quot; и &quot;Блуждающий дух&quot; накладывают на цель эффект &quot;Объятия Тьмы&quot;, который увеличивает наносимый вами периодический урон от темной магии на 2% и снижает эффективность применяемого к цели периодического исцеления на 4%. Время действия – 12 сек. Эффект суммируется до 3 раз." lvl="2"/>
        <rank description="Заклинания &quot;Стрела тьмы&quot; и &quot;Блуждающий дух&quot; накладывают на цель эффект &quot;Объятия Тьмы&quot;, который увеличивает наносимый вами периодический урон от темной магии на 3% и снижает эффективность применяемого к цели периодического исцеления на 6%. Время действия – 12 сек. Эффект суммируется до 3 раз." lvl="3"/>
        <rank description="Заклинания &quot;Стрела тьмы&quot; и &quot;Блуждающий дух&quot; накладывают на цель эффект &quot;Объятия Тьмы&quot;, который увеличивает наносимый вами периодический урон от темной магии на 4% и снижает эффективность применяемого к цели периодического исцеления на 8%. Время действия – 12 сек. Эффект суммируется до 3 раз." lvl="4"/>
        <rank description="Заклинания &quot;Стрела тьмы&quot; и &quot;Блуждающий дух&quot; накладывают на цель эффект &quot;Объятия Тьмы&quot;, который увеличивает наносимый вами периодический урон от темной магии на 5% и снижает эффективность применяемого к цели периодического исцеления на 10%. Время действия – 12 сек. Эффект суммируется до 3 раз." lvl="5"/>
      </talent>
      <talent column="1" icon="spell_shadow_requiem" key="1041" name="Вытягивание жизни" tier="4">
        <rank description="Нанося урон заклинанием &quot;Порча&quot;, вы восстанавливаете себе здоровье в объеме 40% от нанесенного урона. Урон периодических эффектов заклинаний &quot;Порча&quot;, &quot;Семя порчи&quot; и &quot;Нестабильное колдовство&quot; увеличивается на 5%." lvl="1"/>
      </talent>
      <talent column="2" icon="spell_shadow_grimward" key="1081" name="Проклятие изнеможения" requires="1061" tier="4">
        <rank description="Снижение скорости передвижения цели на 30% на 12 сек. Каждый чернокнижник может наложить на каждую цель только одно проклятие." lvl="1"/>
        <spell castTime="0" maxRange="30">
          <power cost="6" type="mana"/>
        </spell>
      </talent>
      <talent column="0" icon="spell_shadow_summonfelhunter" key="1873" name="Матерый охотник Скверны" tier="5">
        <rank description="Ваш охотник Скверны восполняет 4% от своего максимального запаса маны при нанесении урона способностью &quot;Укус тьмы&quot;. Время восстановления этой способности сокращается на 2 с. Эффективность способности &quot;Интеллект Скверны&quot; повышается на 5%." lvl="1"/>
        <rank description="Ваш охотник Скверны восполняет 8% от своего максимального запаса маны при нанесении урона способностью &quot;Укус тьмы&quot;. Время восстановления этой способности сокращается на 4 с. Эффективность способности &quot;Интеллект Скверны&quot; повышается на 10%." lvl="2"/>
      </talent>
      <talent column="1" icon="spell_shadow_shadetruesight" key="1042" name="Власть над Тенями" requires="1041" tier="5">
        <rank description="Увеличивает количество здоровья, похищаемое вашими заклинаниями темной магии, а также урон, наносимый вашими заклинаниями темной магии и способностью &quot;Укус Тьмы&quot; вашего охотника Скверны, на 3%." lvl="1"/>
        <rank description="Увеличивает количество здоровья, похищаемое вашими заклинаниями темной магии, а также урон, наносимый вашими заклинаниями темной магии и способностью &quot;Укус Тьмы&quot; вашего охотника Скверны, на 6%." lvl="2"/>
        <rank description="Увеличивает количество здоровья, похищаемое вашими заклинаниями темной магии, а также урон, наносимый вашими заклинаниями темной магии и способностью &quot;Укус Тьмы&quot; вашего охотника Скверны, на 9%." lvl="3"/>
        <rank description="Увеличивает количество здоровья, похищаемое вашими заклинаниями темной магии, а также урон, наносимый вашими заклинаниями темной магии и способностью &quot;Укус Тьмы&quot; вашего охотника Скверны, на 12%." lvl="4"/>
        <rank description="Увеличивает количество здоровья, похищаемое вашими заклинаниями темной магии, а также урон, наносимый вашими заклинаниями темной магии и способностью &quot;Укус Тьмы&quot; вашего охотника Скверны, на 15%." lvl="5"/>
      </talent>
      <talent column="0" icon="ability_warlock_eradication" key="1878" name="Изничтожение" tier="6">
        <rank description="При нанесении урона &quot;Порчей&quot; вы с 6%-й вероятностью можете увеличить скорость применения заклинаний на 6%. Время действия — 10 сек." lvl="1"/>
        <rank description="При нанесении урона &quot;Порчей&quot; вы с 6%-й вероятностью можете увеличить скорость применения заклинаний на 12%. Время действия — 10 сек." lvl="2"/>
        <rank description="При нанесении урона &quot;Порчей&quot; вы с 6%-й вероятностью можете увеличить скорость применения заклинаний на 20%. Время действия — 10 сек." lvl="3"/>
      </talent>
      <talent column="1" icon="spell_shadow_painfulafflictions" key="1669" name="Зараза" tier="6">
        <rank description="Увеличивает урон от заклинаний &quot;Проклятие агонии&quot;, &quot;Порча&quot; и &quot;Семя порчи&quot; на 1% и снижает на 6% вероятность того, что благотворные заклинания категории &quot;Колдовство&quot; и заклинания, наносящие периодический урон, будут рассеяны." lvl="1"/>
        <rank description="Увеличивает урон от заклинаний &quot;Проклятие агонии&quot;, &quot;Порча&quot; и &quot;Семя порчи&quot; на 2% и снижает на 12% вероятность того, что благотворные заклинания категории &quot;Колдовство&quot; и заклинания, наносящие периодический урон, будут рассеяны." lvl="2"/>
        <rank description="Увеличивает урон от заклинаний &quot;Проклятие агонии&quot;, &quot;Порча&quot; и &quot;Семя порчи&quot; на 3% и снижает на 18% вероятность того, что благотворные заклинания категории &quot;Колдовство&quot; и заклинания, наносящие периодический урон, будут рассеяны." lvl="3"/>
        <rank description="Увеличивает урон от заклинаний &quot;Проклятие агонии&quot;, &quot;Порча&quot; и &quot;Семя порчи&quot; на 4% и снижает на 24% вероятность того, что благотворные заклинания категории &quot;Колдовство&quot; и заклинания, наносящие периодический урон, будут рассеяны." lvl="4"/>
        <rank description="Увеличивает урон от заклинаний &quot;Проклятие агонии&quot;, &quot;Порча&quot; и &quot;Семя порчи&quot; на 5% и снижает на 30% вероятность того, что благотворные заклинания категории &quot;Колдовство&quot; и заклинания, наносящие периодический урон, будут рассеяны." lvl="5"/>
      </talent>
      <talent column="2" icon="spell_shadow_darkritual" key="1022" name="Темный союз" tier="6">
        <rank description="Похищает 305 ед. маны вашего питомца и восстанавливает такое же количество маны у вашего персонажа." lvl="1"/>
      </talent>
      <talent column="0" icon="spell_shadow_deathscream" key="1668" name="Пронзительный вой ужаса" tier="7">
        <rank description="Сокращает время произнесения заклинания &quot;Вой ужаса&quot; на 0.8 сек." lvl="1"/>
        <rank description="Сокращает время произнесения заклинания &quot;Вой ужаса&quot; на 1.5 сек." lvl="2"/>
      </talent>
      <talent column="2" icon="spell_shadow_curseofachimonde" key="1667" name="Злое слово" tier="7">
        <rank description="Повышает урон от заклинаний на 1%, увеличивает вероятность нанести критический удар от периодических эффектов &quot;Порчи&quot; и &quot;Нестабильного колдовства&quot; на 3%.&quot;" lvl="1"/>
        <rank description="Повышает урон от заклинаний на 2%, увеличивает вероятность нанести критический удар от периодических эффектов &quot;Порчи&quot; и &quot;Нестабильного колдовства&quot; на 6%.&quot;" lvl="2"/>
        <rank description="Повышает урон от заклинаний на 3%, увеличивает вероятность нанести критический удар от периодических эффектов &quot;Порчи&quot; и &quot;Нестабильного колдовства&quot; на 9%.&quot;" lvl="3"/>
      </talent>
      <talent column="0" icon="spell_shadow_deathsembrace" key="1875" name="Объятия смерти" tier="8">
        <rank description="Увеличивает количество здоровья, вытягиваемого вашим заклинанием &quot;Похищение жизни&quot;, на 10%, когда у вас остается 20% здоровья или менее, и увеличивает урон от ваших заклинаний темной магии на 4%, когда у цели остается 35% здоровья или менее." lvl="1"/>
        <rank description="Увеличивает количество здоровья, вытягиваемого вашим заклинанием &quot;Похищение жизни&quot;, на 20%, когда у вас остается 20% здоровья или менее, и увеличивает урон от ваших заклинаний темной магии на 8%, когда у цели остается 35% здоровья или менее." lvl="2"/>
        <rank description="Увеличивает количество здоровья, вытягиваемого вашим заклинанием &quot;Похищение жизни&quot;, на 30%, когда у вас остается 20% здоровья или менее, и увеличивает урон от ваших заклинаний темной магии на 12%, когда у цели остается 35% здоровья или менее." lvl="3"/>
      </talent>
      <talent column="1" icon="spell_shadow_unstableaffliction_3" key="1670" name="Нестабильное колдовство" requires="1669" tier="8">
        <rank description="Энергия Тьмы медленно разлагает цель, нанося ей 550 ед. урона в течение 15 сек. Кроме того, тот, кто рассеет заклинание &quot;Нестабильное колдовство&quot;, получит 990 ед. урона и онемеет на 5 сек. Чернокнижник может наложить только одно заклинание &quot;Жертвенный огонь&quot; или &quot;Нестабильное колдовство&quot; на одну цель." lvl="1"/>
        <spell castTime="1500" maxRange="30">
          <power cost="15" type="mana"/>
        </spell>
      </talent>
      <talent column="2" icon="spell_shadow_unstableaffliction_2" key="2245" name="Пандемия" requires="1670" tier="8">
        <rank description="Периодический урон от заклинаний &quot;Порча&quot; и &quot;Нестабильное колдовство&quot; может быть критическим (увеличенным на 100%). Дополнительный урон при критическом эффекте заклинания &quot;Блуждающий дух&quot; увеличивается на 100%." lvl="1"/>
      </talent>
      <talent column="1" icon="ability_warlock_everlastingaffliction" key="1876" name="Беспрерывное колдовство" tier="9">
        <rank description="Урон от заклинаний &quot;Порча&quot; и &quot;Нестабильное колдовство&quot; дополнительно повышается на 1% от бонуса вашей силы заклинаний. Заклинания &quot;Похищение жизни&quot;, &quot;Похищение души&quot;, &quot;Стрела Тьмы&quot; и &quot;Блуждающий дух&quot; с вероятностью 20% могут обновить время действия наложенного на цель заклинания &quot;Порча&quot;." lvl="1"/>
        <rank description="Урон от заклинаний &quot;Порча&quot; и &quot;Нестабильное колдовство&quot; дополнительно повышается на 2% от бонуса вашей силы заклинаний. Заклинания &quot;Похищение жизни&quot;, &quot;Похищение души&quot;, &quot;Стрела Тьмы&quot; и &quot;Блуждающий дух&quot; с вероятностью 40% могут обновить время действия наложенного на цель заклинания &quot;Порча&quot;." lvl="2"/>
        <rank description="Урон от заклинаний &quot;Порча&quot; и &quot;Нестабильное колдовство&quot; дополнительно повышается на 3% от бонуса вашей силы заклинаний. Заклинания &quot;Похищение жизни&quot;, &quot;Похищение души&quot;, &quot;Стрела Тьмы&quot; и &quot;Блуждающий дух&quot; с вероятностью 60% могут обновить время действия наложенного на цель заклинания &quot;Порча&quot;." lvl="3"/>
        <rank description="Урон от заклинаний &quot;Порча&quot; и &quot;Нестабильное колдовство&quot; дополнительно повышается на 4% от бонуса вашей силы заклинаний. Заклинания &quot;Похищение жизни&quot;, &quot;Похищение души&quot;, &quot;Стрела Тьмы&quot; и &quot;Блуждающий дух&quot; с вероятностью 80% могут обновить время действия наложенного на цель заклинания &quot;Порча&quot;." lvl="4"/>
        <rank description="Урон от заклинаний &quot;Порча&quot; и &quot;Нестабильное колдовство&quot; дополнительно повышается на 5% от бонуса вашей силы заклинаний. Заклинания &quot;Похищение жизни&quot;, &quot;Похищение души&quot;, &quot;Стрела Тьмы&quot; и &quot;Блуждающий дух&quot; с вероятностью 100% могут обновить время действия наложенного на цель заклинания &quot;Порча&quot;." lvl="5"/>
      </talent>
      <talent column="1" icon="ability_warlock_haunt" key="2041" name="Блуждающий дух" tier="10">
        <rank description="В противника вселяется блуждающий дух, который наносит 405 - 473 ед. урона от темной магии и увеличивает периодический урон от ваших заклинаний темной магии на 20% на 12 сек. Если заклинание было рассеяно или его действие завершилось, блуждающий дух возвращается к чернокнижнику, исцеляя его на 100% от урона, нанесенного противнику." lvl="1"/>
        <spell castTime="1500" cooldown="8000" maxRange="30">
          <power cost="12" type="mana"/>
        </spell>
      </talent>
    </tree>
  </talentTrees>
</page>
