<?xml version="1.0" encoding="UTF-8"?><page globalSearch="1" lang="de_de" requestUrl="/talent-tree.xml">
  <talentTrees>
    <tree bgImage="WarriorFury" icon="ability_warrior_innerrage" key="Fury" name="Furor" order="1">
      <talent column="0" icon="inv_shoulder_22" key="2250" name="Bis an die Zähne bewaffnet" tier="0">
        <rank description="Pro 108 Rüstungswert wird Eure Angriffskraft um 1 erhöht." lvl="1"/>
        <rank description="Pro 108 Rüstungswert wird Eure Angriffskraft um 2 erhöht." lvl="2"/>
        <rank description="Pro 108 Rüstungswert wird Eure Angriffskraft um 3 erhöht." lvl="3"/>
      </talent>
      <talent column="1" icon="spell_nature_purge" key="158" name="Donnernde Stimme" tier="0">
        <rank description="Erhöht die Dauer und den Wirkungsbereich von 'Schlachtruf', 'Demoralisierender Ruf' und 'Befehlsruf' um 25%." lvl="1"/>
        <rank description="Erhöht die Dauer und den Wirkungsbereich von 'Schlachtruf', 'Demoralisierender Ruf' und 'Befehlsruf' um 50%." lvl="2"/>
      </talent>
      <talent column="2" icon="ability_rogue_eviscerate" key="157" name="Grausamkeit" tier="0">
        <rank description="Erhöht Eure Chance, mit Nahkampfwaffen einen kritischen Treffer zu erzielen, um 1%." lvl="1"/>
        <rank description="Erhöht Eure Chance, mit Nahkampfwaffen einen kritischen Treffer zu erzielen, um 2%." lvl="2"/>
        <rank description="Erhöht Eure Chance, mit Nahkampfwaffen einen kritischen Treffer zu erzielen, um 3%." lvl="3"/>
        <rank description="Erhöht Eure Chance, mit Nahkampfwaffen einen kritischen Treffer zu erzielen, um 4%." lvl="4"/>
        <rank description="Erhöht Eure Chance, mit Nahkampfwaffen einen kritischen Treffer zu erzielen, um 5%." lvl="5"/>
      </talent>
      <talent column="1" icon="ability_warrior_warcry" key="161" name="Verbesserter demoralisierender Ruf" tier="1">
        <rank description="Erhöht die Nahkampfangriffskraftreduzierung Eures demoralisierenden Rufs um 8%." lvl="1"/>
        <rank description="Erhöht die Nahkampfangriffskraftreduzierung Eures demoralisierenden Rufs um 16%." lvl="2"/>
        <rank description="Erhöht die Nahkampfangriffskraftreduzierung Eures demoralisierenden Rufs um 24%." lvl="3"/>
        <rank description="Erhöht die Nahkampfangriffskraftreduzierung Eures demoralisierenden Rufs um 32%." lvl="4"/>
        <rank description="Erhöht die Nahkampfangriffskraftreduzierung Eures demoralisierenden Rufs um 40%." lvl="5"/>
      </talent>
      <talent column="2" icon="spell_nature_stoneclawtotem" key="159" name="Entfesselter Zorn" tier="1">
        <rank description="Gewährt Euch eine Chance, einen zusätzlichen Wutpunkt zu generieren, wenn Ihr mit einer Waffe Nahkampfschaden zufügt." lvl="1"/>
        <rank description="Gewährt Euch eine Chance, einen zusätzlichen Wutpunkt zu generieren, wenn Ihr mit einer Waffe Nahkampfschaden zufügt. Der Effekt wird öfter ausgelöst als bei 'Entfesselter Zorn' (Rang 1)." lvl="2"/>
        <rank description="Gewährt Euch eine Chance, einen zusätzlichen Wutpunkt zu generieren, wenn Ihr mit einer Waffe Nahkampfschaden zufügt. Der Effekt wird öfter ausgelöst als bei 'Entfesselter Zorn' (Rang 2)." lvl="3"/>
        <rank description="Gewährt Euch eine Chance, einen zusätzlichen Wutpunkt zu generieren, wenn Ihr mit einer Waffe Nahkampfschaden zufügt. Der Effekt wird öfter ausgelöst als bei 'Entfesselter Zorn' (Rang 3)." lvl="4"/>
        <rank description="Gewährt Euch eine Chance, einen zusätzlichen Wutpunkt zu generieren, wenn Ihr mit einer Waffe Nahkampfschaden zufügt. Der Effekt wird öfter ausgelöst als bei 'Entfesselter Zorn' (Rang 4)." lvl="5"/>
      </talent>
      <talent column="0" icon="ability_warrior_cleave" key="166" name="Verbessertes Spalten" tier="2">
        <rank description="Erhöht den von Eurer Fähigkeit 'Spalten' zusätzlich angerichteten Schaden um 40%." lvl="1"/>
        <rank description="Erhöht den von Eurer Fähigkeit 'Spalten' zusätzlich angerichteten Schaden um 80%." lvl="2"/>
        <rank description="Erhöht den von Eurer Fähigkeit 'Spalten' zusätzlich angerichteten Schaden um 120%." lvl="3"/>
      </talent>
      <talent column="1" icon="spell_shadow_deathscream" key="160" name="Durchdringendes Heulen" tier="2">
        <rank description="Macht 6 Sek. lang alle Gegner in einem Umkreis von 10 Metern benommen, verlangsamt ihr Bewegungstempo um 50%." lvl="1"/>
        <spell castTime="0">
          <power cost="10" type="rage"/>
        </spell>
      </talent>
      <talent column="2" icon="spell_shadow_summonimp" key="661" name="Blutwahnsinn" tier="2">
        <rank description="Stellt im Verlauf von 6 Sek. 2% Eurer Gesundheit wieder her, nachdem Ihr Opfer eines kritischen Treffers wurdet." lvl="1"/>
        <rank description="Stellt im Verlauf von 6 Sek. 4% Eurer Gesundheit wieder her, nachdem Ihr Opfer eines kritischen Treffers wurdet." lvl="2"/>
        <rank description="Stellt im Verlauf von 6 Sek. 6% Eurer Gesundheit wieder her, nachdem Ihr Opfer eines kritischen Treffers wurdet." lvl="3"/>
      </talent>
      <talent column="3" icon="spell_nature_focusedmind" key="154" name="Gebieterische Stimme" tier="2">
        <rank description="Erhöht den Nahkampfangriffskraftbonus Eures Schlachtrufs und den Gesundheitsbonus Eures Befehlsrufs um 5%." lvl="1"/>
        <rank description="Erhöht den Nahkampfangriffskraftbonus Eures Schlachtrufs und den Gesundheitsbonus Eures Befehlsrufs um 10%." lvl="2"/>
        <rank description="Erhöht den Nahkampfangriffskraftbonus Eures Schlachtrufs und den Gesundheitsbonus Eures Befehlsrufs um 15%." lvl="3"/>
        <rank description="Erhöht den Nahkampfangriffskraftbonus Eures Schlachtrufs und den Gesundheitsbonus Eures Befehlsrufs um 20%." lvl="4"/>
        <rank description="Erhöht den Nahkampfangriffskraftbonus Eures Schlachtrufs und den Gesundheitsbonus Eures Befehlsrufs um 25%." lvl="5"/>
      </talent>
      <talent column="0" icon="ability_dualwield" key="1581" name="Beidhändigkeits-Spezialisierung" tier="3">
        <rank description="Erhöht den von Eurer Schildhandwaffe verursachten Schaden um 5%." lvl="1"/>
        <rank description="Erhöht den von Eurer Schildhandwaffe verursachten Schaden um 10%." lvl="2"/>
        <rank description="Erhöht den von Eurer Schildhandwaffe verursachten Schaden um 15%." lvl="3"/>
        <rank description="Erhöht den von Eurer Schildhandwaffe verursachten Schaden um 20%." lvl="4"/>
        <rank description="Erhöht den von Eurer Schildhandwaffe verursachten Schaden um 25%." lvl="5"/>
      </talent>
      <talent column="1" icon="inv_sword_48" key="1542" name="Verbessertes Hinrichten" tier="3">
        <rank description="Verringert die Wutkosten Eurer Fähigkeit 'Hinrichten' um 2." lvl="1"/>
        <rank description="Verringert die Wutkosten Eurer Fähigkeit 'Hinrichten' um 5." lvl="2"/>
      </talent>
      <talent column="2" icon="spell_shadow_unholyfrenzy" key="155" name="Wutanfall" tier="3">
        <rank description="Verleiht Euch eine Chance von 30%, nach dem Erleiden eines Schaden verursachenden Angriffs 12 Sek. lang einen Schadensbonus von 2% zu erhalten. Dieser Effekt ist nicht stapelbar mit 'Abrisskommando'." lvl="1"/>
        <rank description="Verleiht Euch eine Chance von 30%, nach dem Erleiden eines Schaden verursachenden Angriffs 12 Sek. lang einen Schadensbonus von 4% zu erhalten. Dieser Effekt ist nicht stapelbar mit 'Abrisskommando'." lvl="2"/>
        <rank description="Verleiht Euch eine Chance von 30%, nach dem Erleiden eines Schaden verursachenden Angriffs 12 Sek. lang einen Schadensbonus von 6% zu erhalten. Dieser Effekt ist nicht stapelbar mit 'Abrisskommando'." lvl="3"/>
        <rank description="Verleiht Euch eine Chance von 30%, nach dem Erleiden eines Schaden verursachenden Angriffs 12 Sek. lang einen Schadensbonus von 8% zu erhalten. Dieser Effekt ist nicht stapelbar mit 'Abrisskommando'." lvl="4"/>
        <rank description="Verleiht Euch eine Chance von 30%, nach dem Erleiden eines Schaden verursachenden Angriffs 12 Sek. lang einen Schadensbonus von 10% zu erhalten. Dieser Effekt ist nicht stapelbar mit 'Abrisskommando'." lvl="5"/>
      </talent>
      <talent column="0" icon="ability_marksmanship" key="1657" name="Präzision" tier="4">
        <rank description="Erhöht Eure Trefferchance mit Nahkampfwaffen um 1%." lvl="1"/>
        <rank description="Erhöht Eure Trefferchance mit Nahkampfwaffen um 2%." lvl="2"/>
        <rank description="Erhöht Eure Trefferchance mit Nahkampfwaffen um 3%." lvl="3"/>
      </talent>
      <talent column="1" icon="spell_shadow_deathpact" key="165" name="Todeswunsch" tier="4">
        <rank description="Erhöht bei Aktivierung Euren verursachten körperlichen Schaden um 20%, erhöht jedoch jeglichen erlittenen Schaden um 5%. Hält 30 Sek. an." lvl="1"/>
        <spell castTime="0" cooldown="180000">
          <power cost="10" type="rage"/>
        </spell>
      </talent>
      <talent column="2" icon="ability_rogue_sprint" key="1543" name="Verbessertes Abfangen" tier="4">
        <rank description="Verringert die Abklingzeit Eurer Fähigkeit 'Abfangen' um 5 Sek." lvl="1"/>
        <rank description="Verringert die Abklingzeit Eurer Fähigkeit 'Abfangen' um 10 Sek." lvl="2"/>
      </talent>
      <talent column="0" icon="spell_nature_ancestralguardian" key="1541" name="Verbesserte Berserkerwut" tier="5">
        <rank description="Eure Berserkerfähigkeit wird bei Benutzung 10 Wut generieren." lvl="1"/>
        <rank description="Eure Berserkerfähigkeit wird bei Benutzung 20 Wut generieren." lvl="2"/>
      </talent>
      <talent column="2" icon="ability_ghoulfrenzy" key="156" name="Schlaghagel" tier="5">
        <rank description="Erhöht Euer Angriffstempo für die nächsten 3 Waffenschwünge um 5%, nachdem Ihr einen kritischen Nahkampftreffer zugefügt habt." lvl="1"/>
        <rank description="Erhöht Euer Angriffstempo für die nächsten 3 Waffenschwünge um 10%, nachdem Ihr einen kritischen Nahkampftreffer zugefügt habt." lvl="2"/>
        <rank description="Erhöht Euer Angriffstempo für die nächsten 3 Waffenschwünge um 15%, nachdem Ihr einen kritischen Nahkampftreffer zugefügt habt." lvl="3"/>
        <rank description="Erhöht Euer Angriffstempo für die nächsten 3 Waffenschwünge um 20%, nachdem Ihr einen kritischen Nahkampftreffer zugefügt habt." lvl="4"/>
        <rank description="Erhöht Euer Angriffstempo für die nächsten 3 Waffenschwünge um 25%, nachdem Ihr einen kritischen Nahkampftreffer zugefügt habt." lvl="5"/>
      </talent>
      <talent column="0" icon="ability_warrior_endlessrage" key="1864" name="Wut verstärken" tier="6">
        <rank description="Verringert die Abklingzeit Eurer Fähigkeiten 'Blutrausch', 'Berserkerwut', 'Tollkühnheit' und 'Todeswunsch' um 11%." lvl="1"/>
        <rank description="Verringert die Abklingzeit Eurer Fähigkeiten 'Blutrausch', 'Berserkerwut', 'Tollkühnheit' und 'Todeswunsch' um 22%." lvl="2"/>
        <rank description="Verringert die Abklingzeit Eurer Fähigkeiten 'Blutrausch', 'Berserkerwut', 'Tollkühnheit' und 'Todeswunsch' um 33%." lvl="3"/>
      </talent>
      <talent column="1" icon="spell_nature_bloodlust" key="167" name="Blutdurst" requires="165" tier="6">
        <rank description="Greift das Ziel sofort an und verursacht 13 Schaden. Zusätzlich werden die nächsten erfolgreichen 3 Nahkampfangriffe 1% der maximalen Gesundheit wiederherstellen. Dieser Effekt hält 8 Sek. lang an. Schaden basiert auf Angriffskraft." lvl="1"/>
        <spell castTime="0" cooldown="4000" maxRange="5">
          <power cost="20" type="rage"/>
        </spell>
      </talent>
      <talent column="3" icon="ability_whirlwind" key="1655" name="Verbesserter Wirbelwind" tier="6">
        <rank description="Erhöht den Schaden Eurer Fähigkeit 'Wirbelwind' um 10%." lvl="1"/>
        <rank description="Erhöht den Schaden Eurer Fähigkeit 'Wirbelwind' um 20%." lvl="2"/>
      </talent>
      <talent column="0" icon="ability_warrior_furiousresolve" key="1865" name="Wütende Angriffe" tier="7">
        <rank description="Eure normalen Nahkampfangriffe haben eine Chance, jegliche erhaltenen Heileffekte des Ziels 10 Sek. lang um 25% zu verringern. Bis zu 2-mal stapelbar." lvl="1"/>
        <rank description="Eure normalen Nahkampfangriffe haben eine Chance, jegliche erhaltene Heilung des Ziels 10 Sek. lang um 25% zu verringern. Bis zu 2-mal stapelbar. Tritt häufiger auf als 'Wütende Angriffe' (Rang 1)." lvl="2"/>
      </talent>
      <talent column="3" icon="ability_racial_avatar" key="1658" name="Verbesserte Berserkerhaltung" tier="7">
        <rank description="Erhöht in der Berserkerhaltung die Stärke um 4% und verringert die von Euch in dieser Haltung erzeugte Bedrohung um 2%." lvl="1"/>
        <rank description="Erhöht in der Berserkerhaltung die Stärke um 8% und verringert die von Euch in dieser Haltung erzeugte Bedrohung um 4%." lvl="2"/>
        <rank description="Erhöht in der Berserkerhaltung die Stärke um 12% und verringert die von Euch in dieser Haltung erzeugte Bedrohung um 6%." lvl="3"/>
        <rank description="Erhöht in der Berserkerhaltung die Stärke um 16% und verringert die von Euch in dieser Haltung erzeugte Bedrohung um 8%." lvl="4"/>
        <rank description="Erhöht in der Berserkerhaltung die Stärke um 20% und verringert die von Euch in dieser Haltung erzeugte Bedrohung um 10%." lvl="5"/>
      </talent>
      <talent column="0" icon="ability_heroicleap" key="1868" name="Heldenhafter Furor" tier="8">
        <rank description="Entfernt jegliche Effekte, die Bewegungsunfähigkeit verursachen und schließt die Abklingzeit von 'Abfangen' ab." lvl="1"/>
        <spell castTime="0" cooldown="45000"/>
      </talent>
      <talent column="1" icon="ability_warrior_rampage" key="1659" name="Toben" requires="167" tier="8">
        <rank description="Erhöht die kritische Nahkampf- und Distanztrefferchance aller Gruppen- und Schlachtzugsmitglieder innerhalb von 100 Metern um 5%." lvl="1"/>
      </talent>
      <talent column="2" icon="ability_warrior_bloodsurge" key="1866" name="Schäumendes Blut" requires="167" tier="8">
        <rank description="Mit den Fähigkeiten 'Heldenhafter Stoß', 'Blutdurst' und 'Wirbelwind' erzielte Treffer haben eine Chance von 7%, dass das nächste 'Zerschmettern' innerhalb der nächsten 5 Sek. spontan gewirkt werden kann." lvl="1"/>
        <rank description="Mit den Fähigkeiten 'Heldenhafter Stoß', 'Blutdurst' und 'Wirbelwind' erzielte Treffer haben eine Chance von 13%, dass das nächste 'Zerschmettern' innerhalb der nächsten 5 Sek. spontan gewirkt werden kann." lvl="2"/>
        <rank description="Mit den Fähigkeiten 'Heldenhafter Stoß', 'Blutdurst' und 'Wirbelwind' erzielte Treffer haben eine Chance von 20%, dass das nächste 'Zerschmettern' innerhalb der nächsten 5 Sek. spontan gewirkt werden kann." lvl="3"/>
      </talent>
      <talent column="1" icon="ability_warrior_intensifyrage" key="2234" name="Unendlicher Furor" tier="9">
        <rank description="Erhöht den Schaden Eurer Fähigkeiten 'Zerschmettern', 'Wirbelwind' und 'Blutdurst' um 2%." lvl="1"/>
        <rank description="Erhöht den Schaden Eurer Fähigkeiten 'Zerschmettern', 'Wirbelwind' und 'Blutdurst' um 4%." lvl="2"/>
        <rank description="Erhöht den Schaden Eurer Fähigkeiten 'Zerschmettern', 'Wirbelwind' und 'Blutdurst' um 6%." lvl="3"/>
        <rank description="Erhöht den Schaden Eurer Fähigkeiten 'Zerschmettern', 'Wirbelwind' und 'Blutdurst' um 8%." lvl="4"/>
        <rank description="Erhöht den Schaden Eurer Fähigkeiten 'Zerschmettern', 'Wirbelwind' und 'Blutdurst' um 10%." lvl="5"/>
      </talent>
      <talent column="1" icon="ability_warrior_titansgrip" key="1867" name="Titanengriff" tier="10">
        <rank description="Erlaubt es Euch, Zweihandäxte, Zweihandstreitkolben und Zweihandschwerter in einer Hand zu führen. Während in einer Hand eine Zweihandwaffe ausgerüstet ist, ist Euer verursachter körperlicher Schaden um 10% verringert." lvl="1"/>
      </talent>
    </tree>
    <tree bgImage="WarriorArms" icon="ability_rogue_eviscerate" key="Arms" name="Waffen" order="0">
      <talent column="0" icon="ability_rogue_ambush" key="124" name="Verbesserter heldenhafter Stoß" tier="0">
        <rank description="Verringert die Kosten Eurer Fähigkeit 'Heldenhafter Stoß' um 1 Wut." lvl="1"/>
        <rank description="Verringert die Kosten Eurer Fähigkeit 'Heldenhafter Stoß' um 2 Wut." lvl="2"/>
        <rank description="Verringert die Kosten Eurer Fähigkeit 'Heldenhafter Stoß' um 3 Wut." lvl="3"/>
      </talent>
      <talent column="1" icon="ability_parry" key="130" name="Abwehr" tier="0">
        <rank description="Erhöht Eure Parierchance um 1%." lvl="1"/>
        <rank description="Erhöht Eure Parierchance um 2%." lvl="2"/>
        <rank description="Erhöht Eure Parierchance um 3%." lvl="3"/>
        <rank description="Erhöht Eure Parierchance um 4%." lvl="4"/>
        <rank description="Erhöht Eure Parierchance um 5%." lvl="5"/>
      </talent>
      <talent column="2" icon="ability_gouge" key="127" name="Verbessertes Verwunden" tier="0">
        <rank description="Erhöht den durch Eure Fähigkeit 'Verwunden' erzielten Blutungsschaden um 10%." lvl="1"/>
        <rank description="Erhöht den durch Eure Fähigkeit 'Verwunden' erzielten Blutungsschaden um 20%." lvl="2"/>
      </talent>
      <talent column="0" icon="ability_warrior_charge" key="126" name="Verbesserter Sturmangriff" tier="1">
        <rank description="Erhöht die Menge der durch Eure Fähigkeit 'Sturmangriff' erzeugten Wut um 5." lvl="1"/>
        <rank description="Erhöht die Menge der durch Eure Fähigkeit 'Sturmangriff' erzeugten Wut um 10." lvl="2"/>
      </talent>
      <talent column="1" icon="spell_magic_magearmor" key="641" name="Eiserner Wille" tier="1">
        <rank description="Verringert die Dauer gegen Euch angewandter Betäubungs- und Bezauberungseffekte um 7%." lvl="1"/>
        <rank description="Verringert die Dauer gegen Euch angewandter Betäubungs- und Bezauberungseffekte um 14%." lvl="2"/>
        <rank description="Verringert die Dauer gegen Euch angewandter Betäubungs- und Bezauberungseffekte um 20%." lvl="3"/>
      </talent>
      <talent column="2" icon="spell_nature_enchantarmor" key="128" name="Taktiker" tier="1">
        <rank description="Ihr behaltet bis zu 5 zusätzliche Wutpunkte, wenn Ihr die Haltung ändert. Zusätzlich wird die durch Eure Fähigkeiten 'Blutdurst' und 'Tödlicher Stoß' erzeugte Bedrohung stark erhöht, wenn Ihr Euch in der Verteidigungshaltung befindet." lvl="1"/>
        <rank description="Ihr behaltet bis zu 10 zusätzliche Wutpunkte, wenn Ihr die Haltung ändert. Zusätzlich wird die durch Eure Fähigkeiten 'Blutdurst' und 'Tödlicher Stoß' erzeugte Bedrohung stark erhöht, wenn Ihr Euch in der Verteidigungshaltung befindet (Wirkungsvoller als Rang 1)." lvl="2"/>
        <rank description="Ihr behaltet bis zu 15 zusätzliche Wutpunkte, wenn Ihr die Haltung ändert. Zusätzlich wird die durch Eure Fähigkeiten 'Blutdurst' und 'Tödlicher Stoß' erzeugte Bedrohung stark erhöht, wenn Ihr Euch in der Verteidigungshaltung befindet (Wirkungsvoller als Rang 2)." lvl="3"/>
      </talent>
      <talent column="0" icon="inv_sword_05" key="131" name="Verbessertes Überwältigen" tier="2">
        <rank description="Erhöht die Chance auf einen kritischen Treffer mit Eurer Fähigkeit 'Überwältigen' um 25%." lvl="1"/>
        <rank description="Erhöht die Chance auf einen kritischen Treffer mit Eurer Fähigkeit 'Überwältigen' um 50%." lvl="2"/>
      </talent>
      <talent column="1" icon="spell_holy_blessingofstamina" key="137" name="Aggressionskontrolle" tier="2">
        <rank description="Erzeugt alle 3 Sekunden 1 Wutpunkt." lvl="1"/>
      </talent>
      <talent column="2" icon="ability_searingarrow" key="662" name="Durchbohren" tier="2">
        <rank description="Erhöht den kritischen Schadensbonus Eurer Fähigkeiten um 10%." lvl="1"/>
        <rank description="Erhöht den kritischen Schadensbonus Eurer Fähigkeiten um 20%." lvl="2"/>
      </talent>
      <talent column="3" icon="ability_backstab" key="121" name="Tiefe Wunden" requires="662" tier="2">
        <rank description="Eure kritischen Treffer lassen das Ziel bluten und verursachen 6 Sek. lang 16% des durchschnittlichen Schadens Eurer Nahkampfwaffe." lvl="1"/>
        <rank description="Eure kritischen Treffer lassen das Ziel bluten und verursachen 6 Sek. lang 32% des durchschnittlichen Schadens Eurer Nahkampfwaffe." lvl="2"/>
        <rank description="Eure kritischen Treffer lassen das Ziel bluten und verursachen 6 Sek. lang 48% des durchschnittlichen Schadens Eurer Nahkampfwaffe." lvl="3"/>
      </talent>
      <talent column="1" icon="inv_axe_09" key="136" name="Zweihandwaffen-Spezialisierung" tier="3">
        <rank description="Erhöht den Schaden, den Ihr mit Zweihand-Nahkampfwaffen zufügt, um 2%." lvl="1"/>
        <rank description="Erhöht den Schaden, den Ihr mit Zweihand-Nahkampfwaffen zufügt, um 4%." lvl="2"/>
        <rank description="Erhöht den Schaden, den Ihr mit Zweihand-Nahkampfwaffen zufügt, um 6%." lvl="3"/>
      </talent>
      <talent column="2" icon="ability_rogue_hungerforblood" key="2232" name="Verlangen nach Blut" tier="3">
        <rank description="Wann immer Eure Fähigkeit 'Verwunden' Schaden verursacht, besteht eine Chance von 33%, dass 9 Sek. lang Eure Fähigkeit 'Überwältigen' genutzt werden kann. Eine Aufladung. Dieser Effekt kann nur ein Mal alle 6 Sek. auftreten." lvl="1"/>
        <rank description="Wann immer Eure Fähigkeit 'Verwunden' Schaden verursacht, besteht eine Chance von 66%, dass 9 Sek. lang Eure Fähigkeit 'Überwältigen' genutzt werden kann. Eine Aufladung. Dieser Effekt kann nur ein Mal alle 6 Sek. auftreten." lvl="2"/>
        <rank description="Wann immer Eure Fähigkeit 'Verwunden' Schaden verursacht, besteht eine Chance von 100%, dass 9 Sek. lang Eure Fähigkeit 'Überwältigen' genutzt werden kann. Eine Aufladung. Dieser Effekt kann nur ein Mal alle 6 Sek. auftreten." lvl="3"/>
      </talent>
      <talent column="0" icon="inv_axe_06" key="132" name="Axt- und Stangenspezialisierung" tier="4">
        <rank description="Erhöht Eure Chance, mit Äxten und Stangenwaffe einen kritischen Treffer zu erzielen sowie den verursachten kritischen Schaden um 1%." lvl="1"/>
        <rank description="Erhöht Eure Chance, mit Äxten und Stangenwaffe einen kritischen Treffer zu erzielen sowie den verursachten kritischen Schaden um 2%." lvl="2"/>
        <rank description="Erhöht Eure Chance, mit Äxten und Stangenwaffe einen kritischen Treffer zu erzielen sowie den verursachten kritischen Schaden um 3%." lvl="3"/>
        <rank description="Erhöht Eure Chance, mit Äxten und Stangenwaffe einen kritischen Treffer zu erzielen sowie den verursachten kritischen Schaden um 4%." lvl="4"/>
        <rank description="Erhöht Eure Chance, mit Äxten und Stangenwaffe einen kritischen Treffer zu erzielen sowie den verursachten kritischen Schaden um 5%." lvl="5"/>
      </talent>
      <talent column="1" icon="ability_rogue_slicedice" key="133" name="Weitreichende Stöße" tier="4">
        <rank description="Eure nächsten 5 Nahkampfangriffe treffen einen weiteren in der Nähe befindlichen Gegner." lvl="1"/>
        <spell castTime="0" cooldown="30000">
          <power cost="30" type="rage"/>
        </spell>
      </talent>
      <talent column="2" icon="inv_mace_01" key="125" name="Streitkolben-Spezialisierung" tier="4">
        <rank description="Eure Angriffe mit Streitkolben ignorieren bis zu 3% der Rüstung Eures Feindes." lvl="1"/>
        <rank description="Eure Angriffe mit Streitkolben ignorieren bis zu 6% der Rüstung Eures Feindes." lvl="2"/>
        <rank description="Eure Angriffe mit Streitkolben ignorieren bis zu 9% der Rüstung Eures Feindes." lvl="3"/>
        <rank description="Eure Angriffe mit Streitkolben ignorieren bis zu 12% der Rüstung Eures Feindes." lvl="4"/>
        <rank description="Eure Angriffe mit Streitkolben ignorieren bis zu 15% der Rüstung Eures Feindes." lvl="5"/>
      </talent>
      <talent column="3" icon="inv_sword_27" key="123" name="Schwert-Spezialisierung" tier="4">
        <rank description="Gewährt Euch eine Chance von 2%, einen zusätzlichen Angriff auf das gleiche Ziel zu erhalten, nachdem Ihr mit Eurem Schwert einen Treffer erzielt habt. Dieser Effekt kann nicht mehr als einmal alle 6 Sek. auftreten." lvl="1"/>
        <rank description="Gewährt Euch eine Chance von 4%, einen zusätzlichen Angriff auf das gleiche Ziel zu erhalten, nachdem Ihr mit Eurem Schwert einen Treffer erzielt habt. Dieser Effekt kann nicht mehr als einmal alle 6 Sek. auftreten." lvl="2"/>
        <rank description="Gewährt Euch eine Chance von 6%, einen zusätzlichen Angriff auf das gleiche Ziel zu erhalten, nachdem Ihr mit Eurem Schwert einen Treffer erzielt habt. Dieser Effekt kann nicht mehr als einmal alle 6 Sek. auftreten." lvl="3"/>
        <rank description="Gewährt Euch eine Chance von 8%, einen zusätzlichen Angriff auf das gleiche Ziel zu erhalten, nachdem Ihr mit Eurem Schwert einen Treffer erzielt habt. Dieser Effekt kann nicht mehr als einmal alle 6 Sek. auftreten." lvl="4"/>
        <rank description="Gewährt Euch eine Chance von 10%, einen zusätzlichen Angriff auf das gleiche Ziel zu erhalten, nachdem Ihr mit Eurem Schwert einen Treffer erzielt habt. Dieser Effekt kann nicht mehr als einmal alle 6 Sek. auftreten." lvl="5"/>
      </talent>
      <talent column="0" icon="ability_warrior_weaponmastery" key="134" name="Waffenbeherrschung" tier="5">
        <rank description="Verringert die Chance, Euren Angriffen auszuweichen, um 1% und reduziert die Wirkungsdauer aller Entwaffnungseffekte gegen Euch um 25%. Dieser Effekt ist nicht mit anderen Effekten, welche die Wirkungsdauer von Entwaffnung verringern stapelbar." lvl="1"/>
        <rank description="Verringert die Chance, Euren Angriffen auszuweichen, um 2% und reduziert die Wirkungsdauer aller Entwaffnungseffekte gegen Euch um 50%. Dieser Effekt ist nicht mit anderen Effekten, welche die Wirkungsdauer von Entwaffnung verringern stapelbar." lvl="2"/>
      </talent>
      <talent column="2" icon="ability_shockwave" key="129" name="Verbesserte Kniesehne" tier="5">
        <rank description="Gewährt Eurer Fähigkeit 'Kniesehne' eine Chance von 5%, das Ziel 5 Sek. lang unbeweglich zu machen." lvl="1"/>
        <rank description="Gewährt Eurer Fähigkeit 'Kniesehne' eine Chance von 10%, das Ziel 5 Sek. lang unbeweglich zu machen." lvl="2"/>
        <rank description="Gewährt Eurer Fähigkeit 'Kniesehne' eine Chance von 15%, das Ziel 5 Sek. lang unbeweglich zu machen." lvl="3"/>
      </talent>
      <talent column="3" icon="ability_warrior_bloodnova" key="1859" name="Trauma" tier="5">
        <rank description="Eure kritischen Nahkampftreffer erhöhen die Wirksamkeit von Blutungseffekten auf dem Ziel 1 Min. lang um 15%." lvl="1"/>
        <rank description="Eure kritischen Nahkampftreffer erhöhen die Wirksamkeit von Blutungseffekten auf dem Ziel 1 Min. lang um 30%." lvl="2"/>
      </talent>
      <talent column="0" icon="ability_hunter_harass" key="1663" name="Kräfte sammeln" tier="6">
        <rank description="Jedes Mal, wenn Ihr von einem Betäubungs- oder Unbeweglichkeitseffekt getroffen werdet, erzeugt Ihr 10 Sek. lang insgesamt 10 Wut und 5% Eurer gesamten Gesundheit." lvl="1"/>
        <rank description="Jedes Mal, wenn Ihr von einem Betäubungs- oder Unbeweglichkeitseffekt getroffen werdet, erzeugt Ihr 10 Sek. lang insgesamt 20 Wut und 10% Eurer gesamten Gesundheit." lvl="2"/>
      </talent>
      <talent column="1" icon="ability_warrior_savageblow" key="135" name="Tödlicher Stoß" requires="133" tier="6">
        <rank description="Ein heimtückischer Stoß, der Waffenschaden plus 85 verursacht und das Ziel verwundet sowie die Wirksamkeit jeglicher Heilung 10 Sek. lang um 50% verringert." lvl="1"/>
        <spell castTime="0" cooldown="6000" maxRange="5">
          <power cost="30" type="rage"/>
        </spell>
      </talent>
      <talent column="2" icon="ability_warrior_offensivestance" key="1862" name="Waffenstärke" tier="6">
        <rank description="Erhöht Eure gesamte Stärke und Ausdauer um 2% sowie Eure Waffenkunde um 2." lvl="1"/>
        <rank description="Erhöht Eure gesamte Stärke und Ausdauer um 4% sowie Eure Waffenkunde um 4." lvl="2"/>
      </talent>
      <talent column="3" icon="ability_warrior_decisivestrike" key="2233" name="Verbessertes Zerschmettern" tier="6">
        <rank description="Verringert die Schwungzeit Eurer Fähigkeit 'Zerschmettern' um 0.5 Sek." lvl="1"/>
        <rank description="Verringert die Schwungzeit Eurer Fähigkeit 'Zerschmettern' um 1 Sek." lvl="2"/>
      </talent>
      <talent column="0" icon="ability_warrior_bullrush" key="2283" name="Dampfwalze" tier="7">
        <rank description="Eure Fähigkeit 'Sturmangriff' kann nun im Kampf verwendet werden, ihre Abklingzeit wird jedoch um 5 Sek. erhöht. Nach dem Sturmangriff hat innerhalb von 10 Sek. Euer nächstes Wirken von 'Zerschmettern' oder 'Tödlicher Stoß' eine zusätzlich um 25% erhöhte kritische Trefferchance." lvl="1"/>
      </talent>
      <talent column="1" icon="ability_warrior_savageblow" key="1824" name="Verbesserter tödlicher Stoß" requires="135" tier="7">
        <rank description="Erhöht den von 'Tödlicher Stoß' verursachten Schaden um 3% und verringert die Abklingzeit dieser Fähigkeit um 0.3 Sek." lvl="1"/>
        <rank description="Erhöht den von 'Tödlicher Stoß' verursachten Schaden um 6% und verringert die Abklingzeit dieser Fähigkeit um 0.7 Sek." lvl="2"/>
        <rank description="Erhöht den von 'Tödlicher Stoß' verursachten Schaden um 10% und verringert die Abklingzeit dieser Fähigkeit um 1 Sek." lvl="3"/>
      </talent>
      <talent column="2" icon="ability_warrior_unrelentingassault" key="1860" name="Unerbittliche Gewalt" tier="7">
        <rank description="Verringert die Abklingzeiten Eurer Fähigkeiten 'Überwältigen' und 'Rache' um 2 Sek. und erhöht ihren Schaden um 10%. Zudem wird, wenn Ihr einen Spieler mit 'Überwältigen' trefft, während er einen Zauber wirkt, sein Zauberschaden und seine Heilung 6 Sek. lang um 25% verringert." lvl="1"/>
        <rank description="Verringert die Abklingzeiten Eurer Fähigkeiten 'Überwältigen' und 'Rache' um 4 Sek. und erhöht ihren Schaden um 20%. Zudem wird, wenn Ihr einen Spieler mit 'Überwältigen' trefft, während er einen Zauber wirkt, sein Zauberschaden und seine Heilung 6 Sek. lang um 50% verringert." lvl="2"/>
      </talent>
      <talent column="0" icon="ability_warrior_improveddisciplines" key="1662" name="Plötzlicher Tod" tier="8">
        <rank description="Eure Nahkampftreffer haben eine Chance von 3%, dass 'Hinrichten' unabhängig vom Gesundheitswert des Ziels angewendet werden kann. Zusätzlich behaltet Ihr nach seiner Nutzung mindestens 3 Wut." lvl="1"/>
        <rank description="Eure Nahkampftreffer haben eine Chance von 6%, dass 'Hinrichten' unabhängig vom Gesundheitswert des Ziels angewendet werden kann. Zusätzlich behaltet Ihr nach seiner Nutzung mindestens 7 Wut." lvl="2"/>
        <rank description="Eure Nahkampftreffer haben eine Chance von 9%, dass 'Hinrichten' unabhängig vom Gesundheitswert des Ziels angewendet werden kann. Zusätzlich behaltet Ihr nach seiner Nutzung mindestens 10 Wut." lvl="3"/>
      </talent>
      <talent column="1" icon="ability_warrior_endlessrage" key="1661" name="Endlose Wut" tier="8">
        <rank description="Ihr erhaltet 25% mehr Wut durch verursachten Schaden." lvl="1"/>
      </talent>
      <talent column="2" icon="ability_warrior_bloodfrenzy" key="1664" name="Blutraserei" tier="8">
        <rank description="Erhöht Euer Nahkampfangriffstempo um 5%. Zusätzlich erhöhen Eure Fähigkeiten 'Verwunden' und 'Tiefe Wunden' jeglichen körperlichen Schaden gegen das Ziel um 2%." lvl="1"/>
        <rank description="Erhöht Euer Nahkampfangriffstempo um 10%. Zusätzlich erhöhen Eure Fähigkeiten 'Verwunden' und 'Tiefe Wunden' jeglichen körperlichen Schaden gegen das Ziel um 4%." lvl="2"/>
      </talent>
      <talent column="1" icon="ability_warrior_trauma" key="2231" name="Abrisskommando" tier="9">
        <rank description="Eure kritischen Nahkampftreffer machen Euch wütend, sodass 12 Sek. lang Euer verursachter Schaden um 2% erhöht wird. Dieser Effekt ist nicht stapelbar mit 'Wutanfall'." lvl="1"/>
        <rank description="Eure kritischen Nahkampftreffer machen Euch wütend, sodass 12 Sek. lang Euer verursachter Schaden um 4% erhöht wird. Dieser Effekt ist nicht stapelbar mit 'Wutanfall'." lvl="2"/>
        <rank description="Eure kritischen Nahkampftreffer machen Euch wütend, sodass 12 Sek. lang Euer verursachter Schaden um 6% erhöht wird. Dieser Effekt ist nicht stapelbar mit 'Wutanfall'." lvl="3"/>
        <rank description="Eure kritischen Nahkampftreffer machen Euch wütend, sodass 12 Sek. lang Euer verursachter Schaden um 8% erhöht wird. Dieser Effekt ist nicht stapelbar mit 'Wutanfall'." lvl="4"/>
        <rank description="Eure kritischen Nahkampftreffer machen Euch wütend, sodass 12 Sek. lang Euer verursachter Schaden um 10% erhöht wird. Dieser Effekt ist nicht stapelbar mit 'Wutanfall'." lvl="5"/>
      </talent>
      <talent column="1" icon="ability_warrior_bladestorm" key="1863" name="Klingensturm" tier="10">
        <rank description="Greift sofort bis zu 4 nahe Ziele an. Für die nächsten 6 Sek. werdet Ihr alle 1 Sek. einen Wirbelwindangriff durchführen. Während 'Klingensturm' aktiv ist, könnt Ihr Euch bewegen, aber während dieser Zeit keine anderen Fähigkeiten einsetzen. Ihr fühlt weder Mitleid, noch Bedauern oder Furcht und es gibt keine Möglichkeit, Euch aufzuhalten, es sei denn, Ihr werdet getötet." lvl="1"/>
        <spell castTime="0" cooldown="90000">
          <power cost="25" type="rage"/>
        </spell>
      </talent>
    </tree>
    <tree bgImage="WarriorProtection" icon="inv_shield_06" key="Protection" name="Schutz" order="2">
      <talent column="0" icon="ability_racial_bloodrage" key="142" name="Verbesserter Blutrausch" tier="0">
        <rank description="Erhöht die von Eurer Fähigkeit 'Blutrausch' sofort erzeugte Wut um 25%." lvl="1"/>
        <rank description="Erhöht die von Eurer Fähigkeit 'Blutrausch' sofort erzeugte Wut um 50%." lvl="2"/>
      </talent>
      <talent column="1" icon="inv_shield_06" key="1601" name="Schild-Spezialisierung" tier="0">
        <rank description="Erhöht Eure Chance, Angriffe mit einem Schild zu blocken, um 1% und gewährt eine 20% Chance 5 Wut zu generieren, wenn erfolgreich geblockt, ausgewichen oder pariert wurde." lvl="1"/>
        <rank description="Erhöht Eure Chance, Angriffe mit einem Schild zu blocken, um 2% und gewährt eine 40% Chance 5 Wut zu generieren, wenn erfolgreich geblockt, ausgewichen oder pariert wurde." lvl="2"/>
        <rank description="Erhöht Eure Chance, Angriffe mit einem Schild zu blocken, um 3% und gewährt eine 60% Chance 5 Wut zu generieren, wenn erfolgreich geblockt, ausgewichen oder pariert wurde." lvl="3"/>
        <rank description="Erhöht Eure Chance, Angriffe mit einem Schild zu blocken, um 4% und gewährt eine 80% Chance 5 Wut zu generieren, wenn erfolgreich geblockt, ausgewichen oder pariert wurde." lvl="4"/>
        <rank description="Erhöht Eure Chance, Angriffe mit einem Schild zu blocken, um 5% und gewährt eine 100% Chance 5 Wut zu generieren, wenn erfolgreich geblockt, ausgewichen oder pariert wurde." lvl="5"/>
      </talent>
      <talent column="2" icon="ability_thunderclap" key="141" name="Verbesserter Donnerknall" tier="0">
        <rank description="Verringert die Kosten Eurer Fähigkeit 'Donnerknall' um 1 Wut, erhöht den Schaden um 10% und den Verlangsamungseffekt um zusätzliche 4%." lvl="1"/>
        <rank description="Verringert die Kosten Eurer Fähigkeit 'Donnerknall' um 2 Wut, erhöht den Schaden um 20% und den Verlangsamungseffekt um zusätzliche 7%." lvl="2"/>
        <rank description="Verringert die Kosten Eurer Fähigkeit 'Donnerknall' um 4 Wut, erhöht den Schaden um 30% und den Verlangsamungseffekt um zusätzliche 10%." lvl="3"/>
      </talent>
      <talent column="1" icon="ability_warrior_incite" key="144" name="Anstacheln" tier="1">
        <rank description="Erhöht die kritische Trefferchance Eurer Fähigkeiten 'Heldenhafter Stoß', 'Donnerknall' und 'Spalten' um 5%." lvl="1"/>
        <rank description="Erhöht die kritische Trefferchance Eurer Fähigkeiten 'Heldenhafter Stoß', 'Donnerknall' und 'Spalten' um 10%." lvl="2"/>
        <rank description="Erhöht die kritische Trefferchance Eurer Fähigkeiten 'Heldenhafter Stoß', 'Donnerknall' und 'Spalten' um 15%." lvl="3"/>
      </talent>
      <talent column="2" icon="spell_nature_mirrorimage" key="138" name="Vorahnung" tier="1">
        <rank description="Erhöht Eure Ausweichchance um 1%." lvl="1"/>
        <rank description="Erhöht Eure Ausweichchance um 2%." lvl="2"/>
        <rank description="Erhöht Eure Ausweichchance um 3%." lvl="3"/>
        <rank description="Erhöht Eure Ausweichchance um 4%." lvl="4"/>
        <rank description="Erhöht Eure Ausweichchance um 5%." lvl="5"/>
      </talent>
      <talent column="0" icon="spell_holy_ashestoashes" key="153" name="Letztes Gefecht" tier="2">
        <rank description="Wenn diese Fähigkeit aktiviert wird, gewährt sie Euch 20 Sek. lang vorübergehend 30% Eurer maximalen Gesundheit. Wenn der Effekt abklingt, geht die zusätzliche Gesundheit wieder verloren." lvl="1"/>
      </talent>
      <talent column="1" icon="ability_warrior_revenge" key="147" name="Verbesserte Rache" tier="2">
        <rank description="Erhöht den Schaden Eurer Fähigkeit 'Rache' um 30% und lässt 'Rache' ein weiteres Ziel treffen, das 50% des Schadens erleidet." lvl="1"/>
        <rank description="Erhöht den Schaden Eurer Fähigkeit 'Rache' um 60% und lässt 'Rache' ein weiteres Ziel treffen." lvl="2"/>
      </talent>
      <talent column="2" icon="ability_warrior_shieldmastery" key="1654" name="Schildbeherrschung" tier="2">
        <rank description="Erhöht Euren Blockwert um 15% und verringert die Abklingzeit Eurer Fähigkeit 'Schildblock' um 10 Sek." lvl="1"/>
        <rank description="Erhöht Euren Blockwert um 30% und verringert die Abklingzeit Eurer Fähigkeit 'Schildblock' um 20 Sek." lvl="2"/>
      </talent>
      <talent column="3" icon="spell_holy_devotion" key="140" name="Zähigkeit" tier="2">
        <rank description="Erhöht Euren durch Gegenstände erzielten Rüstungswert um 2% und verringert die Dauer aller bewegungsverlangsamenden Effekte um 6%." lvl="1"/>
        <rank description="Erhöht Euren durch Gegenstände erzielten Rüstungswert um 4% und verringert die Dauer aller bewegungsverlangsamenden Effekte um 12%." lvl="2"/>
        <rank description="Erhöht Euren durch Gegenstände erzielten Rüstungswert um 6% und verringert die Dauer aller bewegungsverlangsamenden Effekte um 18%." lvl="3"/>
        <rank description="Erhöht Euren durch Gegenstände erzielten Rüstungswert um 8% und verringert die Dauer aller bewegungsverlangsamenden Effekte um 24%." lvl="4"/>
        <rank description="Erhöht Euren durch Gegenstände erzielten Rüstungswert um 10% und verringert die Dauer aller bewegungsverlangsamenden Effekte um 30%." lvl="5"/>
      </talent>
      <talent column="0" icon="ability_warrior_shieldreflection" key="2247" name="Verbesserte Zauberreflexion" tier="3">
        <rank description="Verringert Eure Chance, einen Zaubertreffer zu erleiden, um 2% und die Fähigkeit reflektiert bei Anwendung auch den ersten Zauber, der auf die nächsten 2 Gruppenmitglieder innerhalb von 20 Metern gewirkt wurde." lvl="1"/>
        <rank description="Verringert Eure Chance, einen Zaubertreffer zu erleiden, um 4% und die Fähigkeit reflektiert bei Anwendung auch den ersten Zauber, der auf die nächsten 4 Gruppenmitglieder innerhalb von 20 Metern gewirkt wurde." lvl="2"/>
      </talent>
      <talent column="1" icon="ability_warrior_disarm" key="151" name="Verbessertes Entwaffnen" tier="3">
        <rank description="Verringert die Abklingzeit Eurer Fähigkeit 'Entwaffnen' um 10 Sek. und lässt das Ziel, während es entwaffnet ist, 5% zusätzlichen Schaden erleiden." lvl="1"/>
        <rank description="Verringert die Abklingzeit Eurer Fähigkeit 'Entwaffnen' um 20 Sek. und lässt das Ziel, während es entwaffnet ist, 10% zusätzlichen Schaden erleiden." lvl="2"/>
      </talent>
      <talent column="2" icon="ability_warrior_sunder" key="146" name="Durchstechen" tier="3">
        <rank description="Verringert die Wutkosten Eurer Fähigkeiten 'Rüstung zerreißen' und 'Verwüsten' um 1." lvl="1"/>
        <rank description="Verringert die Wutkosten Eurer Fähigkeiten 'Rüstung zerreißen' und 'Verwüsten' um 2." lvl="2"/>
        <rank description="Verringert die Wutkosten Eurer Fähigkeiten 'Rüstung zerreißen' und 'Verwüsten' um 3." lvl="3"/>
      </talent>
      <talent column="0" icon="ability_warrior_shieldwall" key="150" name="Verbesserte Disziplinen" tier="4">
        <rank description="Verringert die Abklingzeit Eurer Fähigkeiten 'Schildwall', 'Gegenschlag' und 'Tollkühnheit' um 30 Sek." lvl="1"/>
        <rank description="Verringert die Abklingzeit Eurer Fähigkeiten 'Schildwall', 'Gegenschlag' und 'Tollkühnheit' um 60 Sek." lvl="2"/>
      </talent>
      <talent column="1" icon="ability_thunderbolt" key="152" name="Erschütternder Schlag" tier="4">
        <rank description="Betäubt 5 Sek. lang den Gegner und verursacht 10 Schaden (basierend auf Angriffskraft)." lvl="1"/>
        <spell castTime="0" cooldown="30000" maxRange="5">
          <power cost="15" type="rage"/>
        </spell>
      </talent>
      <talent column="2" icon="ability_warrior_shieldbash" key="149" name="Auf die Kehle zielen" tier="4">
        <rank description="Verleiht Eurer Fähigkeit 'Schildhieb' und 'Heldenhafter Wurf' eine Chance von 50%, das Ziel 3 Sek. lang verstummen zu lassen und erhöht den Schaden Eurer Fähigkeit 'Schildschlag' um 5%." lvl="1"/>
        <rank description="Verleiht Eurer Fähigkeit 'Schildhieb' und 'Heldenhafter Wurf' eine Chance von 100%, das Ziel 3 Sek. lang verstummen zu lassen und erhöht den Schaden Eurer Fähigkeit 'Schildschlag' um 10%." lvl="2"/>
      </talent>
      <talent column="2" icon="inv_sword_20" key="702" name="Einhandwaffen-Spezialisierung" tier="5">
        <rank description="Erhöht den körperlichen zugefügten Schaden, wenn Ihr eine Einhandnahkampfwaffe angelegt habt, um 2%." lvl="1"/>
        <rank description="Erhöht den körperlichen zugefügten Schaden, wenn Ihr eine Einhandnahkampfwaffe angelegt habt, um 4%." lvl="2"/>
        <rank description="Erhöht den körperlichen zugefügten Schaden, wenn Ihr eine Einhandnahkampfwaffe angelegt habt, um 6%." lvl="3"/>
        <rank description="Erhöht den körperlichen zugefügten Schaden, wenn Ihr eine Einhandnahkampfwaffe angelegt habt, um 8%." lvl="4"/>
        <rank description="Erhöht den körperlichen zugefügten Schaden, wenn Ihr eine Einhandnahkampfwaffe angelegt habt, um 10%." lvl="5"/>
      </talent>
      <talent column="0" icon="ability_warrior_defensivestance" key="1652" name="Verbesserte Verteidigungshaltung" tier="6">
        <rank description="In der Verteidigungshaltung wird jeglicher erlittene Zauberschaden um 3% verringert. Wenn Ihr einen Angriff blockt, pariert oder ihm ausweicht, besteht eine Chance von 50%, dass Ihr wütend werdet und Euer verursachter körperlicher Schaden 12 Sek. lang um 5% erhöht wird." lvl="1"/>
        <rank description="In der Verteidigungshaltung wird jeglicher erlittene Zauberschaden um 6% verringert. Wenn Ihr einen Angriff blockt, pariert oder ihm ausweicht, besteht eine Chance von 100%, dass Ihr wütend werdet und Euer verursachter körperlicher Schaden 12 Sek. lang um 10% erhöht wird." lvl="2"/>
      </talent>
      <talent column="1" icon="ability_warrior_vigilance" key="148" name="Wachsamkeit" requires="152" tier="6">
        <rank description="Fokussiert Euren schützenden Blick auf ein Gruppen- oder Schlachtzugsmitglied, verringert so seinen erlittenen Schaden um 3% und überträgt -10% seiner erzeugten Bedrohung auf Euch. Zusätzlich wird jedes Mal, wenn das Ziel von einem Angriff getroffen wird, die Abklingzeit Eurer Fähigkeit 'Spott' beendet. Hält 30 Min. lang an. Dieser Effekt kann nur auf jeweils einem Ziel wirken." lvl="1"/>
        <spell castTime="0" maxRange="30"/>
      </talent>
      <talent column="2" icon="ability_warrior_focusedrage" key="1660" name="Fokussierte Wut" tier="6">
        <rank description="Verringert die Wutkosten aller Angriffsfähigkeiten um 1." lvl="1"/>
        <rank description="Verringert die Wutkosten aller Angriffsfähigkeiten um 2." lvl="2"/>
        <rank description="Verringert die Wutkosten aller Angriffsfähigkeiten um 3." lvl="3"/>
      </talent>
      <talent column="1" icon="inv_helmet_21" key="1653" name="Vitalität" tier="7">
        <rank description="Erhöht Eure gesamte Stärke um 2%, Eure Ausdauer um 3% und Eure Waffenkunde um 2." lvl="1"/>
        <rank description="Erhöht Eure gesamte Stärke um 4%, Eure Ausdauer um 6% und Eure Waffenkunde um 4." lvl="2"/>
        <rank description="Erhöht Eure gesamte Stärke um 6%, Eure Ausdauer um 9% und Eure Waffenkunde um 6." lvl="3"/>
      </talent>
      <talent column="2" icon="ability_warrior_safeguard" key="1870" name="Sicherung" tier="7">
        <rank description="Verringert den erlittenen Schaden des von Eurer Fähigkeit 'Einschreiten' betroffenen Ziels 6 Sek. lang um 15%." lvl="1"/>
        <rank description="Verringert den erlittenen Schaden des von Eurer Fähigkeit 'Einschreiten' betroffenen Ziels 6 Sek. lang um 30%." lvl="2"/>
      </talent>
      <talent column="0" icon="ability_warrior_warbringer" key="2236" name="Kriegstreiber" tier="8">
        <rank description="Eure Fähigkeiten 'Sturmangriff', 'Abfangen' und 'Einschreiten' sind nun während des Kampfes und in jeder Haltung nutzbar. Zusätzlich entfernt Eure Fähigkeit 'Einschreiten' jegliche bewegungseinschränkenden Effekte." lvl="1"/>
      </talent>
      <talent column="1" icon="inv_sword_11" key="1666" name="Verwüsten" tier="8">
        <rank description="Zerreißt die Rüstung des Ziels und ruft den Effekt 'Rüstung zerreißen' hervor. Verursacht zusätzlich pro Stapel dieses Effektes auf dem Ziel 120% Waffenschaden plus 58. 'Rüstung zerreißen' ist bis zu 5-mal stapelbar." lvl="1"/>
        <spell castTime="0" maxRange="5">
          <power cost="15" type="rage"/>
        </spell>
      </talent>
      <talent column="2" icon="ability_warrior_criticalblock" key="1893" name="Kritisches Blocken" tier="8">
        <rank description="Jedes erfolgreiche Blocken hat eine Chance von 20%, das Doppelte der normalen Menge zu blocken und erhöht Eure Chance, mit Eurer Fähigkeit 'Schildschlag' einen kritischen Treffer zu erzielen, um zusätzliche 5%." lvl="1"/>
        <rank description="Jedes erfolgreiche Blocken hat eine Chance von 40%, das Doppelte der normalen Menge zu blocken und erhöht Eure Chance, mit Eurer Fähigkeit 'Schildschlag' einen kritischen Treffer zu erzielen, um zusätzliche 10%." lvl="2"/>
        <rank description="Jedes erfolgreiche Blocken hat eine Chance von 60%, das Doppelte der normalen Menge zu blocken und erhöht Eure Chance, mit Eurer Fähigkeit 'Schildschlag' einen kritischen Treffer zu erzielen, um zusätzliche 15%." lvl="3"/>
      </talent>
      <talent column="1" icon="ability_warrior_swordandboard" key="1871" name="Schwert und Schild" requires="1666" tier="9">
        <rank description="Erhöht die kritische Trefferchance von 'Verwüsten' um 5%, und wenn Eure Fähigkeit 'Verwüsten' oder 'Rache' Schaden verursacht, besteht eine Chance von 10%, dass die Abklingzeit von 'Schildschlag' abgeschlossen und die Kosten der Fähigkeit 5 Sek. lang um 100% verringert werden." lvl="1"/>
        <rank description="Erhöht die kritische Trefferchance von 'Verwüsten' um 10%, und wenn Eure Fähigkeit 'Verwüsten' oder 'Rache' Schaden verursacht, besteht eine Chance von 20%, dass die Abklingzeit von 'Schildschlag' abgeschlossen und die Kosten der Fähigkeit 5 Sek. lang um 100% verringert werden." lvl="2"/>
        <rank description="Erhöht die kritische Trefferchance von 'Verwüsten' um 15%, und wenn Eure Fähigkeit 'Verwüsten' oder 'Rache' Schaden verursacht, besteht eine Chance von 30%, dass die Abklingzeit von 'Schildschlag' abgeschlossen und die Kosten der Fähigkeit 5 Sek. lang um 100% verringert werden." lvl="3"/>
      </talent>
      <talent column="2" icon="inv_shield_31" key="2246" name="Schadensschild" tier="9">
        <rank description="Jedes Mal, wenn Ihr Schaden durch einen Nahkampfangriff erleidet oder ihn blockt, verursacht Ihr Schaden in Höhe von 10% Eures Blockwerts." lvl="1"/>
        <rank description="Jedes Mal, wenn Ihr Schaden durch einen Nahkampfangriff erleidet oder ihn blockt, verursacht Ihr Schaden in Höhe von 20% Eures Blockwerts." lvl="2"/>
      </talent>
      <talent column="1" icon="ability_warrior_shockwave" key="1872" name="Schockwelle" tier="10">
        <rank description="Schickt dem Krieger eine Druckwelle voraus, die 20 Schaden verursacht (basierend auf Angriffskraft) und in einem kegelförmigen Bereich von 10 Metern alle gegnerischen Ziele 4 Sek. lang betäubt." lvl="1"/>
        <spell castTime="0" cooldown="20000">
          <power cost="15" type="rage"/>
        </spell>
      </talent>
    </tree>
  </talentTrees>
</page>
