<?xml version="1.0" encoding="UTF-8"?><page globalSearch="1" lang="es_mx" requestUrl="/talent-tree.xml">
  <talentTrees>
    <tree bgImage="RogueCombat" icon="ability_backstab" key="Combat" name="Combate" order="1">
      <talent column="0" icon="ability_gouge" key="203" name="Gubia mejorada" tier="0">
        <rank description="Aumenta 0.5 s la duración de tu facultad Gubia." lvl="1"/>
        <rank description="Aumenta 1 s la duración de tu facultad Gubia." lvl="2"/>
        <rank description="Aumenta 1.5 s la duración de tu facultad Gubia." lvl="3"/>
      </talent>
      <talent column="1" icon="spell_shadow_ritualofsacrifice" key="201" name="Golpe siniestro mejorado" tier="0">
        <rank description="Reduce el coste de energía de tu facultad Golpe siniestro 3 p." lvl="1"/>
        <rank description="Reduce el coste de energía de tu facultad Golpe siniestro 5 p." lvl="2"/>
      </talent>
      <talent column="2" icon="ability_dualwield" key="221" name="Especialización en doble empuñadura" tier="0">
        <rank description="Aumenta un 10% el daño infligido con tu arma secundaria." lvl="1"/>
        <rank description="Aumenta un 20% el daño infligido con tu arma secundaria." lvl="2"/>
        <rank description="Aumenta un 30% el daño infligido con tu arma secundaria." lvl="3"/>
        <rank description="Aumenta un 40% el daño infligido con tu arma secundaria." lvl="4"/>
        <rank description="Aumenta un 50% el daño infligido con tu arma secundaria." lvl="5"/>
      </talent>
      <talent column="0" icon="ability_rogue_slicedice" key="1827" name="Hacer picadillo mejorado" tier="1">
        <rank description="Aumenta un 25% la duración de tu facultad Hacer picadillo." lvl="1"/>
        <rank description="Aumenta un 50% la duración de tu facultad Hacer picadillo." lvl="2"/>
      </talent>
      <talent column="1" icon="ability_parry" key="187" name="Desvío" tier="1">
        <rank description="Aumenta tu probabilidad de parar un 2%." lvl="1"/>
        <rank description="Aumenta tu probabilidad de parar un 4%." lvl="2"/>
        <rank description="Aumenta tu probabilidad de parar un 6%." lvl="3"/>
      </talent>
      <talent column="3" icon="ability_marksmanship" key="181" name="Precisión" tier="1">
        <rank description="Aumenta tu probabilidad de golpear con armas y ataques con venenos un 1%." lvl="1"/>
        <rank description="Aumenta tu probabilidad de golpear con armas y ataques con venenos un 2%." lvl="2"/>
        <rank description="Aumenta tu probabilidad de golpear con armas y ataques con venenos un 3%." lvl="3"/>
        <rank description="Aumenta tu probabilidad de golpear con armas y ataques con venenos un 4%." lvl="4"/>
        <rank description="Aumenta tu probabilidad de golpear con armas y ataques con venenos un 5%." lvl="5"/>
      </talent>
      <talent column="0" icon="spell_shadow_shadowward" key="204" name="Robustez" tier="2">
        <rank description="Reduce el tiempo de reutilización de tus facultades Sprint y Evasión 30 s y aumenta tu aguante total un 2%." lvl="1"/>
        <rank description="Reduce el tiempo de reutilización de tus facultades Sprint y Evasión 60 s y aumenta tu aguante total un 4%." lvl="2"/>
      </talent>
      <talent column="1" icon="ability_warrior_challange" key="301" name="Contestación" requires="187" tier="2">
        <rank description="Un golpe que se activa tras haber parado el ataque de un oponente. Este ataque inflige un 150% de daño con arma y ralentiza su velocidad de ataque cuerpo a cuerpo un 20% durante 30 s. Otorga 1 p. de combo." lvl="1"/>
        <spell castTime="0" cooldown="6000" maxRange="5">
          <power cost="10" type="energy"/>
        </spell>
      </talent>
      <talent column="2" icon="inv_weapon_shortblade_05" key="182" name="Combate próximo" requires="221" tier="2">
        <rank description="Aumenta la probabilidad de conseguir un golpe crítico con dagas y armas de puño un 1%." lvl="1"/>
        <rank description="Aumenta la probabilidad de conseguir un golpe crítico con dagas y armas de puño un 2%." lvl="2"/>
        <rank description="Aumenta la probabilidad de conseguir un golpe crítico con dagas y armas de puño un 3%." lvl="3"/>
        <rank description="Aumenta la probabilidad de conseguir un golpe crítico con dagas y armas de puño un 4%." lvl="4"/>
        <rank description="Aumenta la probabilidad de conseguir un golpe crítico con dagas y armas de puño un 5%." lvl="5"/>
      </talent>
      <talent column="0" icon="ability_kick" key="206" name="Patada mejorada" tier="3">
        <rank description="Da a tu facultad Patada un 50% de probabilidad de silenciar el objetivo durante 2 s." lvl="1"/>
        <rank description="Da a tu facultad Patada un 100% de probabilidad de silenciar el objetivo durante 2 s." lvl="2"/>
      </talent>
      <talent column="1" icon="ability_rogue_sprint" key="222" name="Sprint mejorado" tier="3">
        <rank description="Da 50% de probabilidad de eliminar todos los efectos de reducción de movimiento cuando activas tu facultad Sprint." lvl="1"/>
        <rank description="Da 100% de probabilidad de eliminar todos los efectos de reducción de movimiento cuando activas tu facultad Sprint." lvl="2"/>
      </talent>
      <talent column="2" icon="spell_nature_invisibilty" key="186" name="Reflejos de relámpago" tier="3">
        <rank description="Aumenta la probabilidad de esquivar un 2% y te otorga un 4% de celeridad cuerpo a cuerpo." lvl="1"/>
        <rank description="Aumenta la probabilidad de esquivar un 4% y te otorga un 7% de celeridad cuerpo a cuerpo." lvl="2"/>
        <rank description="Aumenta la probabilidad de esquivar un 6% y te otorga un 10% de celeridad cuerpo a cuerpo." lvl="3"/>
      </talent>
      <talent column="3" icon="ability_racial_avatar" key="1122" name="Agresión" tier="3">
        <rank description="Aumenta un 3% el daño infligido con tus facultades Golpe siniestro, Puñalada y Eviscerar." lvl="1"/>
        <rank description="Aumenta un 6% el daño infligido con tus facultades Golpe siniestro, Puñalada y Eviscerar." lvl="2"/>
        <rank description="Aumenta un 9% el daño infligido con tus facultades Golpe siniestro, Puñalada y Eviscerar." lvl="3"/>
        <rank description="Aumenta un 12% el daño infligido con tus facultades Golpe siniestro, Puñalada y Eviscerar." lvl="4"/>
        <rank description="Aumenta un 15% el daño infligido con tus facultades Golpe siniestro, Puñalada y Eviscerar." lvl="5"/>
      </talent>
      <talent column="0" icon="inv_mace_01" key="184" name="Especialización en mazas" tier="4">
        <rank description="Tus ataques con mazas ignoran hasta el 3% de la armadura de tu oponente." lvl="1"/>
        <rank description="Tus ataques con mazas ignoran hasta el 6% de la armadura de tu oponente." lvl="2"/>
        <rank description="Tus ataques con mazas ignoran hasta el 9% de la armadura de tu oponente." lvl="3"/>
        <rank description="Tus ataques con mazas ignoran hasta el 12% de la armadura de tu oponente." lvl="4"/>
        <rank description="Tus ataques con mazas ignoran hasta el 15% de la armadura de tu oponente." lvl="5"/>
      </talent>
      <talent column="1" icon="ability_warrior_punishingblow" key="223" name="Aluvión de acero" tier="4">
        <rank description="Aumenta tu velocidad de ataque un 20%. Además, los ataques alcanzan a un enemigo cercano extra. Dura 15 s." lvl="1"/>
        <spell castTime="0" cooldown="120000">
          <power cost="25" type="energy"/>
        </spell>
      </talent>
      <talent column="2" icon="inv_sword_27" key="242" name="Cortar y rebanar" tier="4">
        <rank description="Te da un 1% de probabilidad de conseguir un ataque extra sobre el mismo objetivo después de infligirle daño con tu espada o hacha." lvl="1"/>
        <rank description="Te da un 2% de probabilidad de conseguir un ataque extra sobre el mismo objetivo después de infligirle daño con tu espada o hacha." lvl="2"/>
        <rank description="Te da un 3% de probabilidad de conseguir un ataque extra sobre el mismo objetivo después de infligirle daño con tu espada o hacha." lvl="3"/>
        <rank description="Te da un 4% de probabilidad de conseguir un ataque extra sobre el mismo objetivo después de infligirle daño con tu espada o hacha." lvl="4"/>
        <rank description="Te da un 5% de probabilidad de conseguir un ataque extra sobre el mismo objetivo después de infligirle daño con tu espada o hacha." lvl="5"/>
      </talent>
      <talent column="1" icon="spell_holy_blessingofstrength" key="1703" name="Pericia con arma" requires="223" tier="5">
        <rank description="Aumenta tu pericia 5 p." lvl="1"/>
        <rank description="Aumenta tu pericia 10 p." lvl="2"/>
      </talent>
      <talent column="2" icon="ability_rogue_bladetwisting" key="1706" name="Malabares cortantes" tier="5">
        <rank description="Aumenta el daño infligido por tu Golpe siniestro y Puñalada un 5% y tus ataques cuerpo a cuerpo que inflijan daño tienen un 10% de probabilidad de atontar al objetivo durante 4 s." lvl="1"/>
        <rank description="Aumenta el daño infligido por tu Golpe siniestro y Puñalada un 10% y tus ataques cuerpo a cuerpo que inflijan daño tienen un 10% de probabilidad de atontar al objetivo durante 8 s." lvl="2"/>
      </talent>
      <talent column="0" icon="ability_warrior_revenge" key="1705" name="Vitalidad" tier="6">
        <rank description="Aumenta tu índice de regeneración de energía un 8%." lvl="1"/>
        <rank description="Aumenta tu índice de regeneración de energía un 16%." lvl="2"/>
        <rank description="Aumenta tu índice de regeneración de energía un 25%." lvl="3"/>
      </talent>
      <talent column="1" icon="spell_shadow_shadowworddominate" key="205" name="Subidón de adrenalina" tier="6">
        <rank description="Aumenta tu velocidad de regeneración de energía un 100% durante 15 s." lvl="1"/>
        <spell castTime="0" cooldown="180000"/>
      </talent>
      <talent column="2" icon="ability_rogue_nervesofsteel" key="1707" name="Nervios de acero" tier="6">
        <rank description="Reduce el daño recibido mientras estás afectado por los efectos de aturdimiento y miedo un 15%." lvl="1"/>
        <rank description="Reduce el daño recibido mientras estás afectado por los efectos de aturdimiento y miedo un 30%." lvl="2"/>
      </talent>
      <talent column="0" icon="ability_rogue_throwingspecialization" key="2072" name="Especialización en lanzamiento" tier="7">
        <rank description="Aumenta el alcance de Lanzar y Lanzamiento mortal 2 m y le da a tu facultad Lanzamiento mortal un 50% de probabilidad de interrumpir al objetivo durante 3 s." lvl="1"/>
        <rank description="Aumenta el alcance de Lanzar y Lanzamiento mortal 4 m y le da a tu facultad Lanzamiento mortal un 100% de probabilidad de interrumpir al objetivo durante 3 s." lvl="2"/>
      </talent>
      <talent column="2" icon="inv_weapon_shortblade_38" key="1825" name="Potencia de combate" tier="7">
        <rank description="Le da a tus ataques cuerpo a cuerpo de la mano izquierda que acierten una probabilidad de un 20% de generar 3 p. de energía." lvl="1"/>
        <rank description="Le da a tus ataques cuerpo a cuerpo de la mano izquierda que acierten una probabilidad de un 20% de generar 6 p. de energía." lvl="2"/>
        <rank description="Le da a tus ataques cuerpo a cuerpo de la mano izquierda que acierten una probabilidad de un 20% de generar 9 p. de energía." lvl="3"/>
        <rank description="Le da a tus ataques cuerpo a cuerpo de la mano izquierda que acierten una probabilidad de un 20% de generar 12 p. de energía." lvl="4"/>
        <rank description="Le da a tus ataques cuerpo a cuerpo de la mano izquierda que acierten una probabilidad de un 20% de generar 15 p. de energía." lvl="5"/>
      </talent>
      <talent column="0" icon="ability_rogue_unfairadvantage" key="2073" name="Ventaja desleal" tier="8">
        <rank description="Cuando esquivas un ataque obtienes Ventaja desleal, que devuelve el golpe infligiendo un 50% del daño de tu arma principal. Esto no puede tener lugar más de una vez por segundo." lvl="1"/>
        <rank description="Cuando esquivas un ataque obtienes Ventaja desleal, que devuelve el golpe infligiendo un 100% del daño de tu arma principal. Esto no puede tener lugar más de una vez por segundo." lvl="2"/>
      </talent>
      <talent column="1" icon="ability_rogue_surpriseattack" key="1709" name="Ataques por sorpresa" requires="205" tier="8">
        <rank description="Tus remates ya no se pueden esquivar, y el daño infligido por tus facultades Golpe siniestro, Puñalada, Puyazo, Hemorragia y Gubia aumenta un 10%." lvl="1"/>
      </talent>
      <talent column="2" icon="ability_creature_disease_03" key="2074" name="Combate salvaje" tier="8">
        <rank description="Aumenta tu poder de ataque total un 2% y todo el daño físico infligido a los enemigos que has envenenado aumenta un 2%." lvl="1"/>
        <rank description="Aumenta tu poder de ataque total un 4% y todo el daño físico infligido a los enemigos que has envenenado aumenta un 4%." lvl="2"/>
      </talent>
      <talent column="1" icon="ability_rogue_preyontheweak" key="2075" name="Abusar de los débiles" tier="9">
        <rank description="Tu daño con golpes críticos aumenta un 4% cuando el objetivo tiene menos salud que tú (como porcentaje de salud total)." lvl="1"/>
        <rank description="Tu daño con golpes críticos aumenta un 8% cuando el objetivo tiene menos salud que tú (como porcentaje de salud total)." lvl="2"/>
        <rank description="Tu daño con golpes críticos aumenta un 12% cuando el objetivo tiene menos salud que tú (como porcentaje de salud total)." lvl="3"/>
        <rank description="Tu daño con golpes críticos aumenta un 16% cuando el objetivo tiene menos salud que tú (como porcentaje de salud total)." lvl="4"/>
        <rank description="Tu daño con golpes críticos aumenta un 20% cuando el objetivo tiene menos salud que tú (como porcentaje de salud total)." lvl="5"/>
      </talent>
      <talent column="1" icon="ability_rogue_murderspree" key="2076" name="Asesinato múltiple" tier="10">
        <rank description="Camina entre las sombras de un enemigo a otro en un radio de 10 m, atacando a un enemigo cada 0,5 segundos con ambas armas hasta realizar 5 asaltos y aumenta todo el daño infligido un 20% mientras dure. Se puede golpear al mismo objetivo varias veces. No alcanza a objetivos invisibles o en sigilo." lvl="1"/>
        <spell castTime="0" cooldown="120000" maxRange="10"/>
      </talent>
    </tree>
    <tree bgImage="RogueSubtlety" icon="ability_stealth" key="Subtlety" name="Sutileza" order="2">
      <talent column="0" icon="ability_warrior_decisivestrike" key="2244" name="Golpes despiadados" tier="0">
        <rank description="Tus remates tienen un 4% de probabilidad por cada punto de combo de restaurar 25 p. de energía." lvl="1"/>
        <rank description="Tus remates tienen un 8% de probabilidad por cada punto de combo de restaurar 25 p. de energía." lvl="2"/>
        <rank description="Tus remates tienen un 12% de probabilidad por cada punto de combo de restaurar 25 p. de energía." lvl="3"/>
        <rank description="Tus remates tienen un 16% de probabilidad por cada punto de combo de restaurar 25 p. de energía." lvl="4"/>
        <rank description="Tus remates tienen un 20% de probabilidad por cada punto de combo de restaurar 25 p. de energía." lvl="5"/>
      </talent>
      <talent column="1" icon="spell_shadow_charm" key="241" name="Maestro del engaño" tier="0">
        <rank description="Reduce la probabilidad que tienen los enemigos de detectarte cuando estás en modo sigilo." lvl="1"/>
        <rank description="Reduce la probabilidad que tienen los enemigos de detectarte cuando estás en modo sigilo. Es más efectivo que Maestro del engaño (Rango 1)." lvl="2"/>
        <rank description="Reduce la probabilidad que tienen los enemigos de detectarte cuando estás en modo sigilo. Es más efectivo que Maestro del engaño (Rango 2)." lvl="3"/>
      </talent>
      <talent column="2" icon="ability_warrior_warcry" key="261" name="Oportunidad" tier="0">
        <rank description="Aumenta el daño infligido con tus facultades Puñalada, Garrote, Mutilar y Emboscada un 10%." lvl="1"/>
        <rank description="Aumenta el daño infligido con tus facultades Puñalada, Garrote, Mutilar y Emboscada un 20%." lvl="2"/>
      </talent>
      <talent column="0" icon="ability_rogue_feint" key="1700" name="Prestidigitación" tier="1">
        <rank description="Reduce la probabilidad de recibir un golpe crítico en un ataque cuerpo a cuerpo o a distancia un 1% y aumenta la reducción de la amenaza de tu facultad Amago un 10%." lvl="1"/>
        <rank description="Reduce la probabilidad de recibir un golpe crítico en un ataque cuerpo a cuerpo o a distancia un 2% y aumenta la reducción de la amenaza de tu facultad Amago un 20%." lvl="2"/>
      </talent>
      <talent column="1" icon="ability_sap" key="262" name="Jugarreta" tier="1">
        <rank description="Aumenta el rango de tus facultades Ceguera y Porrazo 2 m y reduce el coste de energía de tus facultades Ceguera y Porrazo un 25%." lvl="1"/>
        <rank description="Aumenta el rango de tus facultades Ceguera y Porrazo 5 m y reduce el coste de energía de tus facultades Ceguera y Porrazo un 50%." lvl="2"/>
      </talent>
      <talent column="2" icon="ability_stealth" key="244" name="Camuflaje" tier="1">
        <rank description="Aumenta tu velocidad mientras tienes activo el sigilo un 5% y reduce el tiempo de reutilización de tu facultad Sigilo 2 s." lvl="1"/>
        <rank description="Aumenta tu velocidad mientras tienes activo el sigilo un 10% y reduce el tiempo de reutilización de tu facultad Sigilo 4 s." lvl="2"/>
        <rank description="Aumenta tu velocidad mientras tienes activo el sigilo un 15% y reduce el tiempo de reutilización de tu facultad Sigilo 6 s." lvl="3"/>
      </talent>
      <talent column="0" icon="spell_magic_lesserinvisibilty" key="247" name="Elusión" tier="2">
        <rank description="Reduce el tiempo de reutilización de tus facultades Esfumarse y Ceguera 30 s y de tu facultad Capa de las Sombras 15 s." lvl="1"/>
        <rank description="Reduce el tiempo de reutilización de tus facultades Esfumarse y Ceguera 60 s y de tu facultad Capa de las Sombras 30 s." lvl="2"/>
      </talent>
      <talent column="1" icon="spell_shadow_curse" key="303" name="Golpe fantasmal" tier="2">
        <rank description="Un golpe que inflige un 125% de daño con arma (un 180% si se lleva equipada una daga) y aumenta un 15% tu probabilidad de esquivar durante 7 s. Otorga 1 p. de combo." lvl="1"/>
        <spell castTime="0" cooldown="20000" maxRange="5">
          <power cost="40" type="energy"/>
        </spell>
      </talent>
      <talent column="2" icon="inv_sword_17" key="1123" name="Espadas dentadas" tier="2">
        <rank description="Provoca que tus ataques ignoren hasta un 3% de armadura de tu objetivo y aumenta el daño infligido por tu facultad Ruptura un 10%." lvl="1"/>
        <rank description="Provoca que tus ataques ignoren hasta un 6% de armadura de tu objetivo y aumenta el daño infligido por tu facultad Ruptura un 20%." lvl="2"/>
        <rank description="Provoca que tus ataques ignoren hasta un 9% de armadura de tu objetivo y aumenta el daño infligido por tu facultad Ruptura un 30%." lvl="3"/>
      </talent>
      <talent column="0" icon="spell_nature_mirrorimage" key="246" name="Establecer" tier="3">
        <rank description="Te da un 33% de probabilidad de añadir un punto de combo a tu objetivo tras haber esquivado su ataque o haber resistido totalmente a uno de sus hechizos. No puede tener lugar más de una vez por segundo." lvl="1"/>
        <rank description="Te da un 66% de probabilidad de añadir un punto de combo a tu objetivo tras haber esquivado su ataque o haber resistido totalmente a uno de sus hechizos. No puede tener lugar más de una vez por segundo." lvl="2"/>
        <rank description="Te da un 100% de probabilidad de añadir un punto de combo a tu objetivo tras haber esquivado su ataque o haber resistido totalmente a uno de sus hechizos. No puede tener lugar más de una vez por segundo." lvl="3"/>
      </talent>
      <talent column="1" icon="spell_shadow_fumble" key="245" name="Iniciativa" tier="3">
        <rank description="Te da un 33% de probabilidad de añadir 1 p. de combo extra a tu objetivo cuando usas tus facultades de Golpe bajo, Emboscada o Garrote." lvl="1"/>
        <rank description="Te da un 66% de probabilidad de añadir 1 p. de combo extra a tu objetivo cuando usas tus facultades de Golpe bajo, Emboscada o Garrote." lvl="2"/>
        <rank description="Te da un 100% de probabilidad de añadir 1 p. de combo extra a tu objetivo cuando usas tus facultades de Golpe bajo, Emboscada o Garrote." lvl="3"/>
      </talent>
      <talent column="2" icon="ability_rogue_ambush" key="263" name="Emboscada mejorada" tier="3">
        <rank description="Aumenta un 25% la probabilidad de golpe crítico de tu facultad Emboscada." lvl="1"/>
        <rank description="Aumenta un 50% la probabilidad de golpe crítico de tu facultad Emboscada." lvl="2"/>
      </talent>
      <talent column="0" icon="ability_ambush" key="1701" name="Sentidos agudizados" tier="4">
        <rank description="Aumenta tu Detección de sigilo y reduce la probabilidad de que seas alcanzado por hechizos y ataques a distancia un 2%." lvl="1"/>
        <rank description="Aumenta tu Detección de sigilo y reduce la probabilidad de que seas alcanzado por hechizos y ataques a distancia un 4%. Más efectivo que Sentidos agudizados (Rango 1)." lvl="2"/>
      </talent>
      <talent column="1" icon="spell_shadow_antishadow" key="284" name="Preparación" tier="4">
        <rank description="Cuando se activa, termina inmediatamente el tiempo de reutilización de tus facultades Evasión, Sprint, Esfumarse, Sangre fría y Paso de las Sombras." lvl="1"/>
        <spell castTime="0" cooldown="480000"/>
      </talent>
      <talent column="2" icon="spell_shadow_summonsuccubus" key="265" name="Actos reprobables" tier="4">
        <rank description="Reduce el coste de energía de tu facultad Golpe bajo y Garrote 10 p. Además, tus facultades especiales provocan un 10% más de daño frente a objetivos por debajo del 35% de salud." lvl="1"/>
        <rank description="Reduce el coste de energía de tu facultad Golpe bajo y Garrote 20 p. Además, tus facultades especiales provocan un 20% más de daño frente a objetivos por debajo del 35% de salud." lvl="2"/>
      </talent>
      <talent column="3" icon="spell_shadow_lifedrain" key="681" name="Hemorragia" requires="1123" tier="4">
        <rank description="Un golpe instantáneo que inflige un 110% de daño con arma (un 160% si se lleva equipada una daga) y le provoca al objetivo una hemorragia, lo que aumenta cualquier daño físico infligido al objetivo hasta 13. Dura 15 s o hasta que se utilizan 10 cargas. Otorga 1 p. de combo." lvl="1"/>
        <spell castTime="0" maxRange="5">
          <power cost="35" type="energy"/>
        </spell>
      </talent>
      <talent column="0" icon="ability_rogue_masterofsubtlety" key="1713" name="Maestro de la sutileza" tier="5">
        <rank description="Los ataques realizados mientras estás en modo sigilo y durante los 6 s posteriores a abandonar el modo sigilo infligen un 4% extra de daño." lvl="1"/>
        <rank description="Los ataques realizados mientras estás en modo sigilo y durante los 6 s posteriores a abandonar el modo sigilo infligen un 7% extra de daño." lvl="2"/>
        <rank description="Los ataques realizados mientras estás en modo sigilo y durante los 6 s posteriores a abandonar el modo sigilo infligen un 10% extra de daño." lvl="3"/>
      </talent>
      <talent column="2" icon="inv_weapon_crossbow_11" key="1702" name="Fatalidad" tier="5">
        <rank description="Aumenta tu poder de ataque un 2%." lvl="1"/>
        <rank description="Aumenta tu poder de ataque un 4%." lvl="2"/>
        <rank description="Aumenta tu poder de ataque un 6%." lvl="3"/>
        <rank description="Aumenta tu poder de ataque un 8%." lvl="4"/>
        <rank description="Aumenta tu poder de ataque un 10%." lvl="5"/>
      </talent>
      <talent column="0" icon="ability_rogue_envelopingshadows" key="1711" name="Sombras envolventes" tier="6">
        <rank description="Reduce el daño recibido por los ataques de área de efecto un 10%." lvl="1"/>
        <rank description="Reduce el daño recibido por los ataques de área de efecto un 20%." lvl="2"/>
        <rank description="Reduce el daño recibido por los ataques de área de efecto un 30%." lvl="3"/>
      </talent>
      <talent column="1" icon="spell_shadow_possession" key="381" name="Premeditación" requires="284" tier="6">
        <rank description="Al usarlo añade 2 p. de combo a tu objetivo. Tienes que añadir o utilizar los puntos de combo en 20 s o se perderán." lvl="1"/>
        <spell castTime="0" cooldown="20000" maxRange="30"/>
      </talent>
      <talent column="2" icon="ability_rogue_cheatdeath" key="1722" name="Burlar a la muerte" tier="6">
        <rank description="Tienes un 33% de probabilidad de que cualquier ataque capaz de acabar con tu vida te reduzca en su lugar a un 10% de tu salud máxima. Además, cualquier daño recibido se reducirá hasta un 90% durante 3 s (modificado por el temple). Este efecto solo ocurre una vez por minuto." lvl="1"/>
        <rank description="Tienes un 66% de probabilidad de que cualquier ataque capaz de acabar con tu vida te reduzca en su lugar a un 10% de tu salud máxima. Además, cualquier daño recibido se reducirá hasta un 90% durante 3 s (modificado por el temple). Este efecto solo ocurre una vez por minuto." lvl="2"/>
        <rank description="Tienes un 100% de probabilidad de que cualquier ataque capaz de acabar con tu vida te reduzca en su lugar a un 10% de tu salud máxima. Además, cualquier daño recibido se reducirá hasta un 90% durante 3 s (modificado por el temple). Este efecto solo ocurre una vez por minuto." lvl="3"/>
      </talent>
      <talent column="1" icon="ability_rogue_sinistercalling" key="1712" name="Llamada siniestra" requires="381" tier="7">
        <rank description="Aumenta tu agilidad total un 3% y aumenta el porcentaje de bonus de daño de Puñalada y de Hemorragia un 2% adicional." lvl="1"/>
        <rank description="Aumenta tu agilidad total un 6% y aumenta el porcentaje de bonus de daño de Puñalada y de Hemorragia un 4% adicional." lvl="2"/>
        <rank description="Aumenta tu agilidad total un 9% y aumenta el porcentaje de bonus de daño de Puñalada y de Hemorragia un 6% adicional." lvl="3"/>
        <rank description="Aumenta tu agilidad total un 12% y aumenta el porcentaje de bonus de daño de Puñalada y de Hemorragia un 8% adicional." lvl="4"/>
        <rank description="Aumenta tu agilidad total un 15% y aumenta el porcentaje de bonus de daño de Puñalada y de Hemorragia un 10% adicional." lvl="5"/>
      </talent>
      <talent column="2" icon="ability_rogue_waylay" key="2077" name="Acecho" tier="7">
        <rank description="Los golpes que asestes con Emboscada y con Puñalada tienen un 50% de probabilidad de desequilibrar a un objetivo, aumentar el tiempo entre sus ataques cuerpo a cuerpo y a distancia un 20% y reducir su velocidad de movimiento un 50% durante 8 s." lvl="1"/>
        <rank description="Los golpes que asestes con Emboscada y con Puñalada tienen un 100% de probabilidad de desequilibrar a un objetivo, aumentar el tiempo entre sus ataques cuerpo a cuerpo y a distancia un 20% y reducir su velocidad de movimiento un 50% durante 8 s." lvl="2"/>
      </talent>
      <talent column="0" icon="ability_rogue_honoramongstthieves" key="2078" name="Honor entre ladrones" tier="8">
        <rank description="Cuando alguien de tu grupo asesta un golpe crítico con una facultad o hechizo de daño o de sanación, tienes un 33% de probabilidad de ganar un punto de combo en tu objetivo actual. Este efecto no puede tener lugar más de una vez cada segundo." lvl="1"/>
        <rank description="Cuando alguien de tu grupo asesta un golpe crítico con una facultad o hechizo de daño o de sanación, tienes un 66% de probabilidad de ganar un punto de combo en tu objetivo actual. Este efecto no puede tener lugar más de una vez cada segundo." lvl="2"/>
        <rank description="Cuando alguien de tu grupo asesta un golpe crítico con una facultad o hechizo de daño o de sanación, tienes un 100% de probabilidad de ganar un punto de combo en tu objetivo actual. Este efecto no puede tener lugar más de una vez cada segundo." lvl="3"/>
      </talent>
      <talent column="1" icon="ability_rogue_shadowstep" key="1714" name="Paso de las Sombras" tier="8">
        <rank description="Intenta dar un paso en las sombras y reaparecer detrás de tu enemigo y aumenta la velocidad de movimiento un 70% durante 3 s. El daño de tu siguiente facultad aumenta un 20% y la amenaza generada se reduce un 50%. Dura 10 s." lvl="1"/>
        <spell castTime="0" cooldown="30000" maxRange="25">
          <power cost="10" type="energy"/>
        </spell>
      </talent>
      <talent column="2" icon="ability_rogue_wrongfullyaccused" key="2079" name="Artimañas" tier="8">
        <rank description="Reduce 5 s el tiempo de reutilización y 5 p. el coste de energía de tus facultades Secretos del oficio, Distraer y Paso de las Sombras y reduce 1.5 min. el tiempo de reutilización de Preparación." lvl="1"/>
        <rank description="Reduce 10 s el tiempo de reutilización y 10 p. el coste de energía de tus facultades Secretos del oficio, Distraer y Paso de las Sombras y reduce 3 min. el tiempo de reutilización de Preparación." lvl="2"/>
      </talent>
      <talent column="1" icon="ability_rogue_slaughterfromtheshadows" key="2080" name="Matanza desde las Sombras" tier="9">
        <rank description="Reduce el coste de energía de tus facultades Puñalada y Emboscada 4 p. y el coste de energía de tu Hemorragia 1 p., y aumenta todo el daño infligido un 1%." lvl="1"/>
        <rank description="Reduce el coste de energía de tus facultades Puñalada y Emboscada 8 p. y el coste de energía de tu Hemorragia 2 p., y aumenta todo el daño infligido un 2%." lvl="2"/>
        <rank description="Reduce el coste de energía de tus facultades Puñalada y Emboscada 12 p. y el coste de energía de tu Hemorragia 3 p., y aumenta todo el daño infligido un 3%." lvl="3"/>
        <rank description="Reduce el coste de energía de tus facultades Puñalada y Emboscada 16 p. y el coste de energía de tu Hemorragia 4 p., y aumenta todo el daño infligido un 4%." lvl="4"/>
        <rank description="Reduce el coste de energía de tus facultades Puñalada y Emboscada 20 p. y el coste de energía de tu Hemorragia 5 p., y aumenta todo el daño infligido un 5%." lvl="5"/>
      </talent>
      <talent column="1" icon="ability_rogue_shadowdance" key="2081" name="Danza de las Sombras" tier="10">
        <rank description="Entras en la Danza de las Sombras durante 6 s, que permite el uso de las facultades Porrazo, Garrote, Emboscada, Golpe bajo, Premeditación, Robar y Desactivar trampa aunque no estés en sigilo." lvl="1"/>
        <spell castTime="0" cooldown="60000"/>
      </talent>
    </tree>
    <tree bgImage="RogueAssassination" icon="ability_rogue_eviscerate" key="Assassination" name="Asesinato" order="0">
      <talent column="0" icon="ability_rogue_eviscerate" key="276" name="Eviscerar mejorado" tier="0">
        <rank description="Aumenta un 7% el daño infligido con tu facultad Eviscerar." lvl="1"/>
        <rank description="Aumenta un 14% el daño infligido con tu facultad Eviscerar." lvl="2"/>
        <rank description="Aumenta un 20% el daño infligido con tu facultad Eviscerar." lvl="3"/>
      </talent>
      <talent column="1" icon="ability_fiegndead" key="272" name="Ataques sin remordimientos" tier="0">
        <rank description="Tras haber matado a un oponente que aporte experiencia u honor, proporciona un 20% más de probabilidad de obtener un golpe crítico en tu siguiente Golpe siniestro, Hemorragia, Puñalada, Mutilar, Emboscada o Golpe fantasmal. Dura 20 s." lvl="1"/>
        <rank description="Tras haber matado a un oponente que aporte experiencia u honor, proporciona un 40% más de probabilidad de obtener un golpe crítico en tu siguiente Golpe siniestro, Hemorragia, Puñalada, Mutilar, Emboscada o Golpe fantasmal. Dura 20 s." lvl="2"/>
      </talent>
      <talent column="2" icon="ability_racial_bloodrage" key="270" name="Malicia" tier="0">
        <rank description="Aumenta la probabilidad de conseguir un golpe crítico un 1%." lvl="1"/>
        <rank description="Aumenta la probabilidad de conseguir un golpe crítico un 2%." lvl="2"/>
        <rank description="Aumenta la probabilidad de conseguir un golpe crítico un 3%." lvl="3"/>
        <rank description="Aumenta la probabilidad de conseguir un golpe crítico un 4%." lvl="4"/>
        <rank description="Aumenta la probabilidad de conseguir un golpe crítico un 5%." lvl="5"/>
      </talent>
      <talent column="0" icon="ability_druid_disembowel" key="273" name="Crueldad" tier="1">
        <rank description="Da a tus remates cuerpo a cuerpo un 20% de probabilidad de añadir 1 p. de combo a tu objetivo." lvl="1"/>
        <rank description="Da a tus remates cuerpo a cuerpo un 40% de probabilidad de añadir 1 p. de combo a tu objetivo." lvl="2"/>
        <rank description="Da a tus remates cuerpo a cuerpo un 60% de probabilidad de añadir 1 p. de combo a tu objetivo." lvl="3"/>
      </talent>
      <talent column="1" icon="ability_rogue_bloodsplatter" key="2068" name="Salpicón de sangre" tier="1">
        <rank description="Aumenta el daño infligido por tus facultades Garrote y Ruptura un 15%." lvl="1"/>
        <rank description="Aumenta el daño infligido por tus facultades Garrote y Ruptura un 30%." lvl="2"/>
      </talent>
      <talent column="3" icon="ability_backstab" key="277" name="Heridas perforadoras" tier="1">
        <rank description="Aumenta un 10% la probabilidad de golpe crítico de tu facultad Puñalada y la probabilidad de golpe crítico de tu facultad Mutilar un 5%." lvl="1"/>
        <rank description="Aumenta un 20% la probabilidad de golpe crítico de tu facultad Puñalada y la probabilidad de golpe crítico de tu facultad Mutilar un 10%." lvl="2"/>
        <rank description="Aumenta un 30% la probabilidad de golpe crítico de tu facultad Puñalada y la probabilidad de golpe crítico de tu facultad Mutilar un 15%." lvl="3"/>
      </talent>
      <talent column="0" icon="spell_nature_earthbindtotem" key="382" name="Vigor" tier="2">
        <rank description="Aumenta tu energía máxima 10 p." lvl="1"/>
      </talent>
      <talent column="1" icon="ability_warrior_riposte" key="278" name="Exponer armadura mejorado" tier="2">
        <rank description="Reduce el coste de energía de tu facultad Exponer armadura 5 p." lvl="1"/>
        <rank description="Reduce el coste de energía de tu facultad Exponer armadura 10 p." lvl="2"/>
      </talent>
      <talent column="2" icon="ability_criticalstrike" key="269" name="Letalidad" requires="270" tier="2">
        <rank description="Aumenta el bonus de daño por golpe crítico de todas tus facultades que generen puntos de combo que no requieren sigilo un 6%." lvl="1"/>
        <rank description="Aumenta el bonus de daño por golpe crítico de todas tus facultades que generen puntos de combo que no requieren sigilo un 12%." lvl="2"/>
        <rank description="Aumenta el bonus de daño por golpe crítico de todas tus facultades que generen puntos de combo que no requieren sigilo un 18%." lvl="3"/>
        <rank description="Aumenta el bonus de daño por golpe crítico de todas tus facultades que generen puntos de combo que no requieren sigilo un 24%." lvl="4"/>
        <rank description="Aumenta el bonus de daño por golpe crítico de todas tus facultades que generen puntos de combo que no requieren sigilo un 30%." lvl="5"/>
      </talent>
      <talent column="1" icon="ability_rogue_feigndeath" key="682" name="Venenos inmundos" tier="3">
        <rank description="Aumenta el daño infligido con tus venenos y tu facultad Envenenar un 7% y proporciona a tus venenos de daño en el tiempo un 10% extra de probabilidad de resistir los efectos disipadores." lvl="1"/>
        <rank description="Aumenta el daño infligido con tus venenos y tu facultad Envenenar un 14% y proporciona a tus venenos de daño en el tiempo un 20% extra de probabilidad de resistir los efectos disipadores." lvl="2"/>
        <rank description="Aumenta el daño infligido con tus venenos y tu facultad Envenenar un 20% y proporciona a tus venenos de daño en el tiempo un 30% extra de probabilidad de resistir los efectos disipadores." lvl="3"/>
      </talent>
      <talent column="2" icon="ability_poisons" key="268" name="Venenos mejorados" tier="3">
        <rank description="Aumenta la posibilidad de aplicar Veneno mortal al objetivo un 4% y la frecuencia de aplicar Veneno instantáneo a tu objetivo un 10%." lvl="1"/>
        <rank description="Aumenta la posibilidad de aplicar Veneno mortal al objetivo un 8% y la frecuencia de aplicar Veneno instantáneo a tu objetivo un 20%." lvl="2"/>
        <rank description="Aumenta la posibilidad de aplicar Veneno mortal al objetivo un 12% y la frecuencia de aplicar Veneno instantáneo a tu objetivo un 30%." lvl="3"/>
        <rank description="Aumenta la posibilidad de aplicar Veneno mortal al objetivo un 16% y la frecuencia de aplicar Veneno instantáneo a tu objetivo un 40%." lvl="4"/>
        <rank description="Aumenta la posibilidad de aplicar Veneno mortal al objetivo un 20% y la frecuencia de aplicar Veneno instantáneo a tu objetivo un 50%." lvl="5"/>
      </talent>
      <talent column="0" icon="ability_rogue_fleetfooted" key="1721" name="Pies de galgo" tier="4">
        <rank description="Reduce la duración de todos los efectos de reducción de movimiento un 15% y aumenta tu velocidad de movimiento un 8%. No se acumula con otros efectos de aumento de la velocidad de movimiento." lvl="1"/>
        <rank description="Reduce la duración de todos los efectos de reducción de movimiento un 30% y aumenta tu velocidad de movimiento un 15%. No se acumula con otros efectos de aumento de la velocidad de movimiento." lvl="2"/>
      </talent>
      <talent column="1" icon="spell_ice_lament" key="280" name="Sangre fría" tier="4">
        <rank description="Cuando se activa, aumenta la probabilidad de golpe crítico de tu siguiente facultad ofensiva un 100%." lvl="1"/>
        <spell castTime="0" cooldown="180000"/>
      </talent>
      <talent column="2" icon="ability_rogue_kidneyshot" key="279" name="Golpe en los riñones mejorado" tier="4">
        <rank description="Mientras el objetivo sufre las consecuencias de tu facultad Golpe a los riñones, recibe un 3% de daño extra de todas las fuentes." lvl="1"/>
        <rank description="Mientras el objetivo sufre las consecuencias de tu facultad Golpe a los riñones, recibe un 6% de daño extra de todas las fuentes." lvl="2"/>
        <rank description="Mientras el objetivo sufre las consecuencias de tu facultad Golpe a los riñones, recibe un 9% de daño extra de todas las fuentes." lvl="3"/>
      </talent>
      <talent column="3" icon="ability_rogue_quickrecovery" key="1762" name="Recuperación presurosa" tier="4">
        <rank description="Todos los efectos de sanación sobre ti aumentan un 10%. Además, tus remates te devuelven un 40% de su coste de energía si no alcanzan al objetivo." lvl="1"/>
        <rank description="Todos los efectos de sanación sobre ti aumentan un 20%. Además, tus remates te devuelven un 80% de su coste de energía si no alcanzan al objetivo." lvl="2"/>
      </talent>
      <talent column="1" icon="spell_shadow_chilltouch" key="283" name="Sellar destino" requires="280" tier="5">
        <rank description="Tus golpes críticos de facultades que añaden p. de combo tienen un 20% de probabilidad de añadir un punto de combo extra." lvl="1"/>
        <rank description="Tus golpes críticos de facultades que añaden p. de combo tienen un 40% de probabilidad de añadir un punto de combo extra." lvl="2"/>
        <rank description="Tus golpes críticos de facultades que añaden p. de combo tienen un 60% de probabilidad de añadir un punto de combo extra." lvl="3"/>
        <rank description="Tus golpes críticos de facultades que añaden p. de combo tienen un 80% de probabilidad de añadir un punto de combo extra." lvl="4"/>
        <rank description="Tus golpes críticos de facultades que añaden p. de combo tienen un 100% de probabilidad de añadir un punto de combo extra." lvl="5"/>
      </talent>
      <talent column="2" icon="spell_shadow_deathscream" key="274" name="Asesinar" tier="5">
        <rank description="Aumenta todo el daño infligido un 2%." lvl="1"/>
        <rank description="Aumenta todo el daño infligido un 4%." lvl="2"/>
      </talent>
      <talent column="0" icon="ability_rogue_deadlybrew" key="2065" name="Brebaje letal" tier="6">
        <rank description="Cuando aplicas un veneno instantáneo, hiriente o de aturdimiento mental a un objetivo, tienes un 50% de probabilidad de aplicar Veneno entorpecedor." lvl="1"/>
        <rank description="Cuando aplicas un veneno instantáneo, hiriente o de aturdimiento mental a un objetivo, tienes un 100% de probabilidad de aplicar Veneno entorpecedor." lvl="2"/>
      </talent>
      <talent column="1" icon="ability_hunter_rapidkilling" key="281" name="Exterminar" tier="6">
        <rank description="Mientras estás en sigilo y durante 20 segundos después de que se desactive el modo sigilo, regeneras un 30% de energía extra." lvl="1"/>
      </talent>
      <talent column="2" icon="ability_rogue_deadenednerves" key="1723" name="Impasibilidad" tier="6">
        <rank description="Reduce todo el daño recibido un 2%." lvl="1"/>
        <rank description="Reduce todo el daño recibido un 4%." lvl="2"/>
        <rank description="Reduce todo el daño recibido un 6%." lvl="3"/>
      </talent>
      <talent column="0" icon="ability_rogue_focusedattacks" key="2069" name="Ataques centrados" tier="7">
        <rank description="Tus golpes críticos cuerpo a cuerpo tienen un 33% de probabilidad de darte 2 p. de energía." lvl="1"/>
        <rank description="Tus golpes críticos cuerpo a cuerpo tienen un 66% de probabilidad de darte 2 p. de energía." lvl="2"/>
        <rank description="Tus golpes críticos cuerpo a cuerpo tienen un 100% de probabilidad de darte 2 p. de energía." lvl="3"/>
      </talent>
      <talent column="2" icon="ability_rogue_findweakness" key="1718" name="Descubrir debilidad" tier="7">
        <rank description="Daño de facultad ofensiva aumentado un 2%." lvl="1"/>
        <rank description="Daño de facultad ofensiva aumentado un 4%." lvl="2"/>
        <rank description="Daño de facultad ofensiva aumentado un 6%." lvl="3"/>
      </talent>
      <talent column="0" icon="ability_creature_poison_06" key="1715" name="Maestro envenenador" tier="8">
        <rank description="Aumenta un 1% la probabilidad de golpe crítico de todos los ataques efectuados contra cualquier objetivo al que hayas envenenado, reduce un 17% la duración de todos los efectos de veneno aplicados sobre ti y otorga a Envenenar un 33% de probabilidad de no consumir Veneno mortal." lvl="1"/>
        <rank description="Aumenta un 2% la probabilidad de golpe crítico de todos los ataques efectuados contra cualquier objetivo al que hayas envenenado, reduce un 34% la duración de todos los efectos de veneno aplicados sobre ti y otorga a Envenenar un 66% de probabilidad de no consumir Veneno mortal." lvl="2"/>
        <rank description="Aumenta un 3% la probabilidad de golpe crítico de todos los ataques efectuados contra cualquier objetivo al que hayas envenenado, reduce un 50% la duración de todos los efectos de veneno aplicados sobre ti y otorga a Envenenar un 100% de probabilidad de no consumir Veneno mortal." lvl="3"/>
      </talent>
      <talent column="1" icon="ability_rogue_shadowstrikes" key="1719" name="Mutilar" requires="281" tier="8">
        <rank description="Ataque instantáneo con ambas armas que inflige 100% de daño con arma más 44 p. adicionales con cada arma. El daño aumenta un 20% frente a objetivos envenenados. Da 2 p. de combo." lvl="1"/>
        <spell castTime="0" maxRange="5">
          <power cost="60" type="energy"/>
        </spell>
      </talent>
      <talent column="2" icon="ability_rogue_turnthetables" key="2066" name="Ganar ventaja" tier="8">
        <rank description="Cuando algún miembro de tu grupo o banda bloquee, esquive o pare un ataque, tu probabilidad de dar un golpe crítico con todos los movimientos de combo aumenta un 2% durante 8 s." lvl="1"/>
        <rank description="Cuando algún miembro de tu grupo o banda bloquee, esquive o pare un ataque, tu probabilidad de dar un golpe crítico con todos los movimientos de combo aumenta un 4% durante 8 s." lvl="2"/>
        <rank description="Cuando algún miembro de tu grupo o banda bloquee, esquive o pare un ataque, tu probabilidad de dar un golpe crítico con todos los movimientos de combo aumenta un 6% durante 8 s." lvl="3"/>
      </talent>
      <talent column="1" icon="ability_rogue_cuttothechase" key="2070" name="Acortar" tier="9">
        <rank description="Tus facultades Eviscerar y Envenenar tienen un 20% de probabilidad de actualizar la duración de tu Hacer picadillo a su máximo de 5 p. de combo." lvl="1"/>
        <rank description="Tus facultades Eviscerar y Envenenar tienen un 40% de probabilidad de actualizar la duración de tu Hacer picadillo a su máximo de 5 p. de combo." lvl="2"/>
        <rank description="Tus facultades Eviscerar y Envenenar tienen un 60% de probabilidad de actualizar la duración de tu Hacer picadillo a su máximo de 5 p. de combo." lvl="3"/>
        <rank description="Tus facultades Eviscerar y Envenenar tienen un 80% de probabilidad de actualizar la duración de tu Hacer picadillo a su máximo de 5 p. de combo." lvl="4"/>
        <rank description="Tus facultades Eviscerar y Envenenar tienen un 100% de probabilidad de actualizar la duración de tu Hacer picadillo a su máximo de 5 p. de combo." lvl="5"/>
      </talent>
      <talent column="1" icon="ability_rogue_hungerforblood" key="2071" name="Hambre de sangre" tier="10">
        <rank description="Te pones iracundo, aumentando todo el daño infligido un 5%. Requiere un efecto de sangrado para activarse en el objetivo. Dura 1 min." lvl="1"/>
        <spell castTime="0" maxRange="30">
          <power cost="15" type="energy"/>
        </spell>
      </talent>
    </tree>
  </talentTrees>
</page>
