<?xml version="1.0" encoding="UTF-8"?><page globalSearch="1" lang="de_de" requestUrl="/talent-tree.xml">
  <talentTrees>
    <tree bgImage="PaladinCombat" icon="spell_holy_auraoflight" key="Retribution" name="Vergeltung" order="2">
      <talent column="1" icon="ability_parry" key="1403" name="Abwehr" tier="0">
        <rank description="Erhöht Eure Parierchance um 1%." lvl="1"/>
        <rank description="Erhöht Eure Parierchance um 2%." lvl="2"/>
        <rank description="Erhöht Eure Parierchance um 3%." lvl="3"/>
        <rank description="Erhöht Eure Parierchance um 4%." lvl="4"/>
        <rank description="Erhöht Eure Parierchance um 5%." lvl="5"/>
      </talent>
      <talent column="2" icon="spell_frost_windwalkon" key="1407" name="Segnung" tier="0">
        <rank description="Verringert die Manakosten aller Spontanzauber um 2%." lvl="1"/>
        <rank description="Verringert die Manakosten aller Spontanzauber um 4%." lvl="2"/>
        <rank description="Verringert die Manakosten aller Spontanzauber um 6%." lvl="3"/>
        <rank description="Verringert die Manakosten aller Spontanzauber um 8%." lvl="4"/>
        <rank description="Verringert die Manakosten aller Spontanzauber um 10%." lvl="5"/>
      </talent>
      <talent column="0" icon="spell_holy_righteousfury" key="1631" name="Verbesserte Richturteile" tier="1">
        <rank description="Verringert die Abklingzeit Eurer Richturteile um 1 Sek." lvl="1"/>
        <rank description="Verringert die Abklingzeit Eurer Richturteile um 2 Sek." lvl="2"/>
      </talent>
      <talent column="1" icon="spell_holy_holysmite" key="1464" name="Herz des Kreuzfahrers" tier="1">
        <rank description="Neben ihren normalen Effekten erhöhen Eure Richturteile die kritische Trefferchance aller Angriffe gegen das betroffene Ziel um zusätzliche 1%." lvl="1"/>
        <rank description="Neben ihren normalen Effekten erhöhen Eure Richturteile die kritische Trefferchance aller Angriffe gegen das betroffene Ziel um zusätzliche 2%." lvl="2"/>
        <rank description="Neben ihren normalen Effekten erhöhen Eure Richturteile die kritische Trefferchance aller Angriffe gegen das betroffene Ziel um zusätzliche 3%." lvl="3"/>
      </talent>
      <talent column="2" icon="spell_holy_fistofjustice" key="1401" name="Verbesserter Segen der Macht" tier="1">
        <rank description="Erhöht den Bonus auf die Angriffskraft Eures Zaubers 'Segen der Macht' um 12%." lvl="1"/>
        <rank description="Erhöht den Bonus auf die Angriffskraft Eures Zaubers 'Segen der Macht' um 25%." lvl="2"/>
      </talent>
      <talent column="0" icon="spell_holy_vindication" key="1633" name="Rechtschaffene Schwächung" tier="2">
        <rank description="Gewährt den Schaden verursachenden Angriffen des Paladins eine Chance, die Angriffskraft des Ziels 10 Sek. lang um 23 zu verringern." lvl="1"/>
        <rank description="Gewährt den Schaden verursachenden Angriffen des Paladins eine Chance, die Angriffskraft des Ziels 10 Sek. lang um 46 zu verringern." lvl="2"/>
      </talent>
      <talent column="1" icon="spell_holy_retributionaura" key="1411" name="Überzeugung" tier="2">
        <rank description="Erhöht Eure Chance, mit allen Angriffen und Zaubern einen kritischen Treffer zu erzielen, um 1%." lvl="1"/>
        <rank description="Erhöht Eure Chance, mit allen Angriffen und Zaubern einen kritischen Treffer zu erzielen, um 2%." lvl="2"/>
        <rank description="Erhöht Eure Chance, mit allen Angriffen und Zaubern einen kritischen Treffer zu erzielen, um 3%." lvl="3"/>
        <rank description="Erhöht Eure Chance, mit allen Angriffen und Zaubern einen kritischen Treffer zu erzielen, um 4%." lvl="4"/>
        <rank description="Erhöht Eure Chance, mit allen Angriffen und Zaubern einen kritischen Treffer zu erzielen, um 5%." lvl="5"/>
      </talent>
      <talent column="2" icon="ability_warrior_innerrage" key="1481" name="Siegel des Befehls" tier="2">
        <rank description="Alle Nahkampfangriffe verursachen 1 bis 2 zusätzlichen Heiligschaden. Wird dieser Zauber mit Angriffen oder Fähigkeiten genutzt, die ein einzelnes Ziel treffen, trifft der zusätzliche Heiligschaden bis zu 2 zusätzliche Ziele. Hält 30 Min. lang an.&lt;br/&gt;&lt;br/&gt;Die Entfesselung der Energie dieses Siegels richtet einen Feind und verursacht sofort 3 bis 3 Heiligschaden." lvl="1"/>
        <spell castTime="0">
          <power cost="14" type="mana"/>
        </spell>
      </talent>
      <talent column="3" icon="spell_holy_persuitofjustice" key="1634" name="Streben nach Gerechtigkeit" tier="2">
        <rank description="Verringert die Dauer aller Entwaffnungseffekte um 25% und erhöht Euer normales Bewegungstempo und Euer Bewegungstempo beim Reiten um 8%. Ergänzt sich nicht mit anderen Effekten, die das Bewegungstempo erhöhen." lvl="1"/>
        <rank description="Verringert die Dauer aller Entwaffnungseffekte um 50% und erhöht Euer normales Bewegungstempo und Euer Bewegungstempo beim Reiten um 15%. Ergänzt sich nicht mit anderen Effekten, die das Bewegungstempo erhöhen." lvl="2"/>
      </talent>
      <talent column="0" icon="spell_holy_eyeforaneye" key="1632" name="Auge um Auge" tier="3">
        <rank description="Ein Angreifer erleidet durch kritische Treffer gegen Euch 5% seines verursachten Schadens. Der von 'Auge um Auge' verursachte Schaden kann nie 50% der gesamten Gesundheit des Paladins überschreiten." lvl="1"/>
        <rank description="Ein Angreifer erleidet durch kritische Treffer gegen Euch 10% seines verursachten Schadens. Der von 'Auge um Auge' verursachte Schaden kann nie 50% der gesamten Gesundheit des Paladins überschreiten." lvl="2"/>
      </talent>
      <talent column="2" icon="spell_holy_holysmite" key="1761" name="Geheiligter Kampf" tier="3">
        <rank description="Erhöht Eure kritische Trefferchance mit allen Zaubern und Angriffen um 1% und erhöht den Schaden von 'Exorzismus' und 'Kreuzfahrerstoß' um 5%." lvl="1"/>
        <rank description="Erhöht Eure kritische Trefferchance mit allen Zaubern und Angriffen um 2% und erhöht den Schaden von 'Exorzismus' und 'Kreuzfahrerstoß' um 10%." lvl="2"/>
        <rank description="Erhöht Eure kritische Trefferchance mit allen Zaubern und Angriffen um 3% und erhöht den Schaden von 'Exorzismus' und 'Kreuzfahrerstoß' um 15%." lvl="3"/>
      </talent>
      <talent column="3" icon="spell_holy_crusade" key="1755" name="Kreuzzug" tier="3">
        <rank description="Erhöht jeglichen verursachten Schaden um 1% und den Schaden an Humanoiden, Dämonen, Untoten und Elementaren zusätzlich um 1%." lvl="1"/>
        <rank description="Erhöht jeglichen verursachten Schaden um 2% und den Schaden an Humanoiden, Dämonen, Untoten und Elementaren zusätzlich um 2%." lvl="2"/>
        <rank description="Erhöht jeglichen verursachten Schaden um 3% und den Schaden an Humanoiden, Dämonen, Untoten und Elementaren zusätzlich um 3%." lvl="3"/>
      </talent>
      <talent column="0" icon="inv_hammer_04" key="1410" name="Zweihandwaffen-Spezialisierung" tier="4">
        <rank description="Erhöht den Schaden, den Ihr mit Zweihand-Nahkampfwaffen zufügt, um 2%." lvl="1"/>
        <rank description="Erhöht den Schaden, den Ihr mit Zweihand-Nahkampfwaffen zufügt, um 4%." lvl="2"/>
        <rank description="Erhöht den Schaden, den Ihr mit Zweihand-Nahkampfwaffen zufügt, um 6%." lvl="3"/>
      </talent>
      <talent column="2" icon="spell_holy_mindvision" key="1756" name="Geweihte Vergeltung" tier="4">
        <rank description="Erhöht den verursachten Schaden Eurer Fähigkeit 'Aura der Vergeltung' um 50% und den verursachten Schaden von befreundeten Zielen, die unter dem Einfluss einer Eurer Auren stehen, um 3%." lvl="1"/>
      </talent>
      <talent column="1" icon="ability_racial_avatar" key="1402" name="Rache" requires="1411" tier="5">
        <rank description="Gewährt Euch, nachdem Ihr einen kritischen Treffer mit einem Waffenangriff, Zauber oder einer Fähigkeit zugefügt habt, 30 Sek. lang einen Bonus von 1% auf von Euch zugefügte körperliche Schäden und Heiligschäden. Dieser Effekt ist bis zu 3-mal stapelbar." lvl="1"/>
        <rank description="Gewährt Euch, nachdem Ihr einen kritischen Treffer mit einem Waffenangriff, Zauber oder einer Fähigkeit zugefügt habt, 30 Sek. lang einen Bonus von 2% auf von Euch zugefügte körperliche Schäden und Heiligschäden. Dieser Effekt ist bis zu 3-mal stapelbar." lvl="2"/>
        <rank description="Gewährt Euch, nachdem Ihr einen kritischen Treffer mit einem Waffenangriff, Zauber oder einer Fähigkeit zugefügt habt, 30 Sek. lang einen Bonus von 3% auf von Euch zugefügte körperliche Schäden und Heiligschäden. Dieser Effekt ist bis zu 3-mal stapelbar." lvl="3"/>
      </talent>
      <talent column="2" icon="spell_holy_divinepurpose" key="1757" name="Göttliche Bestimmung" tier="5">
        <rank description="Verringert Eure Chance, von Zaubern und Distanzangriffen getroffen zu werden, um 2% und verleiht Eurem Zauber 'Hand der Freiheit' eine Chance von 50%, einen Betäubungseffekt vom Ziel zu entfernen." lvl="1"/>
        <rank description="Verringert Eure Chance, von Zaubern und Distanzangriffen getroffen zu werden, um 4% und verleiht Eurem Zauber 'Hand der Freiheit' eine Chance von 100%, einen Betäubungseffekt vom Ziel zu entfernen." lvl="2"/>
      </talent>
      <talent column="0" icon="ability_paladin_artofwar" key="2176" name="Die Kunst des Krieges" tier="6">
        <rank description="Erhöht sowohl den Schaden Eurer Richturteilszauber, als auch den Eurer Zauber 'Kreuzfahrerstoß' und 'Göttlicher Sturm' um 5%. Zudem wird, wenn Eure Nahkampfangriffe kritisch treffen, die Zauberzeit Eures nächsten Wirkens von 'Lichtblitz' oder 'Exorzismus' um 0.75 Sek. verringert." lvl="1"/>
        <rank description="Erhöht sowohl den Schaden Eurer Richturteilszauber, als auch den Eurer Zauber 'Kreuzfahrerstoß' und 'Göttlicher Sturm' um 10%. Zudem wird, wenn Eure Nahkampfangriffe kritisch treffen, Euer nächstes Wirken von 'Lichtblitz' oder 'Exorzismus' zu einem Spontanzauber." lvl="2"/>
      </talent>
      <talent column="1" icon="spell_holy_prayerofhealing" key="1441" name="Buße" tier="6">
        <rank description="Versetzt das feindliche Ziel in einen meditativen Zustand, macht es so bis zu 1 Min. lang handlungsunfähig und entfernt den Effekt von 'Rechtschaffene Vergeltung'. Jeglicher erlittene Schaden wird das Ziel wecken. Wirkt auf Dämonen, Drachkin, Riesen, Humanoide und Untote." lvl="1"/>
        <spell castTime="0" cooldown="60000" maxRange="20">
          <power cost="9" type="mana"/>
        </spell>
      </talent>
      <talent column="2" icon="ability_paladin_judgementofthewise" key="1758" name="Richturteil des Weisen" tier="6">
        <rank description="Eure Schaden verursachenden Richturteilszauber haben eine Chance von 33%, bis zu 10 Gruppen- oder Schlachtzugsmitgliedern 15 Sek. lang den Effekt 'Erfrischung' zu gewähren, der alle 5 Sek. 1% ihres maximalen Manas wiederherstellt und Euch sofort 25% Eures Grundmanas gewährt." lvl="1"/>
        <rank description="Eure Schaden verursachenden Richturteilszauber haben eine Chance von 66%, bis zu 10 Gruppen- oder Schlachtzugsmitgliedern 15 Sek. lang den Effekt 'Erfrischung' zu gewähren, der alle 5 Sek. 1% ihres maximalen Manas wiederherstellt und Euch sofort 25% Eures Grundmanas gewährt." lvl="2"/>
        <rank description="Eure Schaden verursachenden Richturteilszauber haben eine Chance von 100%, bis zu 10 Gruppen- oder Schlachtzugsmitgliedern 15 Sek. lang den Effekt 'Erfrischung' zu gewähren, der alle 5 Sek. 1% ihres maximalen Manas wiederherstellt und Euch sofort 25% Eures Grundmanas gewährt." lvl="3"/>
      </talent>
      <talent column="1" icon="spell_holy_fanaticism" key="1759" name="Fanatismus" requires="1441" tier="7">
        <rank description="Erhöht die kritische Trefferchance aller Richturteile, bei denen kritische Treffer möglich sind, um 6% und verringert die durch alle Aktionen verursachte Bedrohung um 10%, außer wenn 'Zorn der Gerechtigkeit' aktiv ist." lvl="1"/>
        <rank description="Erhöht die kritische Trefferchance aller Richturteile, bei denen kritische Treffer möglich sind, um 12% und verringert die durch alle Aktionen verursachte Bedrohung um 20%, außer wenn 'Zorn der Gerechtigkeit' aktiv ist." lvl="2"/>
        <rank description="Erhöht die kritische Trefferchance aller Richturteile, bei denen kritische Treffer möglich sind, um 18% und verringert die durch alle Aktionen verursachte Bedrohung um 30%, außer wenn 'Zorn der Gerechtigkeit' aktiv ist." lvl="3"/>
      </talent>
      <talent column="2" icon="ability_paladin_sanctifiedwrath" key="2147" name="Geweihte Wut" tier="7">
        <rank description="Erhöht die kritische Trefferchance von 'Hammer des Zorns' um 25% und verringert die Abklingzeit von 'Zornige Vergeltung' um 30 Sek. Zudem ignorieren 25% des Schadens, der unter dem Einfluss von 'Zornige Vergeltung' verursacht wird, schadensverringernde Effekte." lvl="1"/>
        <rank description="Erhöht die kritische Trefferchance von 'Hammer des Zorns' um 50% und verringert die Abklingzeit von 'Zornige Vergeltung' um 60 Sek. Zudem ignorieren 50% des Schadens, der unter dem Einfluss von 'Zornige Vergeltung' verursacht wird, schadensverringernde Effekte." lvl="2"/>
      </talent>
      <talent column="0" icon="ability_paladin_swiftretribution" key="2148" name="Schnelle Vergeltung" tier="8">
        <rank description="Eure Auren erhöhen zusätzlich das Zauber-, Distanzangriffs- und Nahkampfangriffstempo um 1%." lvl="1"/>
        <rank description="Eure Auren erhöhen zusätzlich das Zauber-, Distanzangriffs- und Nahkampfangriffstempo um 2%." lvl="2"/>
        <rank description="Eure Auren erhöhen zusätzlich das Zauber-, Distanzangriffs- und Nahkampfangriffstempo um 3%." lvl="3"/>
      </talent>
      <talent column="1" icon="spell_holy_crusaderstrike" key="1823" name="Kreuzfahrerstoß" tier="8">
        <rank description="Ein sofortiger Stoß, der 75% Waffenschaden verursacht." lvl="1"/>
        <spell castTime="0" cooldown="4000" maxRange="5">
          <power cost="5" type="mana"/>
        </spell>
      </talent>
      <talent column="2" icon="ability_paladin_sheathoflight" key="2179" name="Ummantelung des Lichts" tier="8">
        <rank description="Erhöht Eure Zaubermacht um einen Wert, der 10% Eurer Angriffskraft entspricht, und Eure kritischen Heilungen heilen das Ziel im Verlauf von 12 Sek. um 20% des geheilten Wertes." lvl="1"/>
        <rank description="Erhöht Eure Zaubermacht um einen Wert, der 20% Eurer Angriffskraft entspricht, und Eure kritischen Heilungen heilen das Ziel im Verlauf von 12 Sek. um 40% des geheilten Wertes." lvl="2"/>
        <rank description="Erhöht Eure Zaubermacht um einen Wert, der 30% Eurer Angriffskraft entspricht, und Eure kritischen Heilungen heilen das Ziel im Verlauf von 12 Sek. um 60% des geheilten Wertes." lvl="3"/>
      </talent>
      <talent column="1" icon="ability_paladin_righteousvengeance" key="2149" name="Rechtschaffene Vergeltung" tier="9">
        <rank description="Erzielen Eure Richturteilszauber, 'Kreuzfahrerstoß' oder 'Göttlicher Sturm' einen kritischen Treffer, erleidet Euer Ziel 8 Sek. lang 10% zusätzlichen Schaden." lvl="1"/>
        <rank description="Erzielen Eure Richturteilszauber, 'Kreuzfahrerstoß' oder 'Göttlicher Sturm' einen kritischen Treffer, erleidet Euer Ziel 8 Sek. lang 20% zusätzlichen Schaden." lvl="2"/>
        <rank description="Erzielen Eure Richturteilszauber, 'Kreuzfahrerstoß' oder 'Göttlicher Sturm' einen kritischen Treffer, erleidet Euer Ziel 8 Sek. lang 30% zusätzlichen Schaden." lvl="3"/>
      </talent>
      <talent column="1" icon="ability_paladin_divinestorm" key="2150" name="Göttlicher Sturm" tier="10">
        <rank description="Ein sofortiger Waffenangriff, der bei bis zu 4 Feinden innerhalb von 8 Metern 110% Waffenschaden verursacht. 'Göttlicher Sturm' heilt bis zu 3 Gruppen- oder Schlachtzugsmitglieder in Höhe von 25% des verursachten Schadens." lvl="1"/>
        <spell castTime="0" cooldown="10000">
          <power cost="12" type="mana"/>
        </spell>
      </talent>
    </tree>
    <tree bgImage="PaladinProtection" icon="spell_holy_devotionaura" key="Protection" name="Schutz" order="1">
      <talent column="1" icon="spell_holy_blindingheal" key="1442" name="Göttlichkeit" tier="0">
        <rank description="Erhöht jegliche von Euch verursachte und Eure erhaltene Heilung um 1%." lvl="1"/>
        <rank description="Erhöht jegliche von Euch verursachte und Eure erhaltene Heilung um 2%." lvl="2"/>
        <rank description="Erhöht jegliche von Euch verursachte und Eure erhaltene Heilung um 3%." lvl="3"/>
        <rank description="Erhöht jegliche von Euch verursachte und Eure erhaltene Heilung um 4%." lvl="4"/>
        <rank description="Erhöht jegliche von Euch verursachte und Eure erhaltene Heilung um 5%." lvl="5"/>
      </talent>
      <talent column="2" icon="ability_golemthunderclap" key="2185" name="Göttliche Stärke" tier="0">
        <rank description="Erhöht Eure gesamte Stärke um 3%." lvl="1"/>
        <rank description="Erhöht Eure gesamte Stärke um 6%." lvl="2"/>
        <rank description="Erhöht Eure gesamte Stärke um 9%." lvl="3"/>
        <rank description="Erhöht Eure gesamte Stärke um 12%." lvl="4"/>
        <rank description="Erhöht Eure gesamte Stärke um 15%." lvl="5"/>
      </talent>
      <talent column="0" icon="spell_holy_stoicism" key="1748" name="Gleichmut" tier="1">
        <rank description="Verringert die Wirkungsdauer aller auf Euch wirkenden Betäubungseffekte um zusätzlich 10% und verringert die Chance, dass sowohl Eure hilfreichen Zauber als auch Effekte, die Schaden im Laufe der Zeit verursachen, gebannt werden, um 10%." lvl="1"/>
        <rank description="Verringert die Wirkungsdauer aller auf Euch wirkenden Betäubungseffekte um zusätzlich 20% und verringert die Chance, dass sowohl Eure hilfreichen Zauber als auch Effekte, die Schaden im Laufe der Zeit verursachen, gebannt werden, um 20%." lvl="2"/>
        <rank description="Verringert die Wirkungsdauer aller auf Euch wirkenden Betäubungseffekte um zusätzlich 30% und verringert die Chance, dass sowohl Eure hilfreichen Zauber als auch Effekte, die Schaden im Laufe der Zeit verursachen, gebannt werden, um 30%." lvl="3"/>
      </talent>
      <talent column="1" icon="spell_holy_sealofprotection" key="1425" name="Gunst des Hüters" tier="1">
        <rank description="Verringert die Abklingzeit Eures Zaubers 'Hand des Schutzes' um 60 Sek. und erhöht die Dauer Eures Zaubers 'Hand der Freiheit' um 2 Sek." lvl="1"/>
        <rank description="Verringert die Abklingzeit Eures Zaubers 'Hand des Schutzes' um 2 Min. und erhöht die Dauer Eures Zaubers 'Hand der Freiheit' um 4 Sek." lvl="2"/>
      </talent>
      <talent column="2" icon="spell_magic_lesserinvisibilty" key="1629" name="Vorahnung" tier="1">
        <rank description="Erhöht Eure Ausweichchance um 1%." lvl="1"/>
        <rank description="Erhöht Eure Ausweichchance um 2%." lvl="2"/>
        <rank description="Erhöht Eure Ausweichchance um 3%." lvl="3"/>
        <rank description="Erhöht Eure Ausweichchance um 4%." lvl="4"/>
        <rank description="Erhöht Eure Ausweichchance um 5%." lvl="5"/>
      </talent>
      <talent column="0" icon="spell_holy_powerwordbarrier" key="2280" name="Heilige Opferung" tier="2">
        <rank description="30% jeglichen von Gruppenmitgliedern im Umkreis von 30 Metern erlittenen Schadens wird auf den Paladin umgelenkt (bis zu einem Maximum von 40% der Gesundheit des Paladins multipliziert mit der Anzahl der Gruppenmitglieder). Schaden, der die Gesundheit des Paladins auf unter 20% senkt, wird den Effekt abbrechen. Hält 10 Sek. lang an." lvl="1"/>
        <spell castTime="0" cooldown="120000"/>
      </talent>
      <talent column="1" icon="spell_holy_sealoffury" key="1501" name="Verbesserter Zorn der Gerechtigkeit" tier="2">
        <rank description="Ist 'Zorn der Gerechtigkeit' aktiv, wird jeglicher erlittene Schaden um 2% verringert." lvl="1"/>
        <rank description="Ist 'Zorn der Gerechtigkeit' aktiv, wird jeglicher erlittene Schaden um 4% verringert." lvl="2"/>
        <rank description="Ist 'Zorn der Gerechtigkeit' aktiv, wird jeglicher erlittene Schaden um 6% verringert." lvl="3"/>
      </talent>
      <talent column="2" icon="spell_holy_devotion" key="1423" name="Zähigkeit" tier="2">
        <rank description="Erhöht Euren durch Gegenstände erzielten Rüstungswert um 2% und verringert die Dauer aller bewegungsverlangsamenden Effekte um 6%." lvl="1"/>
        <rank description="Erhöht Euren durch Gegenstände erzielten Rüstungswert um 4% und verringert die Dauer aller bewegungsverlangsamenden Effekte um 12%." lvl="2"/>
        <rank description="Erhöht Euren durch Gegenstände erzielten Rüstungswert um 6% und verringert die Dauer aller bewegungsverlangsamenden Effekte um 18%." lvl="3"/>
        <rank description="Erhöht Euren durch Gegenstände erzielten Rüstungswert um 8% und verringert die Dauer aller bewegungsverlangsamenden Effekte um 24%." lvl="4"/>
        <rank description="Erhöht Euren durch Gegenstände erzielten Rüstungswert um 10% und verringert die Dauer aller bewegungsverlangsamenden Effekte um 30%." lvl="5"/>
      </talent>
      <talent column="0" icon="spell_holy_powerwordbarrier" key="2281" name="Heiliger Wächter" requires="2280" tier="3">
        <rank description="Ist Euer Zauber 'Heilige Opferung' aktiviert, wird der erlittene Schaden von Gruppen- und Schlachtzugsmitgliedern innerhalb von 30 Metern 6 Sek. lang um 10% verringert. Zudem wird die Dauer Eures Zaubers 'Geheiligter Schild' um 50% und der absorbierte Betrag um 10% erhöht." lvl="1"/>
        <rank description="Ist Euer Zauber 'Heilige Opferung' aktiviert, wird der erlittene Schaden von Gruppen- und Schlachtzugsmitgliedern innerhalb von 30 Metern 6 Sek. lang um 20% verringert. Zudem wird die Dauer Eures Zaubers 'Geheiligter Schild' um 100% und der absorbierte Betrag um 20% erhöht." lvl="2"/>
      </talent>
      <talent column="1" icon="spell_holy_sealofmight" key="1521" name="Verbesserter Hammer der Gerechtigkeit" tier="3">
        <rank description="Verringert die Abklingzeit von 'Hammer der Gerechtigkeit' um 10 Sek." lvl="1"/>
        <rank description="Verringert die Abklingzeit von 'Hammer der Gerechtigkeit' um 20 Sek." lvl="2"/>
      </talent>
      <talent column="2" icon="spell_holy_devotionaura" key="1422" name="Verbesserte Aura der Hingabe" tier="3">
        <rank description="Erhöht den Rüstungsbonus Eurer Fähigkeit 'Aura der Hingabe' um 17% und erhöht die erhaltene Heilung von Zielen, die unter dem Einfluss einer Eurer Auren stehen, um 2%." lvl="1"/>
        <rank description="Erhöht den Rüstungsbonus Eurer Fähigkeit 'Aura der Hingabe' um 34% und erhöht die erhaltene Heilung von Zielen, die unter dem Einfluss einer Eurer Auren stehen, um 4%." lvl="2"/>
        <rank description="Erhöht den Rüstungsbonus Eurer Fähigkeit 'Aura der Hingabe' um 50% und erhöht die erhaltene Heilung von Zielen, die unter dem Einfluss einer Eurer Auren stehen, um 6%." lvl="3"/>
      </talent>
      <talent column="1" icon="spell_nature_lightningshield" key="1431" name="Segen des Refugiums" tier="4">
        <rank description="Belegt ein befreundetes Ziel mit einem Segen, der jeglichen erlittenen Schaden des Ziels 10 Min. lang um bis zu 3% verringert sowie die Ausdauer und Stärke um 10% erhöht. Zusätzlich gewinnt das Ziel durch Nahkampfangriffe, die es blockt, pariert, oder denen es ausweicht, 2% des angezeigten maximalen Manas. Spieler können pro Paladin immer nur mit einem einzigen Segen belegt sein." lvl="1"/>
        <spell castTime="0" maxRange="30">
          <power cost="7" type="mana"/>
        </spell>
      </talent>
      <talent column="2" icon="spell_holy_blessingofstrength" key="1426" name="Abrechnung" tier="4">
        <rank description="Gewährt Euch eine Chance von 2%, innerhalb von 8 Sek. nach Erleiden eines Schaden zufügenden Treffers durch die nächsten 4 Waffenschwünge einen zusätzlichen Angriff zu erhalten." lvl="1"/>
        <rank description="Gewährt Euch eine Chance von 4%, innerhalb von 8 Sek. nach Erleiden eines Schaden zufügenden Treffers durch die nächsten 4 Waffenschwünge einen zusätzlichen Angriff zu erhalten." lvl="2"/>
        <rank description="Gewährt Euch eine Chance von 6%, innerhalb von 8 Sek. nach Erleiden eines Schaden zufügenden Treffers durch die nächsten 4 Waffenschwünge einen zusätzlichen Angriff zu erhalten." lvl="3"/>
        <rank description="Gewährt Euch eine Chance von 8%, innerhalb von 8 Sek. nach Erleiden eines Schaden zufügenden Treffers durch die nächsten 4 Waffenschwünge einen zusätzlichen Angriff zu erhalten." lvl="4"/>
        <rank description="Gewährt Euch eine Chance von 10%, dass die nächsten 4 Waffenschwünge innerhalb von 8 Sek. nach erlittenem Schaden oder einem geblockten Angriff jeweils einen zusätzlichen Angriff erzeugen." lvl="5"/>
      </talent>
      <talent column="0" icon="spell_holy_divineintervention" key="1750" name="Heilige Pflicht" tier="5">
        <rank description="Erhöht Eure gesamte Ausdauer um 2% und verringert die Abklingzeit Eurer Zauber 'Gottesschild' und 'Göttlicher Schutz' um 30 Sek." lvl="1"/>
        <rank description="Erhöht Eure gesamte Ausdauer um 4% und verringert die Abklingzeit Eurer Zauber 'Gottesschild' und 'Göttlicher Schutz' um 60 Sek." lvl="2"/>
      </talent>
      <talent column="2" icon="inv_sword_20" key="1429" name="Einhandwaffen-Spezialisierung" tier="5">
        <rank description="Erhöht jeglichen zugefügten Schaden, wenn Ihr eine Einhandnahkampfwaffe angelegt habt, um 4%." lvl="1"/>
        <rank description="Erhöht jeglichen zugefügten Schaden, wenn Ihr eine Einhandnahkampfwaffe angelegt habt, um 7%." lvl="2"/>
        <rank description="Erhöht jeglichen zugefügten Schaden, wenn Ihr eine Einhandnahkampfwaffe angelegt habt, um 10%." lvl="3"/>
      </talent>
      <talent column="0" icon="spell_holy_revivechampion" key="2282" name="Einklang des Geistes" tier="6">
        <rank description="Eine passive Fähigkeit, die dem Paladin Mana gewährt, wenn er von anderen befreundeten Zielen geheilt wird. Das erhaltene Mana entspricht 5% des geheilten Betrages." lvl="1"/>
        <rank description="Eine passive Fähigkeit, die dem Paladin Mana gewährt, wenn er von anderen befreundeten Zielen geheilt wird. Das erhaltene Mana entspricht 10% des geheilten Betrages." lvl="2"/>
      </talent>
      <talent column="1" icon="spell_holy_blessingofprotection" key="1430" name="Heiliger Schild" requires="1431" tier="6">
        <rank description="Erhöht die Blockchance 10 Sek. lang um 30% und verursacht, solang aktiv, mit jedem geblockten Angriff 79 Heiligschaden. Jedes Blocken verbraucht eine der 8 Aufladungen." lvl="1"/>
        <spell castTime="0" cooldown="8000">
          <power cost="10" type="mana"/>
        </spell>
      </talent>
      <talent column="2" icon="spell_holy_ardentdefender" key="1751" name="Unermüdlicher Verteidiger" tier="6">
        <rank description="Erlittener Schaden, der Eure Gesundheit unter 35% senkt, wird um 7% verringert. Zusätzlich werdet Ihr durch Angriffe, die Euch normalerweise töten würden, um bis zu 10% Eurer maximalen Gesundheit geheilt (der geheilte Wert basiert auf Verteidigung). Dieser Effekt kann nur ein Mal alle 2 Min. auftreten." lvl="1"/>
        <rank description="Erlittener Schaden, der Eure Gesundheit unter 35% senkt, wird um 13% verringert. Zusätzlich werdet Ihr durch Angriffe, die Euch normalerweise töten würden, um bis zu 20% Eurer maximalen Gesundheit geheilt (der geheilte Wert basiert auf Verteidigung). Dieser Effekt kann nur ein Mal alle 2 Min. auftreten." lvl="2"/>
        <rank description="Erlittener Schaden, der Eure Gesundheit unter 35% senkt, wird um 20% verringert. Zusätzlich werdet Ihr durch Angriffe, die Euch normalerweise töten würden, um bis zu 30% Eurer maximalen Gesundheit geheilt (der geheilte Wert basiert auf Verteidigung). Dieser Effekt kann nur ein Mal alle 2 Min. auftreten." lvl="3"/>
      </talent>
      <talent column="0" icon="ability_defend" key="1421" name="Verschanzen" tier="7">
        <rank description="Erhöht Euren Blockwert um 10%. Nahkampf- und Distanzangriffe, durch die Ihr Schaden erleidet, haben eine Chance von 10%, Eure Blockchance um 10% zu erhöhen. Hält 10 Sek. lang oder bis 5-mal geblockt wurde." lvl="1"/>
        <rank description="Erhöht Euren Blockwert um 20%. Nahkampf- und Distanzangriffe, durch die Ihr Schaden erleidet, haben eine Chance von 10%, Eure Blockchance um 20% zu erhöhen. Hält 10 Sek. lang oder bis 5-mal geblockt wurde." lvl="2"/>
        <rank description="Erhöht Euren Blockwert um 30%. Nahkampf- und Distanzangriffe, durch die Ihr Schaden erleidet, haben eine Chance von 10%, Eure Blockchance um 30% zu erhöhen. Hält 10 Sek. lang oder bis 5-mal geblockt wurde." lvl="3"/>
      </talent>
      <talent column="2" icon="spell_holy_weaponmastery" key="1753" name="Kampfexperte" tier="7">
        <rank description="Erhöht Eure Waffenkunde um 2, Eure gesamte Ausdauer und kritische Trefferchance um 2%." lvl="1"/>
        <rank description="Erhöht Eure Waffenkunde um 4, Eure gesamte Ausdauer und kritische Trefferchance um 4%." lvl="2"/>
        <rank description="Erhöht Eure Waffenkunde um 6, Eure gesamte Ausdauer und kritische Trefferchance um 6%." lvl="3"/>
      </talent>
      <talent column="0" icon="ability_paladin_touchedbylight" key="2195" name="Vom Licht berührt" tier="8">
        <rank description="Erhöht Eure Zaubermacht um einen Wert, der 20% Eurer Stärke entspricht und erhöht die von Euren kritischen Heilzaubern gewirkte Heilung um 10%." lvl="1"/>
        <rank description="Erhöht Eure Zaubermacht um einen Wert, der 40% Eurer Stärke entspricht und erhöht die von Euren kritischen Heilzaubern gewirkte Heilung um 20%." lvl="2"/>
        <rank description="Erhöht Eure Zaubermacht um einen Wert, der 60% Eurer Stärke entspricht und erhöht die von Euren kritischen Heilzaubern gewirkte Heilung um 30%." lvl="3"/>
      </talent>
      <talent column="1" icon="spell_holy_avengersshield" key="1754" name="Schild des Rächers" requires="1430" tier="8">
        <rank description="Schleudert einen heiligen Schild auf den Gegner, der 442 bis 538 Heiligschaden verursacht, ihn benommen macht, und dann auf weitere nahe Gegner überspringt. Wirkt auf insgesamt 3 Ziele. Hält 10 Sek. lang an." lvl="1"/>
        <spell castTime="0" cooldown="30000" maxRange="30">
          <power cost="26" type="mana"/>
        </spell>
      </talent>
      <talent column="2" icon="ability_paladin_gaurdedbythelight" key="2194" name="Vom Licht behütet" tier="8">
        <rank description="Verringert den erlittenen Zauberschaden um 3% und gewährt eine Chance von 50%, dass die Dauer von 'Göttliche Bitte' aufgefrischt wird, wenn Ihr einen Feind schlagt. Zusätzlich wird die Chance, dass 'Göttliche Bitte' gebannt wird, um 50% verringert." lvl="1"/>
        <rank description="Verringert den erlittenen Zauberschaden um 6% und gewährt eine Chance von 100%, dass die Dauer von 'Göttliche Bitte' aufgefrischt wird, wenn Ihr einen Feind schlagt. Zusätzlich wird die Chance, dass 'Göttliche Bitte' gebannt wird, um 100% verringert." lvl="2"/>
      </talent>
      <talent column="1" icon="ability_paladin_shieldofthetemplar" key="2204" name="Schild des Templers" requires="1754" tier="9">
        <rank description="Verringert jeglichen erlittenen Schaden um 1% und gewährt Eurem Zauber 'Schild des Rächers' eine Chance von 33%, Eure Ziele 3 Sek. lang zum Schweigen zu bringen." lvl="1"/>
        <rank description="Verringert jeglichen erlittenen Schaden um 2% und gewährt Eurem Zauber 'Schild des Rächers' eine Chance von 66%, Eure Ziele 3 Sek. lang zum Schweigen zu bringen." lvl="2"/>
        <rank description="Verringert jeglichen erlittenen Schaden um 3% und gewährt Eurem Zauber 'Schild des Rächers' eine Chance von 100%, Eure Ziele 3 Sek. lang zum Schweigen zu bringen." lvl="3"/>
      </talent>
      <talent column="2" icon="ability_paladin_judgementsofthejust" key="2200" name="Richturteil des Gerechten" tier="9">
        <rank description="Verringert die Abklingzeit von 'Hammer der Gerechtigkeit' um 5 Sek. und erhöht die Dauer des Effektes von 'Siegel der Gerechtigkeit' um 0.5 Sek., zudem verringern Eure Richturteile das Nahkampfangriffstempo des Ziels um 10%." lvl="1"/>
        <rank description="Verringert die Abklingzeit von 'Hammer der Gerechtigkeit' um 10 Sek. und erhöht die Dauer des Effektes von 'Siegel der Gerechtigkeit' um 1 Sek., zudem verringern Eure Richturteile das Nahkampfangriffstempo des Ziels um 20%." lvl="2"/>
      </talent>
      <talent column="1" icon="ability_paladin_hammeroftherighteous" key="2196" name="Hammer der Rechtschaffenen" tier="10">
        <rank description="Trifft das aktuelle Ziel sowie bis zu 2 zusätzliche nahe Ziele und verursacht den 4-fachen Schaden pro Sekunde Eurer Waffenhandwaffe als Heiligschaden." lvl="1"/>
        <spell castTime="0" cooldown="6000" maxRange="5">
          <power cost="6" type="mana"/>
        </spell>
      </talent>
    </tree>
    <tree bgImage="PaladinHoly" icon="spell_holy_holybolt" key="Holy" name="Heilig" order="0">
      <talent column="1" icon="spell_arcane_blink" key="1432" name="Spiritueller Fokus" tier="0">
        <rank description="Verringert die Dauer der durch erlittenen Schaden verursachten Zauberzeiterhöhung beim Wirken von 'Lichtblitz' und 'Heiliges Licht' um 14%." lvl="1"/>
        <rank description="Verringert die Dauer der durch erlittenen Schaden verursachten Zauberzeiterhöhung beim Wirken von 'Lichtblitz' und 'Heiliges Licht' um 28%." lvl="2"/>
        <rank description="Verringert die Dauer der durch erlittenen Schaden verursachten Zauberzeiterhöhung beim Wirken von 'Lichtblitz' und 'Heiliges Licht' um 42%." lvl="3"/>
        <rank description="Verringert die Dauer der durch erlittenen Schaden verursachten Zauberzeiterhöhung beim Wirken von 'Lichtblitz' und 'Heiliges Licht' um 56%." lvl="4"/>
        <rank description="Verringert die Dauer der durch erlittenen Schaden verursachten Zauberzeiterhöhung beim Wirken von 'Lichtblitz' und 'Heiliges Licht' um 70%." lvl="5"/>
      </talent>
      <talent column="2" icon="ability_thunderbolt" key="1463" name="Siegel der Reinen" tier="0">
        <rank description="Erhöht den von Euren Zaubern 'Siegel der Rechtschaffenheit', 'Siegel der Vergeltung' und 'Siegel der Verderbnis' verursachten Schaden sowie die Effekte ihrer Richturteile um 3%." lvl="1"/>
        <rank description="Erhöht den von Euren Zaubern 'Siegel der Rechtschaffenheit', 'Siegel der Vergeltung' und 'Siegel der Verderbnis' verursachten Schaden sowie die Effekte ihrer Richturteile um 6%." lvl="2"/>
        <rank description="Erhöht den von Euren Zaubern 'Siegel der Rechtschaffenheit', 'Siegel der Vergeltung' und 'Siegel der Verderbnis' verursachten Schaden sowie die Effekte ihrer Richturteile um 9%." lvl="3"/>
        <rank description="Erhöht den von Euren Zaubern 'Siegel der Rechtschaffenheit', 'Siegel der Vergeltung' und 'Siegel der Verderbnis' verursachten Schaden sowie die Effekte ihrer Richturteile um 12%." lvl="4"/>
        <rank description="Erhöht den von Euren Zaubern 'Siegel der Rechtschaffenheit', 'Siegel der Vergeltung' und 'Siegel der Verderbnis' verursachten Schaden sowie die Effekte ihrer Richturteile um 15%." lvl="5"/>
      </talent>
      <talent column="0" icon="spell_holy_holybolt" key="1444" name="Heilendes Licht" tier="1">
        <rank description="Erhöht den durch Eure Zauber 'Heiliges Licht' und 'Lichtblitz' geheilten Wert und die Wirksamkeit Eures Zaubers 'Heiliger Schock' um 4%." lvl="1"/>
        <rank description="Erhöht den durch Eure Zauber 'Heiliges Licht' und 'Lichtblitz' geheilten Wert und die Wirksamkeit Eures Zaubers 'Heiliger Schock' um 8%." lvl="2"/>
        <rank description="Erhöht den durch Eure Zauber 'Heiliges Licht' und 'Lichtblitz' geheilten Wert und die Wirksamkeit Eures Zaubers 'Heiliger Schock' um 12%." lvl="3"/>
      </talent>
      <talent column="1" icon="spell_nature_sleep" key="1449" name="Göttliche Weisheit" tier="1">
        <rank description="Erhöht Euren Intelligenzwert um 2%." lvl="1"/>
        <rank description="Erhöht Euren Intelligenzwert um 4%." lvl="2"/>
        <rank description="Erhöht Euren Intelligenzwert um 6%." lvl="3"/>
        <rank description="Erhöht Euren Intelligenzwert um 8%." lvl="4"/>
        <rank description="Erhöht Euren Intelligenzwert um 10%." lvl="5"/>
      </talent>
      <talent column="2" icon="spell_holy_unyieldingfaith" key="1628" name="Unumstößlicher Glaube" tier="1">
        <rank description="Verringert die Dauer aller Furcht- und Desorientierungseffekte um 15%." lvl="1"/>
        <rank description="Verringert die Dauer aller Furcht- und Desorientierungseffekte um 30%." lvl="2"/>
      </talent>
      <talent column="0" icon="spell_holy_auramastery" key="1435" name="Aurenbeherrschung" tier="2">
        <rank description="Verleiht allen durch Eure Fähigkeit 'Aura der Konzentration' gestärkten Zielen Immunität gegen Unterbrechungs- und Stilleeffekte. Die Effekte aller anderen Auren werden um 100% erhöht. Hält 6 Sek. lang an." lvl="1"/>
        <spell castTime="0" cooldown="120000"/>
      </talent>
      <talent column="1" icon="spell_holy_greaterheal" key="1461" name="Illumination" tier="2">
        <rank description="Nach einem kritischen Effekt Eurer Zauber 'Lichtblitz', 'Heiliges Licht' oder dem Heileffekt von 'Heiliger Schock' besteht eine Chance von 20%, dass Mana in Höhe von 30% der Grundkosten des Zaubers wiederhergestellt wird." lvl="1"/>
        <rank description="Nach einem kritischen Effekt Eurer Zauber 'Lichtblitz', 'Heiliges Licht' oder dem Heileffekt von 'Heiliger Schock' besteht eine Chance von 40%, dass Mana in Höhe von 30% der Grundkosten des Zaubers wiederhergestellt wird." lvl="2"/>
        <rank description="Nach einem kritischen Effekt Eurer Zauber 'Lichtblitz', 'Heiliges Licht' oder dem Heileffekt von 'Heiliger Schock' besteht eine Chance von 60%, dass Mana in Höhe von 30% der Grundkosten des Zaubers wiederhergestellt wird." lvl="3"/>
        <rank description="Nach einem kritischen Effekt Eurer Zauber 'Lichtblitz', 'Heiliges Licht' oder dem Heileffekt von 'Heiliger Schock' besteht eine Chance von 80%, dass Mana in Höhe von 30% der Grundkosten des Zaubers wiederhergestellt wird." lvl="4"/>
        <rank description="Nach einem kritischen Effekt Eurer Zauber 'Lichtblitz', 'Heiliges Licht' oder dem Heileffekt von 'Heiliger Schock' besteht eine Chance von 100%, dass Mana in Höhe von 30% der Grundkosten des Zaubers wiederhergestellt wird." lvl="5"/>
      </talent>
      <talent column="2" icon="spell_holy_layonhands" key="1443" name="Verbesserte Handauflegung" tier="2">
        <rank description="Verringert den erlittenen körperlichen Schaden des Ziels Eures Zaubers 'Handauflegung' 15 Sek. lang um 10%. Außerdem wird die Abklingzeit von 'Handauflegung' um 2 Min. verringert." lvl="1"/>
        <rank description="Verringert den erlittenen körperlichen Schaden des Ziels Eures Zaubers 'Handauflegung' 15 Sek. lang um 20%. Außerdem wird die Abklingzeit von 'Handauflegung' um 4 Min. verringert." lvl="2"/>
      </talent>
      <talent column="0" icon="spell_holy_mindsooth" key="1450" name="Verbesserte Aura der Konzentration" tier="3">
        <rank description="Erhöht den Effekt Eurer Fähigkeit 'Aura der Konzentration' um 5%. Zudem wird die Wirkungsdauer jeglicher Stille- und Unterbrechungseffekte gegen ein Gruppenmitglied, das unter dem Einfluss einer Eurer Auren steht, um 10% verringert. Die Verringerung der Wirkungsdauer ist nicht mit anderen Effekten stapelbar." lvl="1"/>
        <rank description="Erhöht den Effekt Eurer Fähigkeit 'Aura der Konzentration' um 10%. Zudem wird die Wirkungsdauer jeglicher Stille- und Unterbrechungseffekte gegen ein Gruppenmitglied, das unter dem Einfluss einer Eurer Auren steht, um 20% verringert. Die Verringerung der Wirkungsdauer ist nicht mit anderen Effekten stapelbar." lvl="2"/>
        <rank description="Erhöht den Effekt Eurer Fähigkeit 'Aura der Konzentration' um 15%. Zudem wird die Wirkungsdauer jeglicher Stille- und Unterbrechungseffekte gegen ein Gruppenmitglied, das unter dem Einfluss einer Eurer Auren steht, um 30% verringert. Die Verringerung der Wirkungsdauer ist nicht mit anderen Effekten stapelbar." lvl="3"/>
      </talent>
      <talent column="2" icon="spell_holy_sealofwisdom" key="1446" name="Verbesserter Segen der Weisheit" tier="3">
        <rank description="Erhöht den Effekt von 'Segen der Weisheit' um 10%." lvl="1"/>
        <rank description="Erhöht den Effekt von 'Segen der Weisheit' um 20%." lvl="2"/>
      </talent>
      <talent column="3" icon="ability_paladin_blessedhands" key="2198" name="Gesegnete Hände" tier="3">
        <rank description="Verringert die Manakosten der Zauber 'Hand der Freiheit', 'Hand der Aufopferung' und 'Hand der Erlösung' um 15%, erhöht die Wirksamkeit von 'Hand der Erlösung' um 50% und die Wirksamkeit von 'Hand der Aufopferung' um zusätzliche 5%." lvl="1"/>
        <rank description="Verringert die Manakosten der Zauber 'Hand der Freiheit', 'Hand der Aufopferung' und 'Hand der Erlösung' um 30%, erhöht die Wirksamkeit von 'Hand der Erlösung' um 100% und die Wirksamkeit von 'Hand der Aufopferung' um zusätzliche 10%." lvl="2"/>
      </talent>
      <talent column="0" icon="spell_holy_pureofheart" key="1742" name="Reinen Herzens" tier="4">
        <rank description="Verringert die Dauer von Fluch-, Krankheits- und Gifteffekten um 15%." lvl="1"/>
        <rank description="Verringert die Dauer von Fluch-, Krankheits- und Gifteffekten um 30%." lvl="2"/>
      </talent>
      <talent column="1" icon="spell_holy_heal" key="1433" name="Göttliche Gunst" requires="1461" tier="4">
        <rank description="Bei Aktivierung hat Euer nächster Zauber 'Lichtblitz', 'Heiliges Licht' oder 'Heiliger Schock' eine Chance von 100% auf einen kritischen Effekt." lvl="1"/>
        <spell castTime="0" cooldown="120000">
          <power cost="3" type="mana"/>
        </spell>
      </talent>
      <talent column="2" icon="spell_holy_healingaura" key="1465" name="Geweihtes Licht" tier="4">
        <rank description="Erhöht die Chance auf einen kritischen Effekt Eurer Zauber 'Heiliges Licht' und 'Heiliger Schock' um 2%." lvl="1"/>
        <rank description="Erhöht die Chance auf einen kritischen Effekt Eurer Zauber 'Heiliges Licht' und 'Heiliger Schock' um 4%." lvl="2"/>
        <rank description="Erhöht die Chance auf einen kritischen Effekt Eurer Zauber 'Heiliges Licht' und 'Heiliger Schock' um 6%." lvl="3"/>
      </talent>
      <talent column="0" icon="spell_holy_purifyingpower" key="1743" name="Reinigende Macht" tier="5">
        <rank description="Verringert die Manakosten Eurer Zauber 'Reinigung des Glaubens', 'Läutern' und 'Weihe' um 5% und verringert die Abklingzeit Eurer Zauber 'Exorzismus' und 'Heiliger Zorn' um 17%." lvl="1"/>
        <rank description="Verringert die Manakosten Eurer Zauber 'Reinigung des Glaubens', 'Läutern' und 'Weihe' um 10% und verringert die Abklingzeit Eurer Zauber 'Exorzismus' und 'Heiliger Zorn' um 33%." lvl="2"/>
      </talent>
      <talent column="2" icon="spell_holy_power" key="1627" name="Heilige Macht" tier="5">
        <rank description="Erhöht die Chance auf einen kritischen Effekt mit Heiligzaubern um 1%." lvl="1"/>
        <rank description="Erhöht die Chance auf einen kritischen Effekt mit Heiligzaubern um 2%." lvl="2"/>
        <rank description="Erhöht die Chance auf einen kritischen Effekt mit Heiligzaubern um 3%." lvl="3"/>
        <rank description="Erhöht die Chance auf einen kritischen Effekt mit Heiligzaubern um 4%." lvl="4"/>
        <rank description="Erhöht die Chance auf einen kritischen Effekt mit Heiligzaubern um 5%." lvl="5"/>
      </talent>
      <talent column="0" icon="spell_holy_lightsgrace" key="1745" name="Anmut des Lichts" tier="6">
        <rank description="Verleiht Eurem Zauber 'Heiliges Licht' eine Chance von 33%, die Zauberzeit Eures nächsten Zaubers 'Heiliges Licht' um 0.5 Sek. zu verringern. Dieser Effekt hält 15 Sek. lang an." lvl="1"/>
        <rank description="Verleiht Eurem Zauber 'Heiliges Licht' eine Chance von 66%, die Zauberzeit Eures nächsten Zaubers 'Heiliges Licht' um 0.5 Sek. zu verringern. Dieser Effekt hält 15 Sek. lang an." lvl="2"/>
        <rank description="Verleiht Eurem Zauber 'Heiliges Licht' eine Chance von 100%, die Zauberzeit Eures nächsten Zaubers 'Heiliges Licht' um 0.5 Sek. zu verringern. Dieser Effekt hält 15 Sek. lang an." lvl="3"/>
      </talent>
      <talent column="1" icon="spell_holy_searinglight" key="1502" name="Heiliger Schock" requires="1433" tier="6">
        <rank description="Trifft das Ziel mit heiliger Energie. Verursacht 314 bis 340 Heiligschaden bei Feinden oder heilt 481 bis 519 bei Verbündeten." lvl="1"/>
        <spell castTime="0" cooldown="6000" maxRange="20">
          <power cost="18" type="mana"/>
        </spell>
      </talent>
      <talent column="2" icon="spell_holy_blessedlife" key="1744" name="Gesegnetes Leben" tier="6">
        <rank description="Alle Angriffe gegen Euch haben eine Chance von 4%, halben Schaden zu verursachen." lvl="1"/>
        <rank description="Alle Angriffe gegen Euch haben eine Chance von 7%, halben Schaden zu verursachen." lvl="2"/>
        <rank description="Alle Angriffe gegen Euch haben eine Chance von 10%, halben Schaden zu verursachen." lvl="3"/>
      </talent>
      <talent column="0" icon="ability_paladin_sacredcleansing" key="2190" name="Heilige Läuterung" tier="7">
        <rank description="Euer Zauber 'Reinigung' hat eine Chance von 10%, 10 Sek. lang den Widerstand des Ziels gegen Krankheiten, Magie und Gifte um 30% zu erhöhen." lvl="1"/>
        <rank description="Euer Zauber 'Reinigung' hat eine Chance von 20%, 10 Sek. lang den Widerstand des Ziels gegen Krankheiten, Magie und Gifte um 30% zu erhöhen." lvl="2"/>
        <rank description="Euer Zauber 'Reinigung' hat eine Chance von 30%, 10 Sek. lang den Widerstand des Ziels gegen Krankheiten, Magie und Gifte um 30% zu erhöhen." lvl="3"/>
      </talent>
      <talent column="2" icon="spell_holy_holyguidance" key="1746" name="Heilige Führung" tier="7">
        <rank description="Erhöht Eure Zaubermacht um 4% Eurer gesamten Intelligenz." lvl="1"/>
        <rank description="Erhöht Eure Zaubermacht um 8% Eurer gesamten Intelligenz." lvl="2"/>
        <rank description="Erhöht Eure Zaubermacht um 12% Eurer gesamten Intelligenz." lvl="3"/>
        <rank description="Erhöht Eure Zaubermacht um 16% Eurer gesamten Intelligenz." lvl="4"/>
        <rank description="Erhöht Eure Zaubermacht um 20% Eurer gesamten Intelligenz." lvl="5"/>
      </talent>
      <talent column="0" icon="spell_holy_divineillumination" key="1747" name="Göttliche Eingebung" tier="8">
        <rank description="Verringert die Manakosten aller Zauber 15 Sek. lang um 50%." lvl="1"/>
        <spell castTime="0" cooldown="180000"/>
      </talent>
      <talent column="2" icon="ability_paladin_judgementofthepure" key="2199" name="Richturteile des Reinen" tier="8">
        <rank description="Erhöht den verursachten Schaden Eurer Siegel- und Richturteilszauber um 5%, zudem erhöhen Eure Richturteile Euer Nahkampfangriffs- und Zaubertempo 1 Min. lang um 3%." lvl="1"/>
        <rank description="Erhöht den verursachten Schaden Eurer Siegel- und Richturteilszauber um 10%, zudem erhöhen Eure Richturteile Euer Nahkampfangriffs- und Zaubertempo 1 Min. lang um 6%." lvl="2"/>
        <rank description="Erhöht den verursachten Schaden Eurer Siegel- und Richturteilszauber um 15%, zudem erhöhen Eure Richturteile Euer Nahkampfangriffs- und Zaubertempo 1 Min. lang um 9%." lvl="3"/>
        <rank description="Erhöht den verursachten Schaden Eurer Siegel- und Richturteilszauber um 20%, zudem erhöhen Eure Richturteile Euer Nahkampfangriffs- und Zaubertempo 1 Min. lang um 12%." lvl="4"/>
        <rank description="Erhöht den verursachten Schaden Eurer Siegel- und Richturteilszauber um 25%, zudem erhöhen Eure Richturteile Euer Nahkampfangriffs- und Zaubertempo 1 Min. lang um 15%." lvl="5"/>
      </talent>
      <talent column="1" icon="ability_paladin_infusionoflight" key="2193" name="Lichtenergie" requires="1502" tier="9">
        <rank description="Kritische Treffer Eures Zaubers 'Heiliger Schock' verringern die Zauberzeit Eures nächsten Wirkens von 'Lichtblitz' um 0.75 Sek. oder erhöhen die kritische Trefferchance Eures nächsten Wirkens von 'Heiliges Licht' um 10%. Zudem wird Euer Zauber 'Lichtblitz' Ziele, auf denen der Effekt 'Geheiligter Schild' wirkt, im Verlauf von 12 Sek. zusätzlich um 50% heilen." lvl="1"/>
        <rank description="Kritische Treffer Eures Zaubers 'Heiliger Schock' verringern die Zauberzeit Eures nächsten Wirkens von 'Lichtblitz' um 1.5 Sek. oder erhöhen die kritische Trefferchance Eures nächsten Wirkens von 'Heiliges Licht' um 20%. Zudem wird Euer Zauber 'Lichtblitz' Ziele, auf denen der Effekt 'Geheiligter Schild' wirkt, im Verlauf von 12 Sek. zusätzlich um 100% heilen." lvl="2"/>
      </talent>
      <talent column="2" icon="ability_paladin_enlightenedjudgements" key="2191" name="Erleuchtete Richturteile" tier="9">
        <rank description="Erhöht die Reichweite Eurer Zauber 'Richturteil des Lichts' und 'Richturteil der Weisheit' um 15 Meter und erhöht Eure Trefferchance um 2%." lvl="1"/>
        <rank description="Erhöht die Reichweite Eurer Zauber 'Richturteil des Lichts' und 'Richturteil der Weisheit' um 30 Meter und erhöht Eure Trefferchance um 4%." lvl="2"/>
      </talent>
      <talent column="1" icon="ability_paladin_beaconoflight" key="2192" name="Flamme des Glaubens" tier="10">
        <rank description="Das Ziel wird für alle Gruppen- und Schlachtzugsmitglieder in einem Radius von 60 Metern zu einer Flamme des Glaubens. Alle auf diese Ziele gewirkten Heilungen heilen auch die Flamme um 100% der gewirkten Heilung. Es kann immer nur ein Ziel zur gleichen Zeit eine Flamme des Glaubens sein. Hält 1 Min. lang an." lvl="1"/>
        <spell castTime="0" maxRange="60">
          <power cost="35" type="mana"/>
        </spell>
      </talent>
    </tree>
  </talentTrees>
</page>
