<?xml version="1.0" encoding="UTF-8"?><page globalSearch="1" lang="en_us" requestUrl="/talent-tree.xml">
  <talentTrees>
    <tree bgImage="PaladinCombat" icon="spell_holy_auraoflight" key="Retribution" name="Retribution" order="2">
      <talent column="1" icon="ability_parry" key="1403" name="Deflection" tier="0">
        <rank description="Increases your Parry chance by 1%." lvl="1"/>
        <rank description="Increases your Parry chance by 2%." lvl="2"/>
        <rank description="Increases your Parry chance by 3%." lvl="3"/>
        <rank description="Increases your Parry chance by 4%." lvl="4"/>
        <rank description="Increases your Parry chance by 5%." lvl="5"/>
      </talent>
      <talent column="2" icon="spell_frost_windwalkon" key="1407" name="Benediction" tier="0">
        <rank description="Reduces the mana cost of all instant cast spells by 2%." lvl="1"/>
        <rank description="Reduces the mana cost of all instant cast spells by 4%." lvl="2"/>
        <rank description="Reduces the mana cost of all instant cast spells by 6%." lvl="3"/>
        <rank description="Reduces the mana cost of all instant cast spells by 8%." lvl="4"/>
        <rank description="Reduces the mana cost of all instant cast spells by 10%." lvl="5"/>
      </talent>
      <talent column="0" icon="spell_holy_righteousfury" key="1631" name="Improved Judgements" tier="1">
        <rank description="Decreases the cooldown of your Judgement spells by 1 sec." lvl="1"/>
        <rank description="Decreases the cooldown of your Judgement spells by 2 sec." lvl="2"/>
      </talent>
      <talent column="1" icon="spell_holy_holysmite" key="1464" name="Heart of the Crusader" tier="1">
        <rank description="In addition to the normal effect, your Judgement spells will also increase the critical strike chance of all attacks made against that target by an additional 1%." lvl="1"/>
        <rank description="In addition to the normal effect, your Judgement spells will also increase the critical strike chance of all attacks made against that target by an additional 2%." lvl="2"/>
        <rank description="In addition to the normal effect, your Judgement spells will also increase the critical strike chance of all attacks made against that target by an additional 3%." lvl="3"/>
      </talent>
      <talent column="2" icon="spell_holy_fistofjustice" key="1401" name="Improved Blessing of Might" tier="1">
        <rank description="Increases the attack power bonus of your Blessing of Might by 12%." lvl="1"/>
        <rank description="Increases the attack power bonus of your Blessing of Might by 25%." lvl="2"/>
      </talent>
      <talent column="0" icon="spell_holy_vindication" key="1633" name="Vindication" tier="2">
        <rank description="Gives the Paladin's damaging attacks a chance to reduce the target's attack power by 23 for 10 sec." lvl="1"/>
        <rank description="Gives the Paladin's damaging attacks a chance to reduce the target's attack power by 46 for 10 sec." lvl="2"/>
      </talent>
      <talent column="1" icon="spell_holy_retributionaura" key="1411" name="Conviction" tier="2">
        <rank description="Increases your chance to get a critical strike with all spells and attacks by 1%." lvl="1"/>
        <rank description="Increases your chance to get a critical strike with all spells and attacks by 2%." lvl="2"/>
        <rank description="Increases your chance to get a critical strike with all spells and attacks by 3%." lvl="3"/>
        <rank description="Increases your chance to get a critical strike with all spells and attacks by 4%." lvl="4"/>
        <rank description="Increases your chance to get a critical strike with all spells and attacks by 5%." lvl="5"/>
      </talent>
      <talent column="2" icon="ability_warrior_innerrage" key="1481" name="Seal of Command" tier="2">
        <rank description="All melee attacks deal 1 to 2 additional Holy damage.  When used with attacks or abilities that strike a single target, this additional Holy damage will strike up to 2 additional targets.  Lasts 30 min.&lt;br/&gt;&lt;br/&gt;Unleashing this Seal's energy will judge an enemy, instantly causing 3 to 3 Holy damage." lvl="1"/>
        <spell castTime="0">
          <power cost="14" type="mana"/>
        </spell>
      </talent>
      <talent column="3" icon="spell_holy_persuitofjustice" key="1634" name="Pursuit of Justice" tier="2">
        <rank description="Reduces the duration of all Disarm effects by 25% and increases movement and mounted movement speed by 8%.  This does not stack with other movement speed increasing effects." lvl="1"/>
        <rank description="Reduces the duration of all Disarm effects by 50% and increases movement and mounted movement speed by 15%.  This does not stack with other movement speed increasing effects." lvl="2"/>
      </talent>
      <talent column="0" icon="spell_holy_eyeforaneye" key="1632" name="Eye for an Eye" tier="3">
        <rank description="All criticals against you cause 5% of the damage taken to the attacker as well.  The damage caused by Eye for an Eye will not exceed 50% of the Paladin's total health." lvl="1"/>
        <rank description="All criticals against you cause 10% of the damage taken to the attacker as well.  The damage caused by Eye for an Eye will not exceed 50% of the Paladin's total health." lvl="2"/>
      </talent>
      <talent column="2" icon="spell_holy_holysmite" key="1761" name="Sanctity of Battle" tier="3">
        <rank description="Increases your chance to critically hit with all spells and attacks by 1% and increases the damage caused by Exorcism and Crusader Strike by 5%." lvl="1"/>
        <rank description="Increases your chance to critically hit with all spells and attacks by 2% and increases the damage caused by Exorcism and Crusader Strike by 10%." lvl="2"/>
        <rank description="Increases your chance to critically hit with all spells and attacks by 3% and increases the damage caused by Exorcism and Crusader Strike by 15%." lvl="3"/>
      </talent>
      <talent column="3" icon="spell_holy_crusade" key="1755" name="Crusade" tier="3">
        <rank description="Increases all damage caused by 1% and all damage caused against Humanoids, Demons, Undead and Elementals by an additional 1%." lvl="1"/>
        <rank description="Increases all damage caused by 2% and all damage caused against Humanoids, Demons, Undead and Elementals by an additional 2%." lvl="2"/>
        <rank description="Increases all damage caused by 3% and all damage caused against Humanoids, Demons, Undead and Elementals by an additional 3%." lvl="3"/>
      </talent>
      <talent column="0" icon="inv_hammer_04" key="1410" name="Two-Handed Weapon Specialization" tier="4">
        <rank description="Increases the damage you deal with two-handed melee weapons by 2%." lvl="1"/>
        <rank description="Increases the damage you deal with two-handed melee weapons by 4%." lvl="2"/>
        <rank description="Increases the damage you deal with two-handed melee weapons by 6%." lvl="3"/>
      </talent>
      <talent column="2" icon="spell_holy_mindvision" key="1756" name="Sanctified Retribution" tier="4">
        <rank description="Increases the damage caused by Retribution Aura by 50% and all damage caused by friendly targets affected by any of your Auras is increased by 3%." lvl="1"/>
      </talent>
      <talent column="1" icon="ability_racial_avatar" key="1402" name="Vengeance" requires="1411" tier="5">
        <rank description="Gives you a 1% bonus to Physical and Holy damage you deal for 30 sec after dealing a critical strike from a weapon swing, spell, or ability.  This effect stacks up to 3 times." lvl="1"/>
        <rank description="Gives you a 2% bonus to Physical and Holy damage you deal for 30 sec after dealing a critical strike from a weapon swing, spell, or ability.  This effect stacks up to 3 times." lvl="2"/>
        <rank description="Gives you a 3% bonus to Physical and Holy damage you deal for 30 sec after dealing a critical strike from a weapon swing, spell, or ability.  This effect stacks up to 3 times." lvl="3"/>
      </talent>
      <talent column="2" icon="spell_holy_divinepurpose" key="1757" name="Divine Purpose" tier="5">
        <rank description="Reduces your chance to be hit by spells and ranged attacks by 2% and gives your Hand of Freedom spell a 50% chance to remove any Stun effects on the target." lvl="1"/>
        <rank description="Reduces your chance to be hit by spells and ranged attacks by 4% and gives your Hand of Freedom spell a 100% chance to remove any Stun effects on the target." lvl="2"/>
      </talent>
      <talent column="0" icon="ability_paladin_artofwar" key="2176" name="The Art of War" tier="6">
        <rank description="Increases the damage of your Judgement, Crusader Strike and Divine Storm abilities by 5% and when your melee attacks critically hit the cast time of your next Flash of Light or Exorcism is reduced by 0.75 sec." lvl="1"/>
        <rank description="Increases the damage of your Judgement, Crusader Strike and Divine Storm abilities by 10% and when your melee attacks critically hit your next Flash of Light  or Exorcism spell becomes instant cast." lvl="2"/>
      </talent>
      <talent column="1" icon="spell_holy_prayerofhealing" key="1441" name="Repentance" tier="6">
        <rank description="Puts the enemy target in a state of meditation, incapacitating them for up to 1 min, and removing the effect of Righteous Vengeance.  Any damage caused will awaken the target.  Usable against Demons, Dragonkin, Giants, Humanoids and Undead." lvl="1"/>
        <spell castTime="0" cooldown="60000" maxRange="20">
          <power cost="9" type="mana"/>
        </spell>
      </talent>
      <talent column="2" icon="ability_paladin_judgementofthewise" key="1758" name="Judgements of the Wise" tier="6">
        <rank description="Your damaging Judgement spells have a 33% chance to grant the Replenishment effect to up to 10 party or raid members mana regeneration equal to 1% of their maximum mana per 5 sec for 15 sec, and to immediately grant you 25% of your base mana." lvl="1"/>
        <rank description="Your damaging Judgement spells have a 66% chance to grant the Replenishment effect to up to 10 party or raid members mana regeneration equal to 1% of their maximum mana per 5 sec for 15 sec, and to immediately grant you 25% of your base mana." lvl="2"/>
        <rank description="Your damaging Judgement spells have a 100% chance to grant the Replenishment effect to up to 10 party or raid members mana regeneration equal to 1% of their maximum mana per 5 sec for 15 sec, and to immediately grant you 25% of your base mana." lvl="3"/>
      </talent>
      <talent column="1" icon="spell_holy_fanaticism" key="1759" name="Fanaticism" requires="1441" tier="7">
        <rank description="Increases the critical strike chance of all Judgements capable of a critical hit by 6% and reduces threat caused by all actions by 10% except when under the effects of Righteous Fury." lvl="1"/>
        <rank description="Increases the critical strike chance of all Judgements capable of a critical hit by 12% and reduces threat caused by all actions by 20% except when under the effects of Righteous Fury." lvl="2"/>
        <rank description="Increases the critical strike chance of all Judgements capable of a critical hit by 18% and reduces threat caused by all actions by 30% except when under the effects of Righteous Fury." lvl="3"/>
      </talent>
      <talent column="2" icon="ability_paladin_sanctifiedwrath" key="2147" name="Sanctified Wrath" tier="7">
        <rank description="Increases the critical strike chance of Hammer of Wrath by 25%, reduces the cooldown of Avenging Wrath by 30 secs and while affected by Avenging Wrath 25% of all damage caused bypasses damage reduction effects." lvl="1"/>
        <rank description="Increases the critical strike chance of Hammer of Wrath by 50%, reduces the cooldown of Avenging Wrath by 60 secs and while affected by Avenging Wrath 50% of all damage caused bypasses damage reduction effects." lvl="2"/>
      </talent>
      <talent column="0" icon="ability_paladin_swiftretribution" key="2148" name="Swift Retribution" tier="8">
        <rank description="Your auras also increase casting, ranged and melee attack speeds by 1%." lvl="1"/>
        <rank description="Your auras also increase casting, ranged and melee attack speeds by 2%." lvl="2"/>
        <rank description="Your auras also increase casting, ranged and melee attack speeds by 3%." lvl="3"/>
      </talent>
      <talent column="1" icon="spell_holy_crusaderstrike" key="1823" name="Crusader Strike" tier="8">
        <rank description="An instant strike that causes 75% weapon damage." lvl="1"/>
        <spell castTime="0" cooldown="4000" maxRange="5">
          <power cost="5" type="mana"/>
        </spell>
      </talent>
      <talent column="2" icon="ability_paladin_sheathoflight" key="2179" name="Sheath of Light" tier="8">
        <rank description="Increases your spell power by an amount equal to 10% of your attack power and your critical healing spells heal the target for 20% of the healed amount over 12 seconds." lvl="1"/>
        <rank description="Increases your spell power by an amount equal to 20% of your attack power and your critical healing spells heal the target for 40% of the healed amount over 12 seconds." lvl="2"/>
        <rank description="Increases your spell power by an amount equal to 30% of your attack power and your critical healing spells heal the target for 60% of the healed amount over 12 seconds." lvl="3"/>
      </talent>
      <talent column="1" icon="ability_paladin_righteousvengeance" key="2149" name="Righteous Vengeance" tier="9">
        <rank description="When your Judgement, Crusader Strike and Divine Storm spells deal a critical strike, your target will take 10% additional damage over 8 sec." lvl="1"/>
        <rank description="When your Judgement, Crusader Strike and Divine Storm spells deal a critical strike, your target will take 20% additional damage over 8 sec." lvl="2"/>
        <rank description="When your Judgement, Crusader Strike and Divine Storm spells deal a critical strike, your target will take 30% additional damage over 8 sec." lvl="3"/>
      </talent>
      <talent column="1" icon="ability_paladin_divinestorm" key="2150" name="Divine Storm" tier="10">
        <rank description="An instant weapon attack that causes 110% of weapon damage to up to 4 enemies within 8 yards.  The Divine Storm heals up to 3 party or raid members totaling 25% of the damage caused." lvl="1"/>
        <spell castTime="0" cooldown="10000">
          <power cost="12" type="mana"/>
        </spell>
      </talent>
    </tree>
    <tree bgImage="PaladinProtection" icon="spell_holy_devotionaura" key="Protection" name="Protection" order="1">
      <talent column="1" icon="spell_holy_blindingheal" key="1442" name="Divinity" tier="0">
        <rank description="Increases all healing done by you and all healing effects on you by 1%." lvl="1"/>
        <rank description="Increases all healing done by you and all healing effects on you by 2%." lvl="2"/>
        <rank description="Increases all healing done by you and all healing effects on you by 3%." lvl="3"/>
        <rank description="Increases all healing done by you and all healing effects on you by 4%." lvl="4"/>
        <rank description="Increases all healing done by you and all healing effects on you by 5%." lvl="5"/>
      </talent>
      <talent column="2" icon="ability_golemthunderclap" key="2185" name="Divine Strength" tier="0">
        <rank description="Increases your total Strength by 3%." lvl="1"/>
        <rank description="Increases your total Strength by 6%." lvl="2"/>
        <rank description="Increases your total Strength by 9%." lvl="3"/>
        <rank description="Increases your total Strength by 12%." lvl="4"/>
        <rank description="Increases your total Strength by 15%." lvl="5"/>
      </talent>
      <talent column="0" icon="spell_holy_stoicism" key="1748" name="Stoicism" tier="1">
        <rank description="Reduces the duration of all Stun effects by an additional 10% and reduces the chance your helpful spells and damage over time effects will be dispelled by an additional 10%." lvl="1"/>
        <rank description="Reduces the duration of all Stun effects by an additional 20% and reduces the chance your helpful spells and damage over time effects will be dispelled by an additional 20%." lvl="2"/>
        <rank description="Reduces the duration of all Stun effects by an additional 30% and reduces the chance your helpful spells and damage over time effects will be dispelled by an additional 30%." lvl="3"/>
      </talent>
      <talent column="1" icon="spell_holy_sealofprotection" key="1425" name="Guardian's Favor" tier="1">
        <rank description="Reduces the cooldown of your Hand of Protection by 60 sec and increases the duration of your Hand of Freedom by 2 sec." lvl="1"/>
        <rank description="Reduces the cooldown of your Hand of Protection by 2 min and increases the duration of your Hand of Freedom by 4 sec." lvl="2"/>
      </talent>
      <talent column="2" icon="spell_magic_lesserinvisibilty" key="1629" name="Anticipation" tier="1">
        <rank description="Increases your chance to dodge by 1%." lvl="1"/>
        <rank description="Increases your chance to dodge by 2%." lvl="2"/>
        <rank description="Increases your chance to dodge by 3%." lvl="3"/>
        <rank description="Increases your chance to dodge by 4%." lvl="4"/>
        <rank description="Increases your chance to dodge by 5%." lvl="5"/>
      </talent>
      <talent column="0" icon="spell_holy_powerwordbarrier" key="2280" name="Divine Sacrifice" tier="2">
        <rank description="30% of all damage taken by party members within 30 yards is redirected to the Paladin (up to a maximum of 40% of the Paladin's health times the number of party members).  Damage which reduces the Paladin below 20% health will break the effect.  Lasts 10 sec." lvl="1"/>
        <spell castTime="0" cooldown="120000"/>
      </talent>
      <talent column="1" icon="spell_holy_sealoffury" key="1501" name="Improved Righteous Fury" tier="2">
        <rank description="While Righteous Fury is active, all damage taken is reduced by 2%." lvl="1"/>
        <rank description="While Righteous Fury is active, all damage taken is reduced by 4%." lvl="2"/>
        <rank description="While Righteous Fury is active, all damage taken is reduced by 6%." lvl="3"/>
      </talent>
      <talent column="2" icon="spell_holy_devotion" key="1423" name="Toughness" tier="2">
        <rank description="Increases your armor value from items by 2% and reduces the duration of all movement slowing effects by 6%." lvl="1"/>
        <rank description="Increases your armor value from items by 4% and reduces the duration of all movement slowing effects by 12%." lvl="2"/>
        <rank description="Increases your armor value from items by 6% and reduces the duration of all movement slowing effects by 18%." lvl="3"/>
        <rank description="Increases your armor value from items by 8% and reduces the duration of all movement slowing effects by 24%." lvl="4"/>
        <rank description="Increases your armor value from items by 10% and reduces the duration of all movement slowing effects by 30%." lvl="5"/>
      </talent>
      <talent column="0" icon="spell_holy_powerwordbarrier" key="2281" name="Divine Guardian" requires="2280" tier="3">
        <rank description="When Divine Sacrifice is activated, your party and raid members within 30 yards take 10% reduced damage for 6 sec.  In addition, increases the duration of your Sacred Shield by 50% and the amount absorbed by 10%." lvl="1"/>
        <rank description="When Divine Sacrifice is activated, your party and raid members within 30 yards take 20% reduced damage for 6 sec.  In addition, increases the duration of your Sacred Shield by 100% and the amount absorbed by 20%." lvl="2"/>
      </talent>
      <talent column="1" icon="spell_holy_sealofmight" key="1521" name="Improved Hammer of Justice" tier="3">
        <rank description="Decreases the cooldown of your Hammer of Justice spell by 10 sec." lvl="1"/>
        <rank description="Decreases the cooldown of your Hammer of Justice spell by 20 sec." lvl="2"/>
      </talent>
      <talent column="2" icon="spell_holy_devotionaura" key="1422" name="Improved Devotion Aura" tier="3">
        <rank description="Increases the armor bonus of your Devotion Aura by 17% and increases the amount healed on any target affected by any of your Auras by 2%." lvl="1"/>
        <rank description="Increases the armor bonus of your Devotion Aura by 34% and increases the amount healed on any target affected by any of your Auras by 4%." lvl="2"/>
        <rank description="Increases the armor bonus of your Devotion Aura by 50% and increases the amount healed on any target affected by any of your Auras by 6%." lvl="3"/>
      </talent>
      <talent column="1" icon="spell_nature_lightningshield" key="1431" name="Blessing of Sanctuary" tier="4">
        <rank description="Places a Blessing on the friendly target, reducing damage taken from all sources by 3% for 10 min and increasing strength and stamina by 10%.  In addition, when the target blocks, parries, or dodges a melee attack the target will gain 2% of maximum displayed mana.  Players may only have one Blessing on them per Paladin at any one time." lvl="1"/>
        <spell castTime="0" maxRange="30">
          <power cost="7" type="mana"/>
        </spell>
      </talent>
      <talent column="2" icon="spell_holy_blessingofstrength" key="1426" name="Reckoning" tier="4">
        <rank description="Gives you a 2% chance after being hit by any damaging attack that the next 4 weapon swings within 8 sec will generate an additional attack." lvl="1"/>
        <rank description="Gives you a 4% chance after being hit by any damaging attack that the next 4 weapon swings within 8 sec will generate an additional attack." lvl="2"/>
        <rank description="Gives you a 6% chance after being hit by any damaging attack that the next 4 weapon swings within 8 sec will generate an additional attack." lvl="3"/>
        <rank description="Gives you a 8% chance after being hit by any damaging attack that the next 4 weapon swings within 8 sec will generate an additional attack." lvl="4"/>
        <rank description="Gives you a 10% chance after blocking or being hit by any damaging attack that the next 4 weapon swings within 8 sec will generate an additional attack." lvl="5"/>
      </talent>
      <talent column="0" icon="spell_holy_divineintervention" key="1750" name="Sacred Duty" tier="5">
        <rank description="Increases your total Stamina by 2%, reduces the cooldown of your Divine Shield and Divine Protection spells by 30 sec." lvl="1"/>
        <rank description="Increases your total Stamina by 4%, reduces the cooldown of your Divine Shield and Divine Protection spells by 60 sec." lvl="2"/>
      </talent>
      <talent column="2" icon="inv_sword_20" key="1429" name="One-Handed Weapon Specialization" tier="5">
        <rank description="Increases all damage you deal when a one-handed melee weapon is equipped by 4%." lvl="1"/>
        <rank description="Increases all damage you deal when a one-handed melee weapon is equipped by 7%." lvl="2"/>
        <rank description="Increases all damage you deal when a one-handed melee weapon is equipped by 10%." lvl="3"/>
      </talent>
      <talent column="0" icon="spell_holy_revivechampion" key="2282" name="Spiritual Attunement" tier="6">
        <rank description="A passive ability that gives the Paladin mana when healed by other friendly targets' spells.  The amount of mana gained is equal to 5% of the amount healed." lvl="1"/>
        <rank description="A passive ability that gives the Paladin mana when healed by other friendly targets' spells.  The amount of mana gained is equal to 10% of the amount healed." lvl="2"/>
      </talent>
      <talent column="1" icon="spell_holy_blessingofprotection" key="1430" name="Holy Shield" requires="1431" tier="6">
        <rank description="Increases chance to block by 30% for 10 sec and deals 79 Holy damage for each attack blocked while active.  Each block expends a charge.  8 charges." lvl="1"/>
        <spell castTime="0" cooldown="8000">
          <power cost="10" type="mana"/>
        </spell>
      </talent>
      <talent column="2" icon="spell_holy_ardentdefender" key="1751" name="Ardent Defender" tier="6">
        <rank description="Damage that takes you below 35% health is reduced by 7%.  In addition, attacks which would otherwise kill you cause you to be healed by up to 10% of your maximum health (amount healed based on defense).  This healing effect cannot occur more often than once every 2 min." lvl="1"/>
        <rank description="Damage that takes you below 35% health is reduced by 13%.  In addition, attacks which would otherwise kill you cause you to be healed by up to 20% of your maximum health (amount healed based on defense).  This healing effect cannot occur more often than once every 2 min." lvl="2"/>
        <rank description="Damage that takes you below 35% health is reduced by 20%.  In addition, attacks which would otherwise kill you cause you to be healed by up to 30% of your maximum health (amount healed based on defense).  This healing effect cannot occur more often than once every 2 min." lvl="3"/>
      </talent>
      <talent column="0" icon="ability_defend" key="1421" name="Redoubt" tier="7">
        <rank description="Increases your block value by 10% and damaging melee and ranged attacks against you have a 10% chance to increase your chance to block by 10%.  Lasts 10 sec or 5 blocks." lvl="1"/>
        <rank description="Increases your block value by 20% and damaging melee and ranged attacks against you have a 10% chance to increase your chance to block by 20%.  Lasts 10 sec or 5 blocks." lvl="2"/>
        <rank description="Increases your block value by 30% and damaging melee and ranged attacks against you have a 10% chance to increase your chance to block by 30%.  Lasts 10 sec or 5 blocks." lvl="3"/>
      </talent>
      <talent column="2" icon="spell_holy_weaponmastery" key="1753" name="Combat Expertise" tier="7">
        <rank description="Increases your expertise by 2, total Stamina and chance to critically hit by 2%." lvl="1"/>
        <rank description="Increases your expertise by 4, total Stamina and chance to critically hit by 4%." lvl="2"/>
        <rank description="Increases your expertise by 6, total Stamina and chance to critically hit by 6%." lvl="3"/>
      </talent>
      <talent column="0" icon="ability_paladin_touchedbylight" key="2195" name="Touched by the Light" tier="8">
        <rank description="Increases your spell power by an amount equal to 20% of your Strength and increases the amount healed by your critical heals by 10%." lvl="1"/>
        <rank description="Increases your spell power by an amount equal to 40% of your Strength and increases the amount healed by your critical heals by 20%." lvl="2"/>
        <rank description="Increases your spell power by an amount equal to 60% of your Strength and increases the amount healed by your critical heals by 30%." lvl="3"/>
      </talent>
      <talent column="1" icon="spell_holy_avengersshield" key="1754" name="Avenger's Shield" requires="1430" tier="8">
        <rank description="Hurls a holy shield at the enemy, dealing 442 to 538 Holy damage, Dazing them and then jumping to additional nearby enemies.  Affects 3 total targets.  Lasts 10 sec." lvl="1"/>
        <spell castTime="0" cooldown="30000" maxRange="30">
          <power cost="26" type="mana"/>
        </spell>
      </talent>
      <talent column="2" icon="ability_paladin_gaurdedbythelight" key="2194" name="Guarded by the Light" tier="8">
        <rank description="Reduces spell damage taken by 3% and gives a 50% chance to refresh the duration of your Divine Plea when you hit an enemy.  In addition, your Divine Plea spell is 50% less likely to be dispelled." lvl="1"/>
        <rank description="Reduces spell damage taken by 6% and gives a 100% chance to refresh the duration of your Divine Plea when you hit an enemy.  In addition, your Divine Plea spell is 100% less likely to be dispelled." lvl="2"/>
      </talent>
      <talent column="1" icon="ability_paladin_shieldofthetemplar" key="2204" name="Shield of the Templar" requires="1754" tier="9">
        <rank description="Reduces all damage taken by 1% and grants your Avenger's Shield a 33% chance to silence your targets for 3 sec." lvl="1"/>
        <rank description="Reduces all damage taken by 2% and grants your Avenger's Shield a 66% chance to silence your targets for 3 sec." lvl="2"/>
        <rank description="Reduces all damage taken by 3% and grants your Avenger's Shield a 100% chance to silence your targets for 3 sec." lvl="3"/>
      </talent>
      <talent column="2" icon="ability_paladin_judgementsofthejust" key="2200" name="Judgements of the Just" tier="9">
        <rank description="Reduces the cooldown of your Hammer of Justice by 5 sec, increases the duration of your Seal of Justice effect by 0.5 sec and your Judgement spells also reduce the melee attack speed of the target by 10%." lvl="1"/>
        <rank description="Reduces the cooldown of your Hammer of Justice by 10 sec, increases the duration of your Seal of Justice effect by 1 sec and your Judgement spells also reduce the melee attack speed of the target by 20%." lvl="2"/>
      </talent>
      <talent column="1" icon="ability_paladin_hammeroftherighteous" key="2196" name="Hammer of the Righteous" tier="10">
        <rank description="Hammer the current target and up to 2 additional nearby targets, causing 4 times your main hand damage per second as Holy damage." lvl="1"/>
        <spell castTime="0" cooldown="6000" maxRange="5">
          <power cost="6" type="mana"/>
        </spell>
      </talent>
    </tree>
    <tree bgImage="PaladinHoly" icon="spell_holy_holybolt" key="Holy" name="Holy" order="0">
      <talent column="1" icon="spell_arcane_blink" key="1432" name="Spiritual Focus" tier="0">
        <rank description="Reduces the pushback suffered from damaging attacks while casting Flash of Light and Holy Light by 14%." lvl="1"/>
        <rank description="Reduces the pushback suffered from damaging attacks while casting Flash of Light and Holy Light by 28%." lvl="2"/>
        <rank description="Reduces the pushback suffered from damaging attacks while casting Flash of Light and Holy Light by 42%." lvl="3"/>
        <rank description="Reduces the pushback suffered from damaging attacks while casting Flash of Light and Holy Light by 56%." lvl="4"/>
        <rank description="Reduces the pushback suffered from damaging attacks while casting Flash of Light and Holy Light by 70%." lvl="5"/>
      </talent>
      <talent column="2" icon="ability_thunderbolt" key="1463" name="Seals of the Pure" tier="0">
        <rank description="Increases the damage done by your Seal of Righteousness, Seal of Vengeance and Seal of Corruption and their Judgement effects by 3%." lvl="1"/>
        <rank description="Increases the damage done by your Seal of Righteousness, Seal of Vengeance and Seal of Corruption and their Judgement effects by 6%." lvl="2"/>
        <rank description="Increases the damage done by your Seal of Righteousness, Seal of Vengeance and Seal of Corruption and their Judgement effects by 9%." lvl="3"/>
        <rank description="Increases the damage done by your Seal of Righteousness, Seal of Vengeance and Seal of Corruption and their Judgement effects by 12%." lvl="4"/>
        <rank description="Increases the damage done by your Seal of Righteousness, Seal of Vengeance and Seal of Corruption and their Judgement effects by 15%." lvl="5"/>
      </talent>
      <talent column="0" icon="spell_holy_holybolt" key="1444" name="Healing Light" tier="1">
        <rank description="Increases the amount healed by your Holy Light, Flash of Light and the effectiveness of Holy Shock spells by 4%." lvl="1"/>
        <rank description="Increases the amount healed by your Holy Light, Flash of Light and the effectiveness of Holy Shock spells by 8%." lvl="2"/>
        <rank description="Increases the amount healed by your Holy Light, Flash of Light and the effectiveness of Holy Shock spells by 12%." lvl="3"/>
      </talent>
      <talent column="1" icon="spell_nature_sleep" key="1449" name="Divine Intellect" tier="1">
        <rank description="Increases your total Intellect by 2%." lvl="1"/>
        <rank description="Increases your total Intellect by 4%." lvl="2"/>
        <rank description="Increases your total Intellect by 6%." lvl="3"/>
        <rank description="Increases your total Intellect by 8%." lvl="4"/>
        <rank description="Increases your total Intellect by 10%." lvl="5"/>
      </talent>
      <talent column="2" icon="spell_holy_unyieldingfaith" key="1628" name="Unyielding Faith" tier="1">
        <rank description="Reduces the duration of all Fear and Disorient effects by 15%." lvl="1"/>
        <rank description="Reduces the duration of all Fear and Disorient effects by 30%." lvl="2"/>
      </talent>
      <talent column="0" icon="spell_holy_auramastery" key="1435" name="Aura Mastery" tier="2">
        <rank description="Causes your Concentration Aura to make all affected targets immune to Silence and Interrupt effects and improve the effect of all other auras by 100%.  Lasts 6 sec." lvl="1"/>
        <spell castTime="0" cooldown="120000"/>
      </talent>
      <talent column="1" icon="spell_holy_greaterheal" key="1461" name="Illumination" tier="2">
        <rank description="After getting a critical effect from your Flash of Light, Holy Light, or Holy Shock heal spell you have a 20% chance to gain mana equal to 30% of the base cost of the spell." lvl="1"/>
        <rank description="After getting a critical effect from your Flash of Light, Holy Light, or Holy Shock heal spell you have a 40% chance to gain mana equal to 30% of the base cost of the spell." lvl="2"/>
        <rank description="After getting a critical effect from your Flash of Light, Holy Light, or Holy Shock heal spell you have a 60% chance to gain mana equal to 30% of the base cost of the spell." lvl="3"/>
        <rank description="After getting a critical effect from your Flash of Light, Holy Light, or Holy Shock heal spell you have a 80% chance to gain mana equal to 30% of the base cost of the spell." lvl="4"/>
        <rank description="After getting a critical effect from your Flash of Light, Holy Light, or Holy Shock heal spell you have a 100% chance to gain mana equal to 30% of the base cost of the spell." lvl="5"/>
      </talent>
      <talent column="2" icon="spell_holy_layonhands" key="1443" name="Improved Lay on Hands" tier="2">
        <rank description="Grants the target of your Lay on Hands spell 10% reduced physical damage taken for 15 sec.  In addition, the cooldown for your Lay on Hands spell is reduced by 2 min." lvl="1"/>
        <rank description="Grants the target of your Lay on Hands spell 20% reduced physical damage taken for 15 sec.  In addition, the cooldown for your Lay on Hands spell is reduced by 4 min." lvl="2"/>
      </talent>
      <talent column="0" icon="spell_holy_mindsooth" key="1450" name="Improved Concentration Aura" tier="3">
        <rank description="Increases the effect of your Concentration Aura by an additional 5% and while any Aura is active reduces the duration of any Silence or Interrupt effect used against an affected group member by 10%.  The duration reduction does not stack with any other effects." lvl="1"/>
        <rank description="Increases the effect of your Concentration Aura by an additional 10% and while any Aura is active reduces the duration of any Silence or Interrupt effect used against an affected group member by 20%.  The duration reduction does not stack with any other effects." lvl="2"/>
        <rank description="Increases the effect of your Concentration Aura by an additional 15% and while any Aura is active reduces the duration of any Silence or Interrupt effect used against an affected group member by 30%.  The duration reduction does not stack with any other effects." lvl="3"/>
      </talent>
      <talent column="2" icon="spell_holy_sealofwisdom" key="1446" name="Improved Blessing of Wisdom" tier="3">
        <rank description="Increases the effect of your Blessing of Wisdom spell by 10%." lvl="1"/>
        <rank description="Increases the effect of your Blessing of Wisdom spell by 20%." lvl="2"/>
      </talent>
      <talent column="3" icon="ability_paladin_blessedhands" key="2198" name="Blessed Hands" tier="3">
        <rank description="Reduces the mana cost of Hand of Freedom, Hand of Sacrifice and Hand of Salvation by 15%, increases the effectiveness of Hand of Salvation by 50% and the effectiveness of Hand of Sacrifice by an additional 5%." lvl="1"/>
        <rank description="Reduces the mana cost of Hand of Freedom, Hand of Sacrifice and Hand of Salvation by 30%, increases the effectiveness of Hand of Salvation by 100% and the effectiveness of Hand of Sacrifice by an additional 10%." lvl="2"/>
      </talent>
      <talent column="0" icon="spell_holy_pureofheart" key="1742" name="Pure of Heart" tier="4">
        <rank description="Reduces the duration of Curse, Disease and Poison effects by 15%." lvl="1"/>
        <rank description="Reduces the duration of Curse, Disease and Poison effects by 30%." lvl="2"/>
      </talent>
      <talent column="1" icon="spell_holy_heal" key="1433" name="Divine Favor" requires="1461" tier="4">
        <rank description="When activated, gives your next Flash of Light, Holy Light, or Holy Shock spell a 100% critical effect chance." lvl="1"/>
        <spell castTime="0" cooldown="120000">
          <power cost="3" type="mana"/>
        </spell>
      </talent>
      <talent column="2" icon="spell_holy_healingaura" key="1465" name="Sanctified Light" tier="4">
        <rank description="Increases the critical effect chance of your Holy Light and Holy Shock spells by 2%." lvl="1"/>
        <rank description="Increases the critical effect chance of your Holy Light and Holy Shock spells by 4%." lvl="2"/>
        <rank description="Increases the critical effect chance of your Holy Light and Holy Shock spells by 6%." lvl="3"/>
      </talent>
      <talent column="0" icon="spell_holy_purifyingpower" key="1743" name="Purifying Power" tier="5">
        <rank description="Reduces the mana cost of your Cleanse, Purify and Consecration spells by 5% and reduces the cooldown of your Exorcism and Holy Wrath spells by 17%." lvl="1"/>
        <rank description="Reduces the mana cost of your Cleanse, Purify and Consecration spells by 10% and reduces the cooldown of your Exorcism and Holy Wrath spells by 33%." lvl="2"/>
      </talent>
      <talent column="2" icon="spell_holy_power" key="1627" name="Holy Power" tier="5">
        <rank description="Increases the critical effect chance of your Holy spells by 1%." lvl="1"/>
        <rank description="Increases the critical effect chance of your Holy spells by 2%." lvl="2"/>
        <rank description="Increases the critical effect chance of your Holy spells by 3%." lvl="3"/>
        <rank description="Increases the critical effect chance of your Holy spells by 4%." lvl="4"/>
        <rank description="Increases the critical effect chance of your Holy spells by 5%." lvl="5"/>
      </talent>
      <talent column="0" icon="spell_holy_lightsgrace" key="1745" name="Light's Grace" tier="6">
        <rank description="Gives your Holy Light spell a 33% chance to reduce the cast time of your next Holy Light spell by 0.5 sec.  This effect lasts 15 sec." lvl="1"/>
        <rank description="Gives your Holy Light spell a 66% chance to reduce the cast time of your next Holy Light spell by 0.5 sec.  This effect lasts 15 sec." lvl="2"/>
        <rank description="Gives your Holy Light spell a 100% chance to reduce the cast time of your next Holy Light spell by 0.5 sec.  This effect lasts 15 sec." lvl="3"/>
      </talent>
      <talent column="1" icon="spell_holy_searinglight" key="1502" name="Holy Shock" requires="1433" tier="6">
        <rank description="Blasts the target with Holy energy, causing 314 to 340 Holy damage to an enemy, or 481 to 519 healing to an ally." lvl="1"/>
        <spell castTime="0" cooldown="6000" maxRange="20">
          <power cost="18" type="mana"/>
        </spell>
      </talent>
      <talent column="2" icon="spell_holy_blessedlife" key="1744" name="Blessed Life" tier="6">
        <rank description="All attacks against you have a 4% chance to cause half damage." lvl="1"/>
        <rank description="All attacks against you have a 7% chance to cause half damage." lvl="2"/>
        <rank description="All attacks against you have a 10% chance to cause half damage." lvl="3"/>
      </talent>
      <talent column="0" icon="ability_paladin_sacredcleansing" key="2190" name="Sacred Cleansing" tier="7">
        <rank description="Your Cleanse spell has a 10% chance to increase the target's resistance to Disease, Magic and Poison by 30% for 10 sec." lvl="1"/>
        <rank description="Your Cleanse spell has a 20% chance to increase the target's resistance to Disease, Magic and Poison by 30% for 10 sec." lvl="2"/>
        <rank description="Your Cleanse spell has a 30% chance to increase the target's resistance to Disease, Magic and Poison by 30% for 10 sec." lvl="3"/>
      </talent>
      <talent column="2" icon="spell_holy_holyguidance" key="1746" name="Holy Guidance" tier="7">
        <rank description="Increases your spell power by 4% of your total Intellect." lvl="1"/>
        <rank description="Increases your spell power by 8% of your total Intellect." lvl="2"/>
        <rank description="Increases your spell power by 12% of your total Intellect." lvl="3"/>
        <rank description="Increases your spell power by 16% of your total Intellect." lvl="4"/>
        <rank description="Increases your spell power by 20% of your total Intellect." lvl="5"/>
      </talent>
      <talent column="0" icon="spell_holy_divineillumination" key="1747" name="Divine Illumination" tier="8">
        <rank description="Reduces the mana cost of all spells by 50% for 15 sec." lvl="1"/>
        <spell castTime="0" cooldown="180000"/>
      </talent>
      <talent column="2" icon="ability_paladin_judgementofthepure" key="2199" name="Judgements of the Pure" tier="8">
        <rank description="Increases the damage done by your Seal and Judgement spells by 5%, and your Judgement spells increase your casting and melee haste by 3% for 1 min." lvl="1"/>
        <rank description="Increases the damage done by your Seal and Judgement spells by 10%, and your Judgement spells increase your casting and melee haste by 6% for 1 min." lvl="2"/>
        <rank description="Increases the damage done by your Seal and Judgement spells by 15%, and your Judgement spells increase your casting and melee haste by 9% for 1 min." lvl="3"/>
        <rank description="Increases the damage done by your Seal and Judgement spells by 20%, and your Judgement spells increase your casting and melee haste by 12% for 1 min." lvl="4"/>
        <rank description="Increases the damage done by your Seal and Judgement spells by 25%, and your Judgement spells increase your casting and melee haste by 15% for 1 min." lvl="5"/>
      </talent>
      <talent column="1" icon="ability_paladin_infusionoflight" key="2193" name="Infusion of Light" requires="1502" tier="9">
        <rank description="Your Holy Shock critical hits reduce the cast time of your next Flash of Light by 0.75 sec or increase the critical chance of your next Holy Light by 10%.  In addition, causes your Flash of Light to heal targets with Sacred Shield for an additional 50% over 12 sec." lvl="1"/>
        <rank description="Your Holy Shock critical hits reduce the cast time of your next Flash of Light by 1.5 sec or increase the critical chance of your next Holy Light by 20%.  In addition, causes your Flash of Light to heal targets with Sacred Shield for an additional 100% over 12 sec." lvl="2"/>
      </talent>
      <talent column="2" icon="ability_paladin_enlightenedjudgements" key="2191" name="Enlightened Judgements" tier="9">
        <rank description="Increases the range of your Judgement of Light and Judgement of Wisdom spells by 15 yards and increases your chance to hit by 2%." lvl="1"/>
        <rank description="Increases the range of your Judgement of Light and Judgement of Wisdom spells by 30 yards and increases your chance to hit by 4%." lvl="2"/>
      </talent>
      <talent column="1" icon="ability_paladin_beaconoflight" key="2192" name="Beacon of Light" tier="10">
        <rank description="The target becomes a Beacon of Light to all members of your party or raid within a 60 yard radius.  Any heals you cast on party or raid members will also heal the Beacon for 100% of the amount healed.  Only one target can be the Beacon of Light at a time. Lasts 1 min." lvl="1"/>
        <spell castTime="0" maxRange="60">
          <power cost="35" type="mana"/>
        </spell>
      </talent>
    </tree>
  </talentTrees>
</page>
