<?xml version="1.0" encoding="UTF-8"?><page globalSearch="1" lang="de_de" requestUrl="/talent-tree.xml">
  <talentTrees>
    <tree bgImage="DruidBalance" icon="spell_nature_starfall" key="Balance" name="Gleichgewicht" order="0">
      <talent column="1" icon="spell_nature_abolishmagic" key="762" name="Zorniges Sternenlicht" tier="0">
        <rank description="Verringert die Zauberzeit Eurer Zauber 'Zorn' und 'Sternenfeuer' um 0.1 Sek." lvl="1"/>
        <rank description="Verringert die Zauberzeit Eurer Zauber 'Zorn' und 'Sternenfeuer' um 0.2 Sek." lvl="2"/>
        <rank description="Verringert die Zauberzeit Eurer Zauber 'Zorn' und 'Sternenfeuer' um 0.3 Sek." lvl="3"/>
        <rank description="Verringert die Zauberzeit Eurer Zauber 'Zorn' und 'Sternenfeuer' um 0.4 Sek." lvl="4"/>
        <rank description="Verringert die Zauberzeit Eurer Zauber 'Zorn' und 'Sternenfeuer' um 0.5 Sek." lvl="5"/>
      </talent>
      <talent column="2" icon="spell_arcane_arcane03" key="2238" name="Genesis" tier="0">
        <rank description="Erhöht den Schaden und die Heilung Eurer regelmäßigen Zauberschadens- und Heilungseffekte um 1%." lvl="1"/>
        <rank description="Erhöht den Schaden und die Heilung Eurer regelmäßigen Zauberschadens- und Heilungseffekte um 2%." lvl="2"/>
        <rank description="Erhöht den Schaden und die Heilung Eurer regelmäßigen Zauberschadens- und Heilungseffekte um 3%." lvl="3"/>
        <rank description="Erhöht den Schaden und die Heilung Eurer regelmäßigen Zauberschadens- und Heilungseffekte um 4%." lvl="4"/>
        <rank description="Erhöht den Schaden und die Heilung Eurer regelmäßigen Zauberschadens- und Heilungseffekte um 5%." lvl="5"/>
      </talent>
      <talent column="0" icon="spell_nature_sentinal" key="783" name="Mondschein" tier="1">
        <rank description="Verringert die Manakosten Eurer Zauber 'Mondfeuer', 'Sternenfeuer', 'Sternenregen', 'Zorn', 'Heilende Berührung', 'Pflege', 'Nachwachsen' und 'Verjüngung' um 3%." lvl="1"/>
        <rank description="Verringert die Manakosten Eurer Zauber 'Mondfeuer', 'Sternenfeuer', 'Sternenregen', 'Zorn', 'Heilende Berührung', 'Pflege', 'Nachwachsen' und 'Verjüngung' um 6%." lvl="2"/>
        <rank description="Verringert die Manakosten Eurer Zauber 'Mondfeuer', 'Sternenfeuer', 'Sternenregen', 'Zorn', 'Heilende Berührung', 'Pflege', 'Nachwachsen' und 'Verjüngung' um 9%." lvl="3"/>
      </talent>
      <talent column="1" icon="inv_staff_01" key="1822" name="Erhabenheit der Natur" tier="1">
        <rank description="Erhöht die kritische Trefferchance Eurer Zauber 'Zorn', 'Sternenfeuer', 'Sternenregen', 'Pflege' und 'Heilende Berührung' um 2%." lvl="1"/>
        <rank description="Erhöht die kritische Trefferchance Eurer Zauber 'Zorn', 'Sternenfeuer', 'Sternenregen', 'Pflege' und 'Heilende Berührung' um 4%." lvl="2"/>
      </talent>
      <talent column="3" icon="spell_nature_starfall" key="763" name="Verbessertes Mondfeuer" tier="1">
        <rank description="Erhöht den Schaden sowie die Chance für einen kritischen Treffer Eures Zaubers 'Mondfeuer' um 5%." lvl="1"/>
        <rank description="Erhöht den Schaden sowie die Chance für einen kritischen Treffer Eures Zaubers 'Mondfeuer' um 10%." lvl="2"/>
      </talent>
      <talent column="0" icon="spell_nature_thorns" key="782" name="Dornenranken" tier="2">
        <rank description="Erhöht den durch Eure Zauber 'Dornen' und 'Wucherwurzeln' verursachten Schaden um 25% und den durch Eure Treants verursachten Schaden um 5%. Zusätzlich hat sowohl der von Euren Treants verursachte als auch der von Euch erlittene Schaden, während 'Baumrinde' aktiv ist, eine Chance von 5%, das Ziel 3 Sek. lang benommen zu machen." lvl="1"/>
        <rank description="Erhöht den durch Eure Zauber 'Dornen' und 'Wucherwurzeln' verursachten Schaden um 50% und den durch Eure Treants verursachten Schaden um 10%. Zusätzlich hat sowohl der von Euren Treants verursachte als auch der von Euch erlittene Schaden, während 'Baumrinde' aktiv ist, eine Chance von 10%, das Ziel 3 Sek. lang benommen zu machen." lvl="2"/>
        <rank description="Erhöht den durch Eure Zauber 'Dornen' und 'Wucherwurzeln' verursachten Schaden um 75% und den durch Eure Treants verursachten Schaden um 15%. Zusätzlich hat sowohl der von Euren Treants verursachte als auch der von Euch erlittene Schaden, während 'Baumrinde' aktiv ist, eine Chance von 15%, das Ziel 3 Sek. lang benommen zu machen." lvl="3"/>
      </talent>
      <talent column="1" icon="spell_nature_naturesblessing" key="789" name="Anmut der Natur" requires="1822" tier="2">
        <rank description="Kritische Zaubertreffer von unregelmäßigen Zaubern haben eine Chance von 33%, Euch den Segen der Natur zu gewähren, der Euer Zaubertempo 3 Sek. lang um 20% erhöht." lvl="1"/>
        <rank description="Kritische Zaubertreffer von unregelmäßigen Zaubern haben eine Chance von 66%, Euch den Segen der Natur zu gewähren, der Euer Zaubertempo 3 Sek. lang um 20% erhöht." lvl="2"/>
        <rank description="Kritische Zaubertreffer von unregelmäßigen Zaubern haben eine Chance von 100%, Euch den Segen der Natur zu gewähren, der Euer Zaubertempo 3 Sek. lang um 20% erhöht." lvl="3"/>
      </talent>
      <talent column="2" icon="spell_nature_natureguardian" key="2240" name="Pracht der Natur" requires="1822" tier="2">
        <rank description="Erhöht die Dauer von 'Mondfeuer' und 'Verjüngung' um 3 Sek., von 'Nachwachsen' um 6 Sek. und von 'Insektenschwarm' und 'Blühendes Leben' um 2 Sek." lvl="1"/>
      </talent>
      <talent column="3" icon="spell_nature_naturetouchgrow" key="764" name="Reichweite der Natur" tier="2">
        <rank description="Erhöht die Reichweite Eurer Gleichgewichtszauber sowie der Fähigkeit 'Feenfeuer (Tiergestalt)' um 10% und verringert die von Euren Gleichgewichtszaubern erzeugte Bedrohung um 15%." lvl="1"/>
        <rank description="Erhöht die Reichweite Eurer Gleichgewichtszauber sowie der Fähigkeit 'Feenfeuer (Tiergestalt)' um 20% und verringert die von Euren Gleichgewichtszaubern erzeugte Bedrohung um 30%." lvl="2"/>
      </talent>
      <talent column="1" icon="spell_nature_purge" key="792" name="Rache" tier="3">
        <rank description="Erhöht den Schadensbonus für kritische Treffer Eurer Zauber 'Sternenfeuer', 'Sternenregen', 'Mondfeuer' und 'Zorn' um 20%." lvl="1"/>
        <rank description="Erhöht den Schadensbonus für kritische Treffer Eurer Zauber 'Sternenfeuer', 'Sternenregen', 'Mondfeuer' und 'Zorn' um 40%." lvl="2"/>
        <rank description="Erhöht den Schadensbonus für kritische Treffer Eurer Zauber 'Sternenfeuer', 'Sternenregen', 'Mondfeuer' und 'Zorn' um 60%." lvl="3"/>
        <rank description="Erhöht den Schadensbonus für kritische Treffer Eurer Zauber 'Sternenfeuer', 'Sternenregen', 'Mondfeuer' und 'Zorn' um 80%." lvl="4"/>
        <rank description="Erhöht den Schadensbonus für kritische Treffer Eurer Zauber 'Sternenfeuer', 'Sternenregen', 'Mondfeuer' und 'Zorn' um 100%." lvl="5"/>
      </talent>
      <talent column="2" icon="spell_arcane_starfire" key="784" name="Himmlischer Fokus" tier="3">
        <rank description="Verringert die durch erlittenen Schaden verursachte Verzögerung der Zauberzeit beim Wirken von 'Sternenfeuer', 'Winterschlaf' und 'Hurrikan' um 23% und erhöht Euer gesamtes Zaubertempo um 1%." lvl="1"/>
        <rank description="Verringert die durch erlittenen Schaden verursachte Verzögerung der Zauberzeit beim Wirken von 'Sternenfeuer', 'Winterschlaf' und 'Hurrikan' um 46% und erhöht Euer gesamtes Zaubertempo um 2%." lvl="2"/>
        <rank description="Verringert die durch erlittenen Schaden verursachte Verzögerung der Zauberzeit beim Wirken von 'Sternenfeuer', 'Winterschlaf' und 'Hurrikan' um 70% und erhöht Euer gesamtes Zaubertempo um 3%." lvl="3"/>
      </talent>
      <talent column="0" icon="ability_druid_lunarguidance" key="1782" name="Weisheit des Mondes" tier="4">
        <rank description="Erhöht Eure Zaubermacht um 4% Eurer gesamten Intelligenz." lvl="1"/>
        <rank description="Erhöht Eure Zaubermacht um 8% Eurer gesamten Intelligenz." lvl="2"/>
        <rank description="Erhöht Eure Zaubermacht um 12% Eurer gesamten Intelligenz." lvl="3"/>
      </talent>
      <talent column="1" icon="spell_nature_insectswarm" key="788" name="Insektenschwarm" tier="4">
        <rank description="Das feindliche Ziel wird von Insekten umschwärmt, die dessen Trefferchance um 3% verringern und beim Betroffenen über 12 Sek. 144 Naturschaden verursachen." lvl="1"/>
        <spell castTime="0" maxRange="30">
          <power cost="8" type="mana"/>
        </spell>
      </talent>
      <talent column="2" icon="spell_nature_insectswarm" key="2239" name="Verbesserter Insektenschwarm" requires="788" tier="4">
        <rank description="Erhöht den verursachten Schaden Eures Zaubers 'Zorn' um 1%, wenn das Ziel von Eurem Zauber 'Insektenschwarm' betroffen ist. Erhöht die kritische Trefferchance Eures Zaubers 'Sternenfeuer' um 1%, wenn das Ziel von Eurem Zauber 'Mondfeuer' betroffen ist." lvl="1"/>
        <rank description="Erhöht den verursachten Schaden Eures Zaubers 'Zorn' um 2%, wenn das Ziel von Eurem Zauber 'Insektenschwarm' betroffen ist. Erhöht die kritische Trefferchance Eures Zaubers 'Sternenfeuer' um 2%, wenn das Ziel von Eurem Zauber 'Mondfeuer' betroffen ist." lvl="2"/>
        <rank description="Erhöht den verursachten Schaden Eures Zaubers 'Zorn' um 3%, wenn das Ziel von Eurem Zauber 'Insektenschwarm' betroffen ist. Erhöht die kritische Trefferchance Eures Zaubers 'Sternenfeuer' um 3%, wenn das Ziel von Eurem Zauber 'Mondfeuer' betroffen ist." lvl="3"/>
      </talent>
      <talent column="0" icon="ability_druid_dreamstate" key="1784" name="Traumzustand" tier="5">
        <rank description="Stellt alle 5 Sek. Mana entsprechend 4% Eurer Intelligenz wieder her, sogar beim Wirken von Zaubern." lvl="1"/>
        <rank description="Stellt alle 5 Sek. Mana entsprechend 7% Eurer Intelligenz wieder her, sogar beim Wirken von Zaubern." lvl="2"/>
        <rank description="Stellt alle 5 Sek. Mana entsprechend 10% Eurer Intelligenz wieder her, sogar beim Wirken von Zaubern." lvl="3"/>
      </talent>
      <talent column="1" icon="spell_nature_moonglow" key="790" name="Mondfuror" tier="5">
        <rank description="Erhöht den Schaden Eurer Zauber 'Sternenfeuer', 'Mondfeuer' und 'Zorn' um 3%." lvl="1"/>
        <rank description="Erhöht den Schaden Eurer Zauber 'Sternenfeuer', 'Mondfeuer' und 'Zorn' um 6%." lvl="2"/>
        <rank description="Erhöht den Schaden Eurer Zauber 'Sternenfeuer', 'Mondfeuer' und 'Zorn' um 10%." lvl="3"/>
      </talent>
      <talent column="2" icon="ability_druid_balanceofpower" key="1783" name="Gleichgewicht der Kräfte" tier="5">
        <rank description="Erhöht Eure Zaubertrefferchance um 2% und verringert den erlittenen Zauberschaden um 3%." lvl="1"/>
        <rank description="Erhöht Eure Zaubertrefferchance um 4% und verringert den erlittenen Zauberschaden um 6%." lvl="2"/>
      </talent>
      <talent column="1" icon="spell_nature_forceofnature" key="793" name="Mondkingestalt" tier="6">
        <rank description="Verwandelt Euch in eine Mondkingestalt. In dieser Gestalt wird der Rüstungsbonus durch Gegenstände um 370% erhöht und jeglicher erlittene Schaden, während Ihr von Betäubungseffekten betroffen seid, um 15% verringert. Zusätzlich wird die kritische Zaubertrefferchance aller Gruppen- und Schlachtzugsmitglieder in einem Umkreis von 100 Metern um 5% erhöht. In dieser Gestalt erzielte kritische Zaubertreffer auf ein Einzelziel haben eine Chance, sofort 2% Eures gesamten Manas wiederherzustellen. In Mondkingestalt können keine Heil- oder Wiederbelebungszauber gewirkt werden.&lt;br/&gt;&lt;br/&gt;Der Akt des Gestaltwandelns befreit den Zaubernden von Verwandlungs- und bewegungseinschränkenden Effekten." lvl="1"/>
        <spell castTime="0">
          <power cost="13" type="mana"/>
        </spell>
      </talent>
      <talent column="2" icon="ability_druid_improvedmoonkinform" key="1912" name="Verbesserte Mondkingestalt" requires="793" tier="6">
        <rank description="Eure von 'Aura des Mondkin' beeinflussten Verbündeten gewinnen auch 1% Tempo und Ihr gewinnt 10% Eurer Willenskraft als zusätzlichen Zauberschaden." lvl="1"/>
        <rank description="Eure von 'Aura des Mondkin' beeinflussten Verbündeten gewinnen auch 2% Tempo und Ihr gewinnt 20% Eurer Willenskraft als zusätzlichen Zauberschaden." lvl="2"/>
        <rank description="Eure von 'Aura des Mondkin' beeinflussten Verbündeten gewinnen auch 3% Tempo und Ihr gewinnt 30% Eurer Willenskraft als zusätzlichen Zauberschaden." lvl="3"/>
      </talent>
      <talent column="3" icon="spell_nature_faeriefire" key="1785" name="Verbessertes Feenfeuer" tier="6">
        <rank description="Euer Zauber 'Feenfeuer' erhöht zusätzlich die Chance, dass das Ziel von Zaubern getroffen wird, um 1% und erhöht die kritische Trefferchance Eurer Schadenszauber gegen das von 'Feenfeuer' betroffene Ziel um 1%." lvl="1"/>
        <rank description="Euer Zauber 'Feenfeuer' erhöht zusätzlich die Chance, dass das Ziel von Zaubern getroffen wird, um 2% und erhöht die kritische Trefferchance Eurer Schadenszauber gegen das von 'Feenfeuer' betroffene Ziel um 2%." lvl="2"/>
        <rank description="Euer Zauber 'Feenfeuer' erhöht zusätzlich die Chance, dass das Ziel von Zaubern getroffen wird, um 3% und erhöht die kritische Trefferchance Eurer Schadenszauber gegen das von 'Feenfeuer' betroffene Ziel um 3%." lvl="3"/>
      </talent>
      <talent column="0" icon="ability_druid_owlkinfrenzy" key="1913" name="Eulkinraserei" requires="793" tier="7">
        <rank description="In Mondkingestalt haben gegen Euch geführte Angriffe eine Chance von 5%, Euch in Raserei zu versetzen, wodurch Euer verursachter Schaden um 10% erhöht wird, Ihr beim Wirken von Gleichgewichtszaubern durch erlittenen Schaden keine Verzögerung der Zauberzeit erleidet und alle 2 Sek. 2% Eures Grundmanas wiederhergestellt werden. Hält 10 Sek. lang an." lvl="1"/>
        <rank description="In Mondkingestalt haben gegen Euch geführte Angriffe eine Chance von 10%, Euch in Raserei zu versetzen, wodurch Euer verursachter Schaden um 10% erhöht wird, Ihr beim Wirken von Gleichgewichtszaubern durch erlittenen Schaden keine Verzögerung der Zauberzeit erleidet und alle 2 Sek. 2% Eures Grundmanas wiederhergestellt werden. Hält 10 Sek. lang an." lvl="2"/>
        <rank description="In Mondkingestalt haben gegen Euch geführte Angriffe eine Chance von 15%, Euch in Raserei zu versetzen, wodurch Euer verursachter Schaden um 10% erhöht wird, Ihr beim Wirken von Gleichgewichtszaubern durch erlittenen Schaden keine Verzögerung der Zauberzeit erleidet und alle 2 Sek. 2% Eures Grundmanas wiederhergestellt werden. Hält 10 Sek. lang an." lvl="3"/>
      </talent>
      <talent column="2" icon="ability_druid_twilightswrath" key="1786" name="Zorn des Cenarius" tier="7">
        <rank description="Euer Zauber 'Sternenfeuer' erhält zusätzliche 4% und Euer Zauber 'Zorn' zusätzliche 2% Bonus durch Zauberschaden beeinflussende Effekte." lvl="1"/>
        <rank description="Euer Zauber 'Sternenfeuer' erhält zusätzliche 8% und Euer Zauber 'Zorn' zusätzliche 4% Bonus durch Zauberschaden beeinflussende Effekte." lvl="2"/>
        <rank description="Euer Zauber 'Sternenfeuer' erhält zusätzliche 12% und Euer Zauber 'Zorn' zusätzliche 6% Bonus durch Zauberschaden beeinflussende Effekte." lvl="3"/>
        <rank description="Euer Zauber 'Sternenfeuer' erhält zusätzliche 16% und Euer Zauber 'Zorn' zusätzliche 8% Bonus durch Zauberschaden beeinflussende Effekte." lvl="4"/>
        <rank description="Euer Zauber 'Sternenfeuer' erhält zusätzliche 20% und Euer Zauber 'Zorn' zusätzliche 10% Bonus durch Zauberschaden beeinflussende Effekte." lvl="5"/>
      </talent>
      <talent column="0" icon="ability_druid_eclipse" key="1924" name="Finsternis" tier="8">
        <rank description="Erzielt Ihr mit 'Sternenfeuer' einen kritischen Treffer, habt Ihr eine Chance von 33%, den verursachten Schaden Eures Zaubers 'Zorn' um 40% zu erhöhen. Erzielt Ihr mit 'Zorn' einen kritischen Treffer, habt Ihr eine Chance von 20%, die kritische Trefferchance Eures Zaubers 'Sternenfeuer' um 40% zu erhöhen. Jeder Effekt hält 15 Sek. lang an und hat eine Abklingzeit von 30 Sek. Es kann jeweils nur ein Effekt gleichzeitig auftreten." lvl="1"/>
        <rank description="Erzielt Ihr mit 'Sternenfeuer' einen kritischen Treffer, habt Ihr eine Chance von 66%, den verursachten Schaden Eures Zaubers 'Zorn' um 40% zu erhöhen. Erzielt Ihr mit 'Zorn' einen kritischen Treffer, habt Ihr eine Chance von 40%, die kritische Trefferchance Eures Zaubers 'Sternenfeuer' um 40% zu erhöhen. Jeder Effekt hält 15 Sek. lang an und hat eine Abklingzeit von 30 Sek. Es kann jeweils nur ein Effekt gleichzeitig auftreten." lvl="2"/>
        <rank description="Erzielt Ihr mit 'Sternenfeuer' einen kritischen Treffer, habt Ihr eine Chance von 100%, den verursachten Schaden Eures Zaubers 'Zorn' um 40% zu erhöhen. Erzielt Ihr mit 'Zorn' einen kritischen Treffer, habt Ihr eine Chance von 60%, die kritische Trefferchance Eures Zaubers 'Sternenfeuer' um 40% zu erhöhen. Jeder Effekt hält 15 Sek. lang an und hat eine Abklingzeit von 30 Sek. Es kann jeweils nur ein Effekt gleichzeitig auftreten." lvl="3"/>
      </talent>
      <talent column="1" icon="ability_druid_typhoon" key="1923" name="Taifun" requires="793" tier="8">
        <rank description="Ihr beschwört einen wilden Taifun, der an feindlichen Zielen bei Kontakt 400 Naturschaden verursacht, sie zurückstößt und 6 Sek. lang benommen macht." lvl="1"/>
        <spell castTime="0" cooldown="20000" maxRange="30">
          <power cost="25" type="mana"/>
        </spell>
      </talent>
      <talent column="2" icon="ability_druid_forceofnature" key="1787" name="Naturgewalt" tier="8">
        <rank description="Beschwört 3 Treants, die das Ziel 30 Sek. lang angreifen." lvl="1"/>
        <spell castTime="0" cooldown="180000" maxRange="30">
          <power cost="12" type="mana"/>
        </spell>
      </talent>
      <talent column="3" icon="ability_druid_galewinds" key="1925" name="Windböen" tier="8">
        <rank description="Erhöht den Schaden Eurer Zauber 'Hurrikan' und 'Taifun' um 15% und die Reichweite Eures Zaubers 'Wirbelsturm' um 2 Meter." lvl="1"/>
        <rank description="Erhöht den Schaden Eurer Zauber 'Hurrikan' und 'Taifun' um 30% und die Reichweite Eures Zaubers 'Wirbelsturm' um 4 Meter." lvl="2"/>
      </talent>
      <talent column="1" icon="ability_druid_earthandsky" key="1928" name="Erde und Mond" tier="9">
        <rank description="Eure Zauber 'Zorn' und 'Sternenfeuer' haben eine Chance von 100%, beim Ziel den Effekt 'Erde und Mond' auszulösen. Dadurch wird der erlittene Zauberschaden des Ziels 12 Sek. lang um 4% erhöht. Erhöht auch Euren Zauberschaden um 2%." lvl="1"/>
        <rank description="Eure Zauber 'Zorn' und 'Sternenfeuer' haben eine Chance von 100%, beim Ziel den Effekt 'Erde und Mond' auszulösen. Dadurch wird der erlittene Zauberschaden des Ziels 12 Sek. lang um 9% erhöht. Erhöht auch Euren verursachten Zauberschaden um 4%." lvl="2"/>
        <rank description="Eure Zauber 'Zorn' und 'Sternenfeuer' haben eine Chance von 100%, beim Ziel den Effekt 'Erde und Mond' auszulösen. Dadurch wird der erlittene Zauberschaden des Ziels 12 Sek. lang um 13% erhöht. Erhöht auch Euren verursachten Zauberschaden um 6%." lvl="3"/>
      </talent>
      <talent column="1" icon="ability_druid_starfall" key="1926" name="Sternenregen" tier="10">
        <rank description="Ihr beschwört einen Sternenschauer vom Himmel, der auf alle Ziele innerhalb von 30 Metern um den Zaubernden herniedergeht. Jeder Stern verursacht 145 bis 167 Arkanschaden sowie an Gegnern innerhalb von 5 Metern um das feindliche Ziel zusätzliche 26 Arkanschaden. Es werden maximal 20 Sterne beschworen. Hält 10 Sek. lang an. Gestaltwandel in eine Tiergestalt oder Aufsitzen brechen den Effekt ab. Jedweder Effekt, der Euch die Kontrolle über Euren Charakter verlieren lässt, führt zum Abbruch von 'Sternenregen'." lvl="1"/>
        <spell castTime="0" cooldown="90000">
          <power cost="35" type="mana"/>
        </spell>
      </talent>
    </tree>
    <tree bgImage="DruidFeralCombat" icon="ability_racial_bearform" key="FeralCombat" name="Wilder Kampf" order="1">
      <talent column="1" icon="ability_hunter_pet_hyena" key="796" name="Wildheit" tier="0">
        <rank description="Verringert die Kosten Eurer Fähigkeiten 'Zermalmen', 'Prankenhieb', 'Klaue', 'Krallenhieb' und 'Zerfleischen' um 1 Wut oder Energie." lvl="1"/>
        <rank description="Verringert die Kosten Eurer Fähigkeiten 'Zermalmen', 'Prankenhieb', 'Klaue', 'Krallenhieb' und 'Zerfleischen' um 2 Wut oder Energie." lvl="2"/>
        <rank description="Verringert die Kosten Eurer Fähigkeiten 'Zermalmen', 'Prankenhieb', 'Klaue', 'Krallenhieb' und 'Zerfleischen' um 3 Wut oder Energie." lvl="3"/>
        <rank description="Verringert die Kosten Eurer Fähigkeiten 'Zermalmen', 'Prankenhieb', 'Klaue', 'Krallenhieb' und 'Zerfleischen' um 4 Wut oder Energie." lvl="4"/>
        <rank description="Verringert die Kosten Eurer Fähigkeiten 'Zermalmen', 'Prankenhieb', 'Klaue', 'Krallenhieb' und 'Zerfleischen' um 5 Wut oder Energie." lvl="5"/>
      </talent>
      <talent column="2" icon="ability_druid_demoralizingroar" key="795" name="Wilde Aggression" tier="0">
        <rank description="Erhöht die Angriffskraft-Reduzierung Eures demoralisierenden Gebrülls um 8% und den durch Eure Fähigkeit 'Wilder Biss' verursachten Schaden um 3%." lvl="1"/>
        <rank description="Erhöht die Angriffskraft-Reduzierung Eures demoralisierenden Gebrülls um 16% und den durch Eure Fähigkeit 'Wilder Biss' verursachten Schaden um 6%." lvl="2"/>
        <rank description="Erhöht die Angriffskraft-Reduzierung Eures demoralisierenden Gebrülls um 24% und den durch Eure Fähigkeit 'Wilder Biss' verursachten Schaden um 9%." lvl="3"/>
        <rank description="Erhöht die Angriffskraft-Reduzierung Eures demoralisierenden Gebrülls um 32% und den durch Eure Fähigkeit 'Wilder Biss' verursachten Schaden um 12%." lvl="4"/>
        <rank description="Erhöht die Angriffskraft-Reduzierung Eures demoralisierenden Gebrülls um 40% und den durch Eure Fähigkeit 'Wilder Biss' verursachten Schaden um 15%." lvl="5"/>
      </talent>
      <talent column="0" icon="ability_ambush" key="799" name="Instinkt der Wildnis" tier="1">
        <rank description="Erhöht den von Eurer Fähigkeit 'Prankenhieb' verursachten Schaden um 10% und verringert die Chance, dass Gegner Euch beim Schleichen entdecken." lvl="1"/>
        <rank description="Erhöht den von Eurer Fähigkeit 'Prankenhieb' verursachten Schaden um 20% und verringert die Chance, dass Gegner Euch beim Schleichen entdecken." lvl="2"/>
        <rank description="Erhöht den von Eurer Fähigkeit 'Prankenhieb' verursachten Schaden um 30% und verringert die Chance, dass Gegner Euch beim Schleichen entdecken." lvl="3"/>
      </talent>
      <talent column="1" icon="ability_druid_ravage" key="805" name="Ungezähmte Wut" tier="1">
        <rank description="Erhöht den durch Eure Fähigkeiten 'Klaue', 'Krallenhieb', 'Zerfleischen (Katze)', 'Zerfleischen (Bär)' und 'Zermalmen' verursachten Schaden um 10%." lvl="1"/>
        <rank description="Erhöht den durch Eure Fähigkeiten 'Klaue', 'Krallenhieb', 'Zerfleischen (Katze)', 'Zerfleischen (Bär)' und 'Zermalmen' verursachten Schaden um 20%." lvl="2"/>
      </talent>
      <talent column="2" icon="inv_misc_pelt_bear_03" key="794" name="Dickes Fell" tier="1">
        <rank description="Erhöht Euren durch Gegenstände aus Stoff und Leder erzielten Rüstungswert um 4%." lvl="1"/>
        <rank description="Erhöht Euren durch Gegenstände aus Stoff und Leder erzielten Rüstungswert um 7%." lvl="2"/>
        <rank description="Erhöht Euren durch Gegenstände aus Stoff und Leder erzielten Rüstungswert um 10%." lvl="3"/>
      </talent>
      <talent column="0" icon="spell_nature_spiritwolf" key="807" name="Schnelligkeit der Wildnis" tier="2">
        <rank description="Erhöht Euer Bewegungstempo in Katzengestalt um 15% und Eure Ausweichchance um 2%, während Ihr in Katzen-, Bären- und Terrorbärengestalt seid." lvl="1"/>
        <rank description="Erhöht Euer Bewegungstempo in Katzengestalt um 30% und Eure Ausweichchance um 4%, während Ihr in Katzen-, Bären- und Terrorbärengestalt seid." lvl="2"/>
      </talent>
      <talent column="1" icon="ability_druid_tigersroar" key="1162" name="Überlebensinstinkte" tier="2">
        <rank description="Wenn aktiv, gewährt Euch diese Fähigkeit in Bären-, Terrorbären- oder Katzengestalt 20 Sek. lang 30% Eurer gesamten Gesundheit. Wenn der Effekt endet, geht die zusätzliche Gesundheit verloren." lvl="1"/>
      </talent>
      <talent column="2" icon="inv_misc_monsterclaw_04" key="798" name="Geschärfte Klauen" tier="2">
        <rank description="Erhöht Eure Chance auf einen kritischen Treffer, während Ihr in Bären-, Terrorbären- oder Katzengestalt seid, um 2%." lvl="1"/>
        <rank description="Erhöht Eure Chance auf einen kritischen Treffer, während Ihr in Bären-, Terrorbären- oder Katzengestalt seid, um 4%." lvl="2"/>
        <rank description="Erhöht Eure Chance auf einen kritischen Treffer, während Ihr in Bären-, Terrorbären- oder Katzengestalt seid, um 6%." lvl="3"/>
      </talent>
      <talent column="0" icon="spell_shadow_vampiricaura" key="802" name="Schreddernde Angriffe" tier="3">
        <rank description="Verringert die Energiekosten Eurer Fähigkeit 'Schreddern' um 9 und die Wutkosten Eurer Fähigkeit 'Aufschlitzen' um 1." lvl="1"/>
        <rank description="Verringert die Energiekosten Eurer Fähigkeit 'Schreddern' um 18 und die Wutkosten Eurer Fähigkeit 'Aufschlitzen' um 2." lvl="2"/>
      </talent>
      <talent column="1" icon="ability_hunter_pet_cat" key="803" name="Raubtierschläge" tier="3">
        <rank description="Erhöht Eure Nahkampfangriffskraft in Katzen-, Bären- und Terrorbärengestalt um 50% Eurer aktuellen Stufe sowie um 7% der Angriffskraft Eurer ausgerüsteten Waffe. Zudem haben Eure Finishing-Moves eine Chance von 7% pro Combopunkt, Euren nächsten Naturzauber mit einer Zauberzeit von unter 10 Sek. zu einem Spontanzauber werden zu lassen." lvl="1"/>
        <rank description="Erhöht Eure Nahkampfangriffskraft in Katzen-, Bären- und Terrorbärengestalt um 100% Eurer aktuellen Stufe sowie um 14% der Angriffskraft Eurer ausgerüsteten Waffe. Zudem haben Eure Finishing-Moves eine Chance von 13% pro Combopunkt, Euren nächsten Naturzauber mit einer Zauberzeit von unter 10 Sek. zu einem Spontanzauber werden zu lassen." lvl="2"/>
        <rank description="Erhöht Eure Nahkampfangriffskraft in Katzen-, Bären- und Terrorbärengestalt um 150% Eurer aktuellen Stufe sowie um 20% der Angriffskraft Eurer ausgerüsteten Waffe. Zudem haben Eure Finishing-Moves eine Chance von 20% pro Combopunkt, Euren nächsten Naturzauber mit einer Zauberzeit von unter 10 Sek. zu einem Spontanzauber werden zu lassen." lvl="3"/>
      </talent>
      <talent column="2" icon="ability_racial_cannibalize" key="801" name="Urfuror" requires="798" tier="3">
        <rank description="Verleiht Euch eine Chance von 50%, zusätzliche 5 Wut zu gewinnen, wenn Ihr in Bären- oder Terrorbärengestalt einen kritischen Treffer erzielt. Gewährt Euren kritischen Treffern aus Fähigkeiten, die Combopunkte erzeugen, eine Chance von 50%, dem Ziel einen zusätzlichen Combopunkt hinzuzufügen, wenn Ihr Euch in Katzengestalt befindet." lvl="1"/>
        <rank description="Verleiht Euch eine Chance von 100%, zusätzliche 5 Wut zu gewinnen, wenn Ihr in Bären- oder Terrorbärengestalt einen kritischen Treffer erzielt. Gewährt Euren kritischen Treffern aus Fähigkeiten, die Combopunkte erzeugen, eine Chance von 100%, dem Ziel einen zusätzlichen Combopunkt hinzuzufügen, wenn Ihr Euch in Katzengestalt befindet." lvl="2"/>
      </talent>
      <talent column="3" icon="ability_druid_primalprecision" key="1914" name="Wilde Präzision" requires="798" tier="3">
        <rank description="Erhöht Eure Waffenkunde um 5 und 40% der Energiekosten eines Finishing-Moves werden Euch zurückerstattet, wenn der Move verfehlt." lvl="1"/>
        <rank description="Erhöht Eure Waffenkunde um 10 und 80% der Energiekosten eines Finishing-Moves werden Euch zurückerstattet, wenn der Move verfehlt." lvl="2"/>
      </talent>
      <talent column="0" icon="ability_druid_bash" key="797" name="Brutaler Hieb" tier="4">
        <rank description="Erhöht die Betäubungsdauer Eurer Fähigkeiten 'Hieb' und 'Anspringen' um 0.5 Sek. und verringert die Abklingzeit von 'Hieb' um 15 Sek." lvl="1"/>
        <rank description="Erhöht die Betäubungsdauer Eurer Fähigkeiten 'Hieb' und 'Anspringen' um 1 Sek. und verringert die Abklingzeit von 'Hieb' um 30 Sek." lvl="2"/>
      </talent>
      <talent column="2" icon="ability_hunter_pet_bear" key="804" name="Wilde Attacke" tier="4">
        <rank description="Lehrt 'Wilde Attacke (Bär)' und 'Wilde Attacke (Katze)'.&lt;br/&gt;&lt;br/&gt;Wilde Attacke (Bär) - Stürmt auf einen Gegner zu, macht ihn unbeweglich und unterbricht gewirkte Zauber. Hält 4 Sek. lang an. Die Fähigkeit kann in Bären- und Terrorbärengestalt genutzt werden. 15 Sekunden Abklingzeit.&lt;br/&gt;&lt;br/&gt;Wilde Attacke (Katze) - Springt hinter einen Gegner und macht ihn 3 Sek. lang benommen. 30 Sekunden Abklingzeit." lvl="1"/>
      </talent>
      <talent column="3" icon="ability_druid_healinginstincts" key="1792" name="Beschützerinstinkt" tier="4">
        <rank description="Erhöht Eure Heilzauber um bis zu 35% Eurer Beweglichkeit und Eure in Katzengestalt erhaltene Heilung um 10%." lvl="1"/>
        <rank description="Erhöht Eure Heilzauber um bis zu 70% Eurer Beweglichkeit und Eure in Katzengestalt erhaltene Heilung um 20%." lvl="2"/>
      </talent>
      <talent column="0" icon="ability_bullrush" key="2242" name="Natürliche Reaktion" tier="5">
        <rank description="Erhöht Eure Ausweichchance in Bärengestalt oder Terrorbärengestalt um 2%. Zusätzlich gewinnt Ihr bei jedem Ausweichen in Bärengestalt oder Terrorbärengestalt 1 Wut." lvl="1"/>
        <rank description="Erhöht Eure Ausweichchance in Bärengestalt oder Terrorbärengestalt um 4%. Zusätzlich gewinnt Ihr bei jedem Ausweichen in Bärengestalt oder Terrorbärengestalt 2 Wut." lvl="2"/>
        <rank description="Erhöht Eure Ausweichchance in Bärengestalt oder Terrorbärengestalt um 6%. Zusätzlich gewinnt Ihr bei jedem Ausweichen in Bärengestalt oder Terrorbärengestalt 3 Wut." lvl="3"/>
      </talent>
      <talent column="1" icon="spell_holy_blessingofagility" key="808" name="Herz der Wildnis" requires="803" tier="5">
        <rank description="Erhöht Eure Intelligenz um 4%. Zusätzlich wird in Bären- oder Terrorbärengestalt Eure Ausdauer um 2% erhöht, in Katzengestalt Eure Angriffskraft um 2%." lvl="1"/>
        <rank description="Erhöht Eure Intelligenz um 8%. Zusätzlich wird in Bären- oder Terrorbärengestalt Eure Ausdauer um 4% erhöht, in Katzengestalt Eure Angriffskraft um 4%." lvl="2"/>
        <rank description="Erhöht Eure Intelligenz um 12%. Zusätzlich wird in Bären- oder Terrorbärengestalt Eure Ausdauer um 6% erhöht, in Katzengestalt Eure Angriffskraft um 6%." lvl="3"/>
        <rank description="Erhöht Eure Intelligenz um 16%. Zusätzlich wird in Bären- oder Terrorbärengestalt Eure Ausdauer um 8% erhöht, in Katzengestalt Eure Angriffskraft um 8%." lvl="4"/>
        <rank description="Erhöht Eure Intelligenz um 20%. Zusätzlich wird in Bären- oder Terrorbärengestalt Eure Ausdauer um 10% erhöht, in Katzengestalt Eure Angriffskraft um 10%." lvl="5"/>
      </talent>
      <talent column="2" icon="ability_druid_enrage" key="1794" name="Überleben der Stärksten" tier="5">
        <rank description="Erhöht alle Attribute um 2%, verringert die Chance, dass Ihr von Nahkampfangriffen kritisch getroffen werdet, um 2% und erhöht Euren durch Gegenstände aus Stoff und Leder erzielten Rüstungswert in der Bären- und Terrorbärengestalt um 11%." lvl="1"/>
        <rank description="Erhöht alle Attribute um 4%, verringert die Chance, dass Ihr von Nahkampfangriffen kritisch getroffen werdet, um 4% und erhöht Euren durch Gegenstände aus Stoff und Leder erzielten Rüstungswert in der Bären- und Terrorbärengestalt um 22%." lvl="2"/>
        <rank description="Erhöht alle Attribute um 6%, verringert die Chance, dass Ihr von Nahkampfangriffen kritisch getroffen werdet, um 6% und erhöht Euren durch Gegenstände aus Stoff und Leder erzielten Rüstungswert in der Bären- und Terrorbärengestalt um 33%." lvl="3"/>
      </talent>
      <talent column="1" icon="spell_nature_unyeildingstamina" key="809" name="Rudelführer" tier="6">
        <rank description="Befindet Ihr Euch in Bären-, Terrorbären- oder Katzengestalt, erhöht das Talent 'Rudelführer' die kritische Distanz- und Nahkampftrefferchance aller Gruppen- und Schlachtzugsmitglieder in einem Umkreis von 100 Metern um 5%." lvl="1"/>
      </talent>
      <talent column="2" icon="spell_nature_unyeildingstamina" key="1798" name="Verbesserter Rudelführer" requires="809" tier="6">
        <rank description="Durch Eure Fähigkeit 'Rudelführer' heilen sich betroffene Ziele um 2% ihrer gesamten Gesundheit, wenn sie mit einem Nahkampf- oder Distanzangriff kritisch treffen. Dieser Heileffekt kann innerhalb von 6 Sek. nur einmal auftreten. Zusätzlich gewinnt Ihr 4% Eures gesamten Manas, wenn Ihr selbst von dieser Heilung profitiert." lvl="1"/>
        <rank description="Durch Eure Fähigkeit 'Rudelführer' heilen sich betroffene Ziele um 4% ihrer gesamten Gesundheit, wenn sie mit einem Nahkampf- oder Distanzangriff kritisch treffen. Dieser Heileffekt kann innerhalb von 6 Sek. nur einmal auftreten. Zusätzlich gewinnt Ihr 8% Eures gesamten Manas, wenn Ihr selbst von dieser Heilung profitiert." lvl="2"/>
      </talent>
      <talent column="3" icon="ability_druid_primaltenacity" key="1793" name="Wilde Zähigkeit" tier="6">
        <rank description="Verringert die Wirkungsdauer von Furchteffekten um 10% und verringert in Katzengestalt jeglichen erlittenen Schaden, während Ihr von Betäubungseffekten betroffen seid, um 10%." lvl="1"/>
        <rank description="Verringert die Wirkungsdauer von Furchteffekten um 20% und verringert in Katzengestalt jeglichen erlittenen Schaden, während Ihr von Betäubungseffekten betroffen seid, um 20%." lvl="2"/>
        <rank description="Verringert die Wirkungsdauer von Furchteffekten um 30% und verringert in Katzengestalt jeglichen erlittenen Schaden, während Ihr von Betäubungseffekten betroffen seid, um 30%." lvl="3"/>
      </talent>
      <talent column="0" icon="ability_druid_challangingroar" key="2241" name="Alphatier" requires="809" tier="7">
        <rank description="Erhöht in Bären- oder Terrorbärengestalt Eure Angriffskraft um 2% und verringert Euren erlittenen Schaden um 4%." lvl="1"/>
        <rank description="Erhöht in Bären- oder Terrorbärengestalt Eure Angriffskraft um 4% und verringert Euren erlittenen Schaden um 8%." lvl="2"/>
        <rank description="Erhöht in Bären- oder Terrorbärengestalt Eure Angriffskraft um 6% und verringert Euren erlittenen Schaden um 12%." lvl="3"/>
      </talent>
      <talent column="2" icon="ability_druid_predatoryinstincts" key="1795" name="Instinkt des Raubtiers" tier="7">
        <rank description="In Katzengestalt wird der Schaden Eurer kritischen Nahkampftreffer um 3% erhöht und der erlittene Schaden durch Effekte, die auf ein Gebiet wirken, um 10% verringert." lvl="1"/>
        <rank description="In Katzengestalt wird der Schaden Eurer kritischen Nahkampftreffer um 7% erhöht und der erlittene Schaden durch Effekte, die auf ein Gebiet wirken, um 20% verringert." lvl="2"/>
        <rank description="In Katzengestalt wird der Schaden Eurer kritischen Nahkampftreffer um 10% erhöht und der erlittene Schaden durch Effekte, die auf ein Gebiet wirken, um 30% verringert." lvl="3"/>
      </talent>
      <talent column="3" icon="ability_druid_infectedwound" key="1919" name="Infizierte Wunden" tier="7">
        <rank description="Eure Angriffe 'Schreddern', 'Zermalmen' und 'Zerfleischen' schlagen dem Ziel eine infizierte Wunde. Die infizierte Wunde verringert das Bewegungstempo des Ziels um 16% und sein Angriffstempo um 6%. Hält 12 Sek. lang an." lvl="1"/>
        <rank description="Eure Angriffe 'Schreddern', 'Zermalmen' und 'Zerfleischen' schlagen dem Ziel eine infizierte Wunde. Die infizierte Wunde verringert das Bewegungstempo des Ziels um 34% und sein Angriffstempo um 14%. Hält 12 Sek. lang an." lvl="2"/>
        <rank description="Eure Angriffe 'Schreddern', 'Zermalmen' und 'Zerfleischen' schlagen dem Ziel eine infizierte Wunde. Die infizierte Wunde verringert das Bewegungstempo des Ziels um 50% und sein Angriffstempo um 20%. Hält 12 Sek. lang an." lvl="3"/>
      </talent>
      <talent column="0" icon="ability_druid_kingofthejungle" key="1921" name="König des Dschungels" tier="8">
        <rank description="Für die Dauer Eurer Fähigkeit 'Wutanfall' wird Euer verursachter Schaden in Bären- oder Terrorbärengestalt um 5% erhöht und Eure Fähigkeit 'Tigerfuror' stellt sofort 20 Energie wieder her. Zudem werden die Manakosten der Bären- Katzen- und Terrorbärengestalt um 20% verringert." lvl="1"/>
        <rank description="Für die Dauer Eurer Fähigkeit 'Wutanfall' wird Euer verursachter Schaden in Bären- oder Terrorbärengestalt um 10% erhöht und Eure Fähigkeit 'Tigerfuror' stellt sofort 40 Energie wieder her. Zudem werden die Manakosten der Bären- Katzen- und Terrorbärengestalt um 40% verringert." lvl="2"/>
        <rank description="Für die Dauer Eurer Fähigkeit 'Wutanfall' wird Euer verursachter Schaden in Bären- oder Terrorbärengestalt um 15% erhöht und Eure Fähigkeit 'Tigerfuror' stellt sofort 60 Energie wieder her. Zudem werden die Manakosten der Bären- Katzen- und Terrorbärengestalt um 60% verringert." lvl="3"/>
      </talent>
      <talent column="1" icon="ability_druid_mangle2" key="1796" name="Zerfleischen" requires="809" tier="8">
        <rank description="Zerfleischt das Ziel, verursacht Schaden und lässt es 1 Min. lang zusätzlichen Schaden durch Blutungseffekte erleiden. Diese Fähigkeit kann in Katzen- und Terrorbärengestalt angewendet werden." lvl="1"/>
      </talent>
      <talent column="2" icon="ability_druid_mangle2" key="1920" name="Verbessertes Zerfleischen" requires="1796" tier="8">
        <rank description="Verringert die Abklingzeit Eurer Fähigkeit 'Zerfleischen' (Bärengestalt) um 0.5 Sek. und verringert die Energiekosten Eurer Fähigkeit 'Zerfleischen' (Katzengestalt) um 2." lvl="1"/>
        <rank description="Verringert die Abklingzeit Eurer Fähigkeit 'Zerfleischen' (Bärengestalt) um 1.0 Sek. und verringert die Energiekosten Eurer Fähigkeit 'Zerfleischen' (Katzengestalt) um 4." lvl="2"/>
        <rank description="Verringert die Abklingzeit Eurer Fähigkeit 'Zerfleischen' (Bärengestalt) um 1.5 Sek. und verringert die Energiekosten Eurer Fähigkeit 'Zerfleischen' (Katzengestalt) um 6." lvl="3"/>
      </talent>
      <talent column="1" icon="ability_druid_primalagression" key="1918" name="Beißen und Reißen" tier="9">
        <rank description="Erhöht den von Euren Fähigkeiten 'Zermalmen' und 'Schreddern' an blutenden Zielen verursachten Schaden um 4% und erhöht die kritische Trefferchance Eurer Fähigkeit 'Wilder Biss' auf blutenden Zielen um 5%." lvl="1"/>
        <rank description="Erhöht den von Euren Fähigkeiten 'Zermalmen' und 'Schreddern' an blutenden Zielen verursachten Schaden um 8% und erhöht die kritische Trefferchance Eurer Fähigkeit 'Wilder Biss' auf blutenden Zielen um 10%." lvl="2"/>
        <rank description="Erhöht den von Euren Fähigkeiten 'Zermalmen' und 'Schreddern' an blutenden Zielen verursachten Schaden um 12% und erhöht die kritische Trefferchance Eurer Fähigkeit 'Wilder Biss' auf blutenden Zielen um 15%." lvl="3"/>
        <rank description="Erhöht den von Euren Fähigkeiten 'Zermalmen' und 'Schreddern' an blutenden Zielen verursachten Schaden um 16% und erhöht die kritische Trefferchance Eurer Fähigkeit 'Wilder Biss' auf blutenden Zielen um 20%." lvl="4"/>
        <rank description="Erhöht den von Euren Fähigkeiten 'Zermalmen' und 'Schreddern' an blutenden Zielen verursachten Schaden um 20% und erhöht die kritische Trefferchance Eurer Fähigkeit 'Wilder Biss' auf blutenden Zielen um 25%." lvl="5"/>
      </talent>
      <talent column="2" icon="ability_druid_rake" key="2266" name="Urtümliches Blutvergießen" requires="1918" tier="9">
        <rank description="Gewährt dem regelmäßigen Schaden Eurer Fähigkeiten 'Aufschlitzen' und 'Zerfetzen' die Fähigkeit, kritisch zu treffen." lvl="1"/>
      </talent>
      <talent column="1" icon="ability_druid_berserk" key="1927" name="Berserker" tier="10">
        <rank description="Wenn aktiviert, gewährt Euch diese Fähigkeit, dass 'Zerfleischen (Bär)' bis zu 3 Ziele trifft und keiner Abklingzeit unterliegt. In Katzengestalt werden die Energiekosten aller Eurer Fähigkeiten um 50% verringert. Hält 15 Sek. lang an. Während 'Berserker' aktiv ist, kann 'Tigerfuror' nicht genutzt werden.&lt;br/&gt;&lt;br/&gt;'Berserker' entfernt sofort Furchteffekte und macht Euch während seiner Dauer gegen sie immun." lvl="1"/>
        <spell castTime="0" cooldown="180000"/>
      </talent>
    </tree>
    <tree bgImage="DruidRestoration" icon="spell_nature_healingtouch" key="Restoration" name="Wiederherst." order="2">
      <talent column="0" icon="spell_nature_regeneration" key="821" name="Verbessertes Mal der Wildnis" tier="0">
        <rank description="Erhöht die Effekte Eurer Zauber 'Mal der Wildnis' und 'Gabe der Wildnis' um 20% und erhöht Eure gesamten Attribute um 1%." lvl="1"/>
        <rank description="Erhöht die Effekte Eurer Zauber 'Mal der Wildnis' und 'Gabe der Wildnis' um 40% und erhöht Eure gesamten Attribute um 2%." lvl="2"/>
      </talent>
      <talent column="1" icon="spell_nature_healingwavegreater" key="823" name="Naturfokus" tier="0">
        <rank description="Verringert die Dauer der durch erlittenen Schaden verursachten Zauberzeiterhöhung beim Wirken von 'Heilende Berührung', 'Zorn', 'Wucherwurzeln', 'Wirbelsturm', 'Pflege', 'Nachwachsen' und 'Gelassenheit' um 23%." lvl="1"/>
        <rank description="Verringert die Dauer der durch erlittenen Schaden verursachten Zauberzeiterhöhung beim Wirken von 'Heilende Berührung', 'Zorn', 'Wucherwurzeln', 'Wirbelsturm', 'Pflege', 'Nachwachsen' und 'Gelassenheit' um 46%." lvl="2"/>
        <rank description="Verringert die Dauer der durch erlittenen Schaden verursachten Zauberzeiterhöhung beim Wirken von 'Heilende Berührung', 'Zorn', 'Wucherwurzeln', 'Wirbelsturm', 'Pflege', 'Nachwachsen' und 'Gelassenheit' um 70%." lvl="3"/>
      </talent>
      <talent column="2" icon="spell_holy_blessingofstamina" key="822" name="Ingrimm" tier="0">
        <rank description="Gewährt Euch eine Chance von 20%, 10 Wut zu gewinnen, wenn Ihr Bären- oder Terrorbärengestalt annehmt. Ihr behaltet bis zu 20 Eurer Energie, wenn Ihr Katzengestalt annehmt. Erhöht Eure gesamte Intelligenz in Mondkingestalt um 2%." lvl="1"/>
        <rank description="Gewährt Euch eine Chance von 40%, 10 Wut zu gewinnen, wenn Ihr Bären- oder Terrorbärengestalt annehmt. Ihr behaltet bis zu 40 Eurer Energie, wenn Ihr Katzengestalt annehmt. Erhöht Eure gesamte Intelligenz in Mondkingestalt um 4%." lvl="2"/>
        <rank description="Gewährt Euch eine Chance von 60%, 10 Wut zu gewinnen, wenn Ihr Bären- oder Terrorbärengestalt annehmt. Ihr behaltet bis zu 60 Eurer Energie, wenn Ihr Katzengestalt annehmt. Erhöht Eure gesamte Intelligenz in Mondkingestalt um 6%." lvl="3"/>
        <rank description="Gewährt Euch eine Chance von 80%, 10 Wut zu gewinnen, wenn Ihr Bären- oder Terrorbärengestalt annehmt. Ihr behaltet bis zu 80 Eurer Energie, wenn Ihr Katzengestalt annehmt. Erhöht Eure gesamte Intelligenz in Mondkingestalt um 8%." lvl="4"/>
        <rank description="Gewährt Euch eine Chance von 100%, 10 Wut zu gewinnen, wenn Ihr Bären- oder Terrorbärengestalt annehmt. Ihr behaltet bis zu 100 Eurer Energie, wenn Ihr Katzengestalt annehmt. Erhöht Eure gesamte Intelligenz in Mondkingestalt um 10%." lvl="5"/>
      </talent>
      <talent column="0" icon="spell_nature_healingtouch" key="824" name="Naturalist" tier="1">
        <rank description="Verringert die Zauberzeit Eures Zaubers 'Heilende Berührung' um 0.1 Sek. und erhöht den verursachten Schaden Eurer körperlichen Angriffe in allen Gestalten um 2%." lvl="1"/>
        <rank description="Verringert die Zauberzeit Eures Zaubers 'Heilende Berührung' um 0.2 Sek. und erhöht den verursachten Schaden Eurer körperlichen Angriffe in allen Gestalten um 4%." lvl="2"/>
        <rank description="Verringert die Zauberzeit Eures Zaubers 'Heilende Berührung' um 0.3 Sek. und erhöht den verursachten Schaden Eurer körperlichen Angriffe in allen Gestalten um 6%." lvl="3"/>
        <rank description="Verringert die Zauberzeit Eures Zaubers 'Heilende Berührung' um 0.4 Sek. und erhöht den verursachten Schaden Eurer körperlichen Angriffe in allen Gestalten um 8%." lvl="4"/>
        <rank description="Verringert die Zauberzeit Eures Zaubers 'Heilende Berührung' um 0.5 Sek. und erhöht den verursachten Schaden Eurer körperlichen Angriffe in allen Gestalten um 10%." lvl="5"/>
      </talent>
      <talent column="1" icon="ability_eyeoftheowl" key="841" name="Feingefühl" tier="1">
        <rank description="Verringert die von Euren Wiederherstellungszaubern verursachte Bedrohung um 10% und verringert die Chance, dass sowohl Eure hilfreichen Zauber als auch 'Mondfeuer' und 'Insektenschwarm' gebannt werden, um 10%." lvl="1"/>
        <rank description="Verringert die von Euren Wiederherstellungszaubern verursachte Bedrohung um 20% und verringert die Chance, dass sowohl Eure hilfreichen Zauber als auch 'Mondfeuer' und 'Insektenschwarm' gebannt werden, um 20%." lvl="2"/>
        <rank description="Verringert die von Euren Wiederherstellungszaubern verursachte Bedrohung um 30% und verringert die Chance, dass sowohl Eure hilfreichen Zauber als auch 'Mondfeuer' und 'Insektenschwarm' gebannt werden, um 30%." lvl="3"/>
      </talent>
      <talent column="2" icon="spell_nature_wispsplode" key="826" name="Schnellwandlung" tier="1">
        <rank description="Verringert die Manakosten aller Gestaltwandelzauber um 10%." lvl="1"/>
        <rank description="Verringert die Manakosten aller Gestaltwandelzauber um 20%." lvl="2"/>
        <rank description="Verringert die Manakosten aller Gestaltwandelzauber um 30%." lvl="3"/>
      </talent>
      <talent column="0" icon="spell_frost_windwalkon" key="829" name="Intensität" tier="2">
        <rank description="Gewährt Euch 17% Eurer Manaregeneration während des Zauberwirkens. Eure Fähigkeit 'Wutanfall' erzeugt sofort 4 Wut." lvl="1"/>
        <rank description="Gewährt Euch 33% Eurer Manaregeneration während des Zauberwirkens. Eure Fähigkeit 'Wutanfall' erzeugt sofort 7 Wut." lvl="2"/>
        <rank description="Gewährt Euch 50% Eurer Manaregeneration während des Zauberwirkens. Eure Fähigkeit 'Wutanfall' erzeugt sofort 10 Wut." lvl="3"/>
      </talent>
      <talent column="1" icon="spell_nature_crystalball" key="827" name="Omen der Klarsicht" tier="2">
        <rank description="Jeder automatische Angriff, jeder Schadens- und Heilzauber des Druiden hat die Chance, ihn in einen Freizauberzustand zu versetzen. Der Freizauberzustand verringert die Manakosten, Wutkosten oder Energiekosten Eures nächsten Schadens- oder Heilzaubers oder Eurer nächsten Offensivfähigkeit um 100%." lvl="1"/>
      </talent>
      <talent column="2" icon="ability_druid_mastershapeshifter" key="1915" name="Meisterlicher Gestaltwandler" requires="826" tier="2">
        <rank description="Verleiht einen Effekt, der so lang aktiv ist, wie sich der Druide in der jeweiligen gestaltveränderten Form befindet.&lt;br/&gt;&lt;br/&gt;Bärengestalt - Erhöht körperlichen Schaden um 2%.&lt;br/&gt;&lt;br/&gt;Katzengestalt - Erhöht kritische Trefferchance um 2%.&lt;br/&gt;&lt;br/&gt;Mondkingestalt - Erhöht Zauberschaden um 2%.&lt;br/&gt;&lt;br/&gt;Baumgestalt - Erhöht Heilung um 2%." lvl="1"/>
        <rank description="Verleiht einen Effekt, der so lang aktiv ist, wie sich der Druide in der jeweiligen gestaltveränderten Form befindet.&lt;br/&gt;&lt;br/&gt;Bärengestalt - Erhöht körperlichen Schaden um 4%.&lt;br/&gt;&lt;br/&gt;Katzengestalt - Erhöht kritische Trefferchance um 4%.&lt;br/&gt;&lt;br/&gt;Mondkingestalt - Erhöht Zauberschaden um 4%.&lt;br/&gt;&lt;br/&gt;Baumgestalt - Erhöht Heilung um 4%." lvl="2"/>
      </talent>
      <talent column="1" icon="spell_holy_elunesgrace" key="843" name="Gelassener Geist" tier="3">
        <rank description="Verringert die Manakosten Eurer Zauber 'Heilende Berührung', 'Pflege' und 'Gelassenheit' um 2%." lvl="1"/>
        <rank description="Verringert die Manakosten Eurer Zauber 'Heilende Berührung', 'Pflege' und 'Gelassenheit' um 4%." lvl="2"/>
        <rank description="Verringert die Manakosten Eurer Zauber 'Heilende Berührung', 'Pflege' und 'Gelassenheit' um 6%." lvl="3"/>
        <rank description="Verringert die Manakosten Eurer Zauber 'Heilende Berührung', 'Pflege' und 'Gelassenheit' um 8%." lvl="4"/>
        <rank description="Verringert die Manakosten Eurer Zauber 'Heilende Berührung', 'Pflege' und 'Gelassenheit' um 10%." lvl="5"/>
      </talent>
      <talent column="2" icon="spell_nature_rejuvenation" key="830" name="Verbesserte Verjüngung" tier="3">
        <rank description="Erhöht den Effekt Eures Zaubers 'Verjüngung' um 5%." lvl="1"/>
        <rank description="Erhöht den Effekt Eures Zaubers 'Verjüngung' um 10%." lvl="2"/>
        <rank description="Erhöht den Effekt Eures Zaubers 'Verjüngung' um 15%." lvl="3"/>
      </talent>
      <talent column="0" icon="spell_nature_ravenform" key="831" name="Schnelligkeit der Natur" requires="829" tier="4">
        <rank description="Bei Aktivierung wird Euer nächster Naturzauber mit einer Basiszauberzeit von weniger als 10 Sek. zu einem Spontanzauber." lvl="1"/>
        <spell castTime="0" cooldown="180000"/>
      </talent>
      <talent column="1" icon="spell_nature_protectionformnature" key="828" name="Geschenk der Natur" tier="4">
        <rank description="Erhöht die Wirkung aller Heilzauber um 2%." lvl="1"/>
        <rank description="Erhöht die Wirkung aller Heilzauber um 4%." lvl="2"/>
        <rank description="Erhöht die Wirkung aller Heilzauber um 6%." lvl="3"/>
        <rank description="Erhöht die Wirkung aller Heilzauber um 8%." lvl="4"/>
        <rank description="Erhöht die Wirkung aller Heilzauber um 10%." lvl="5"/>
      </talent>
      <talent column="3" icon="spell_nature_tranquility" key="842" name="Verbesserte Gelassenheit" tier="4">
        <rank description="Verringert die von Eurem Zauber 'Gelassenheit' verursachte Bedrohung um 50% und verringert die Abklingzeit um 30%." lvl="1"/>
        <rank description="Verringert die von Eurem Zauber 'Gelassenheit' verursachte Bedrohung um 100% und verringert die Abklingzeit um 60%." lvl="2"/>
      </talent>
      <talent column="0" icon="ability_druid_empoweredtouch" key="1788" name="Machtvolle Berührung" tier="5">
        <rank description="Euer Zauber 'Heilende Berührung' erhält einen um 20% erhöhten Bonus durch Heilung beeinflussende Effekte, der Bonus von 'Pflege' wird um 10% erhöht." lvl="1"/>
        <rank description="Euer Zauber 'Heilende Berührung' erhält einen um 40% erhöhten Bonus durch Heilung beeinflussende Effekte, der Bonus von 'Pflege' wird um 20% erhöht." lvl="2"/>
      </talent>
      <talent column="2" icon="spell_nature_resistnature" key="825" name="Überfluss der Natur" requires="830" tier="5">
        <rank description="Erhöht die Chance auf einen kritischen Effekt Eurer Zauber 'Nachwachsen' und 'Pflege' um 5%." lvl="1"/>
        <rank description="Erhöht die Chance auf einen kritischen Effekt Eurer Zauber 'Nachwachsen' und 'Pflege' um 10%." lvl="2"/>
        <rank description="Erhöht die Chance auf einen kritischen Effekt Eurer Zauber 'Nachwachsen' und 'Pflege' um 15%." lvl="3"/>
        <rank description="Erhöht die Chance auf einen kritischen Effekt Eurer Zauber 'Nachwachsen' und 'Pflege' um 20%." lvl="4"/>
        <rank description="Erhöht die Chance auf einen kritischen Effekt Eurer Zauber 'Nachwachsen' und 'Pflege' um 25%." lvl="5"/>
      </talent>
      <talent column="0" icon="spell_nature_giftofthewaterspirit" key="1797" name="Geist des Lebens" tier="6">
        <rank description="Erhöht Eure gesamte Willenskraft um 5%." lvl="1"/>
        <rank description="Erhöht Eure gesamte Willenskraft um 10%." lvl="2"/>
        <rank description="Erhöht Eure gesamte Willenskraft um 15%." lvl="3"/>
      </talent>
      <talent column="1" icon="inv_relics_idolofrejuvenation" key="844" name="Rasche Heilung" requires="828" tier="6">
        <rank description="Verbraucht bei einem befreundeten Ziel einen Effekt von 'Verjüngung' oder 'Nachwachsen', und heilt dieses Ziel sofort um einen Betrag, der 12 Sek. 'Verjüngung' beziehungsweise 18 Sek. 'Nachwachsen' entspricht." lvl="1"/>
        <spell castTime="0" cooldown="15000" maxRange="40">
          <power cost="16" type="mana"/>
        </spell>
      </talent>
      <talent column="2" icon="ability_druid_naturalperfection" key="1790" name="Vollkommenheit der Natur" tier="6">
        <rank description="Eure kritische Zaubertrefferchance ist um 1% erhöht und kritische Treffer gegen Euch verleihen Euch den Effekt 'Vollkommenheit der Natur', wodurch jeglicher erlittene Schaden um 2% verringert wird. Bis zu 3-mal stapelbar. Hält 8 Sek. lang an." lvl="1"/>
        <rank description="Eure kritische Zaubertrefferchance ist um 2% erhöht und kritische Treffer gegen Euch verleihen Euch den Effekt 'Vollkommenheit der Natur', wodurch jeglicher erlittene Schaden um 3% verringert wird. Bis zu 3-mal stapelbar. Hält 8 Sek. lang an." lvl="2"/>
        <rank description="Eure kritische Zaubertrefferchance ist um 3% erhöht und kritische Treffer gegen Euch verleihen Euch den Effekt 'Vollkommenheit der Natur', wodurch jeglicher erlittene Schaden um 4% verringert wird. Bis zu 3-mal stapelbar. Hält 8 Sek. lang an." lvl="3"/>
      </talent>
      <talent column="1" icon="ability_druid_empoweredrejuvination" key="1789" name="Machtvolle Verjüngung" tier="7">
        <rank description="Der Bonus für Heileffekte Eurer Zauber, die über einen bestimmten Zeitraum wirken, ist um 4% erhöht." lvl="1"/>
        <rank description="Der Bonus für Heileffekte Eurer Zauber, die über einen bestimmten Zeitraum wirken, ist um 8% erhöht." lvl="2"/>
        <rank description="Der Bonus für Heileffekte Eurer Zauber, die über einen bestimmten Zeitraum wirken, ist um 12% erhöht." lvl="3"/>
        <rank description="Der Bonus für Heileffekte Eurer Zauber, die über einen bestimmten Zeitraum wirken, ist um 16% erhöht." lvl="4"/>
        <rank description="Der Bonus für Heileffekte Eurer Zauber, die über einen bestimmten Zeitraum wirken, ist um 20% erhöht." lvl="5"/>
      </talent>
      <talent column="2" icon="ability_druid_giftoftheearthmother" key="1922" name="Samenkorn des Lebens" tier="7">
        <rank description="Wenn Ihr mit Euren Zaubern 'Rasche Heilung', 'Nachwachsen', 'Pflege' oder 'Heilende Berührung' einen kritischen Treffer erzielt, habt Ihr eine Chance von 33%, dem Ziel für 30% des geheilten Wertes ein 'Samenkorn des Lebens' einzupflanzen. Das Samenkorn wird erblühen, wenn das Ziel das nächste Mal angegriffen wird. Hält 15 Sek. lang an." lvl="1"/>
        <rank description="Wenn Ihr mit Euren Zaubern 'Rasche Heilung', 'Nachwachsen', 'Pflege' oder 'Heilende Berührung' einen kritischen Treffer erzielt, habt Ihr eine Chance von 66%, dem Ziel für 30% des geheilten Wertes ein 'Samenkorn des Lebens' einzupflanzen. Das Samenkorn wird erblühen, wenn das Ziel das nächste Mal angegriffen wird. Hält 15 Sek. lang an." lvl="2"/>
        <rank description="Wenn Ihr mit Euren Zaubern 'Rasche Heilung', 'Nachwachsen', 'Pflege' oder 'Heilende Berührung' einen kritischen Treffer erzielt, habt Ihr eine Chance von 100%, dem Ziel für 30% des geheilten Wertes ein 'Samenkorn des Lebens' einzupflanzen. Das Samenkorn wird erblühen, wenn das Ziel das nächste Mal angegriffen wird. Hält 15 Sek. lang an." lvl="3"/>
      </talent>
      <talent column="0" icon="ability_druid_replenish" key="1929" name="Revitalisieren" tier="8">
        <rank description="Eure Zauber 'Verjüngung' und 'Wildwuchs' haben eine Chance von 5%, pro Tick 8 Energie, 4 Wut, 1% Mana oder 16 Runenmacht wiederherzustellen." lvl="1"/>
        <rank description="Eure Zauber 'Verjüngung' und 'Wildwuchs' haben eine Chance von 10%, pro Tick 8 Energie, 4 Wut, 1% Mana oder 16 Runenmacht wiederherzustellen." lvl="2"/>
        <rank description="Eure Zauber 'Verjüngung' und 'Wildwuchs' haben eine Chance von 15%, pro Tick 8 Energie, 4 Wut, 1% Mana oder 16 Runenmacht wiederherzustellen." lvl="3"/>
      </talent>
      <talent column="1" icon="ability_druid_treeoflife" key="1791" name="Baum des Lebens" requires="1789" tier="8">
        <rank description="Verringert die Manakosten Eurer Zauber, die Heilung über Zeit hervorrufen, um 20% und verleiht Euch die Fähigkeit, Euch in den Baum des Lebens zu verwandeln. In dieser Gestalt erhöht Ihr die erhaltene Heilung aller Gruppen- und Schlachtzugsmitglieder im Umkreis von 100 Metern um 6%. Ihr könnt ausschließlich Wiederherstellungszauber, 'Anregen', 'Baumrinde', 'Griff der Natur' und 'Dornen' wirken.&lt;br/&gt;&lt;br/&gt;Der Akt des Gestaltwandelns befreit den Zaubernden von Verwandlungs- und bewegungseinschränkenden Effekten." lvl="1"/>
      </talent>
      <talent column="2" icon="ability_druid_improvedtreeform" key="1930" name="Verbesserter Baum des Lebens" requires="1791" tier="8">
        <rank description="Erhöht in Baumgestalt sowohl Euren durch Gegenstände erzielten Rüstungswert um 67% als auch Eure Heilzaubermacht um einen Wert, der 5% Eurer Willenskraft entspricht." lvl="1"/>
        <rank description="Erhöht in Baumgestalt sowohl Euren durch Gegenstände erzielten Rüstungswert um 133% als auch Eure Heilzaubermacht um einen Wert, der 10% Eurer Willenskraft entspricht." lvl="2"/>
        <rank description="Erhöht in Baumgestalt sowohl Euren durch Gegenstände erzielten Rüstungswert um 200% als auch Eure Heilzaubermacht um einen Wert, der 15% Eurer Willenskraft entspricht." lvl="3"/>
      </talent>
      <talent column="0" icon="spell_nature_stoneclawtotem" key="2264" name="Verbesserte Baumrinde" tier="9">
        <rank description="Gewährt in Reisegestalt und in unverwandeltem Zustand zusätzlich 80% Rüstung von Stoff- und Lederrüstungen. Zudem wird die von Eurem Zauber 'Baumrinde' gewährte Schadensverringerung um 5% erhöht und die Chance, dass 'Baumrinde' gebannt wird, um 35% verringert." lvl="1"/>
        <rank description="Gewährt in Reisegestalt und in unverwandeltem Zustand zusätzlich 160% Rüstung von Stoff- und Lederrüstungen. Zudem wird die von Eurem Zauber 'Baumrinde' gewährte Schadensverringerung um 10% erhöht und die Chance, dass 'Baumrinde' gebannt wird, um 70% verringert." lvl="2"/>
      </talent>
      <talent column="2" icon="ability_druid_manatree" key="1916" name="Gabe der Erdmutter" tier="9">
        <rank description="Erhöht Euer gesamtes Zaubertempo um 2% und verringert die Basisabklingzeit Eures Zaubers 'Blühendes Leben' um 2%." lvl="1"/>
        <rank description="Erhöht Euer gesamtes Zaubertempo um 4% und verringert die Basisabklingzeit Eures Zaubers 'Blühendes Leben' um 4%." lvl="2"/>
        <rank description="Erhöht Euer gesamtes Zaubertempo um 6% und verringert die Basisabklingzeit Eures Zaubers 'Blühendes Leben' um 6%." lvl="3"/>
        <rank description="Erhöht Euer gesamtes Zaubertempo um 8% und verringert die Basisabklingzeit Eures Zaubers 'Blühendes Leben' um 8%." lvl="4"/>
        <rank description="Erhöht Euer gesamtes Zaubertempo um 10% und verringert die Basisabklingzeit Eures Zaubers 'Blühendes Leben' um 10%." lvl="5"/>
      </talent>
      <talent column="1" icon="ability_druid_flourish" key="1917" name="Wildwuchs" requires="1791" tier="10">
        <rank description="Heilt bis zu 5 freundliche Gruppen- oder Schlachtzugsmitglieder in einem Umkreis von 15 Metern um das Ziel über 7 Sek. für insgesamt 686. Die Heilung erfolgt anfangs schnell und wird mit zunehmender Dauer von 'Wildwuchs' langsamer." lvl="1"/>
        <spell castTime="0" cooldown="6000" maxRange="40">
          <power cost="23" type="mana"/>
        </spell>
      </talent>
    </tree>
  </talentTrees>
</page>
