<?xml version="1.0" encoding="UTF-8"?><page globalSearch="1" lang="en_gb" requestUrl="/talent-tree.xml">
  <talentTrees>
    <tree bgImage="ShamanEnhancement" icon="spell_nature_lightningshield" key="Enhancement" name="Enhancement" order="1">
      <talent column="0" icon="spell_nature_earthbindtotem" key="610" name="Enhancing Totems" tier="0">
        <rank description="Increases the effect of your Strength of Earth and Flametongue Totems by 5%." lvl="1"/>
        <rank description="Increases the effect of your Strength of Earth and Flametongue Totems by 10%." lvl="2"/>
        <rank description="Increases the effect of your Strength of Earth and Flametongue Totems by 15%." lvl="3"/>
      </talent>
      <talent column="1" icon="spell_nature_stoneclawtotem" key="2101" name="Earth's Grasp" tier="0">
        <rank description="Increases the health of your Stoneclaw Totem by 25% and the radius of your Earthbind Totem by 10%, and reduces the cooldown of both totems by 15%." lvl="1"/>
        <rank description="Increases the health of your Stoneclaw Totem by 50% and the radius of your Earthbind Totem by 20%, and reduces the cooldown of both totems by 30%." lvl="2"/>
      </talent>
      <talent column="2" icon="spell_shadow_grimward" key="614" name="Ancestral Knowledge" tier="0">
        <rank description="Increases your Intellect by 2%." lvl="1"/>
        <rank description="Increases your Intellect by 4%." lvl="2"/>
        <rank description="Increases your Intellect by 6%." lvl="3"/>
        <rank description="Increases your Intellect by 8%." lvl="4"/>
        <rank description="Increases your Intellect by 10%." lvl="5"/>
      </talent>
      <talent column="0" icon="spell_nature_stoneskintotem" key="609" name="Guardian Totems" tier="1">
        <rank description="Increases the amount of armor increased by your Stoneskin Totem by 10% and reduces the cooldown of your Grounding Totem by 1 sec." lvl="1"/>
        <rank description="Increases the amount of armor increased by your Stoneskin Totem by 20% and reduces the cooldown of your Grounding Totem by 2 sec." lvl="2"/>
      </talent>
      <talent column="1" icon="ability_thunderbolt" key="613" name="Thundering Strikes" tier="1">
        <rank description="Improves your chance to get a critical strike with all spells and attacks by 1%." lvl="1"/>
        <rank description="Improves your chance to get a critical strike with all spells and attacks by 2%." lvl="2"/>
        <rank description="Improves your chance to get a critical strike with all spells and attacks by 3%." lvl="3"/>
        <rank description="Improves your chance to get a critical strike with all spells and attacks by 4%." lvl="4"/>
        <rank description="Improves your chance to get a critical strike with all spells and attacks by 5%." lvl="5"/>
      </talent>
      <talent column="2" icon="spell_nature_spiritwolf" key="605" name="Improved Ghost Wolf" tier="1">
        <rank description="Reduces the cast time of your Ghost Wolf spell by 1 sec." lvl="1"/>
        <rank description="Reduces the cast time of your Ghost Wolf spell by 2 sec." lvl="2"/>
      </talent>
      <talent column="3" icon="spell_nature_lightningshield" key="607" name="Improved Shields" tier="1">
        <rank description="Increases the damage done by your Lightning Shield orbs by 5%, increases the amount of mana gained from your Water Shield orbs by 5% and increases the amount of healing done by your Earth Shield orbs by 5%." lvl="1"/>
        <rank description="Increases the damage done by your Lightning Shield orbs by 10%, increases the amount of mana gained from your Water Shield orbs by 10% and increases the amount of healing done by your Earth Shield orbs by 10%." lvl="2"/>
        <rank description="Increases the damage done by your Lightning Shield orbs by 15%, increases the amount of mana gained from your Water Shield orbs by 15% and increases the amount of healing done by your Earth Shield orbs by 15%." lvl="3"/>
      </talent>
      <talent column="0" icon="spell_fire_flametounge" key="611" name="Elemental Weapons" tier="2">
        <rank description="Increases the damage caused by your Windfury Weapon effect by 13%  increases the spell damage on your Flametongue Weapon by 10% and increases the bonus healing on your Earthliving Weapon by 10%." lvl="1"/>
        <rank description="Increases the damage caused by your Windfury Weapon effect by 27%  increases the spell damage on your Flametongue Weapon by 20% and increases the bonus healing on your Earthliving Weapon by 20%." lvl="2"/>
        <rank description="Increases the damage caused by your Windfury Weapon effect by 40%  increases the spell damage on your Flametongue Weapon by 30% and increases the bonus healing on your Earthliving Weapon by 30%." lvl="3"/>
      </talent>
      <talent column="2" icon="spell_nature_elementalabsorption" key="617" name="Shamanistic Focus" tier="2">
        <rank description="Reduces the mana cost of your Shock spells by 45%." lvl="1"/>
      </talent>
      <talent column="3" icon="spell_nature_mirrorimage" key="601" name="Anticipation" tier="2">
        <rank description="Increases your chance to dodge by an additional 1%, and reduces the duration of all Disarm effects used against you by 16%. This does not stack with other Disarm duration reducing effects." lvl="1"/>
        <rank description="Increases your chance to dodge by an additional 2%, and reduces the duration of all Disarm effects used against you by 25%. This does not stack with other Disarm duration reducing effects." lvl="2"/>
        <rank description="Increases your chance to dodge by an additional 3%, and reduces the duration of all Disarm effects used against you by 50%. This does not stack with other Disarm duration reducing effects." lvl="3"/>
      </talent>
      <talent column="1" icon="ability_ghoulfrenzy" key="602" name="Flurry" requires="613" tier="3">
        <rank description="Increases your attack speed by 6% for your next 3 swings after dealing a critical strike." lvl="1"/>
        <rank description="Increases your attack speed by 12% for your next 3 swings after dealing a critical strike." lvl="2"/>
        <rank description="Increases your attack speed by 18% for your next 3 swings after dealing a critical strike." lvl="3"/>
        <rank description="Increases your attack speed by 24% for your next 3 swings after dealing a critical strike." lvl="4"/>
        <rank description="Increases your attack speed by 30% for your next 3 swings after dealing a critical strike." lvl="5"/>
      </talent>
      <talent column="2" icon="spell_holy_devotion" key="615" name="Toughness" tier="3">
        <rank description="Increases your Stamina by 2%, and reduces the duration of movement slowing effects on you by 6%." lvl="1"/>
        <rank description="Increases your Stamina by 4%, and reduces the duration of movement slowing effects on you by 12%." lvl="2"/>
        <rank description="Increases your Stamina by 6%, and reduces the duration of movement slowing effects on you by 18%." lvl="3"/>
        <rank description="Increases your Stamina by 8%, and reduces the duration of movement slowing effects on you by 24%." lvl="4"/>
        <rank description="Increases your Stamina by 10%, and reduces the duration of movement slowing effects on you by 30%." lvl="5"/>
      </talent>
      <talent column="0" icon="spell_nature_windfury" key="1647" name="Improved Windfury Totem" tier="4">
        <rank description="Increases the melee haste granted by your Windfury totem by 2%." lvl="1"/>
        <rank description="Increases the melee haste granted by your Windfury totem by 4%." lvl="2"/>
      </talent>
      <talent column="1" icon="ability_parry" key="616" name="Spirit Weapons" tier="4">
        <rank description="Gives a chance to parry enemy melee attacks and reduces all threat generated by 30%." lvl="1"/>
      </talent>
      <talent column="2" icon="spell_nature_bloodlust" key="2083" name="Mental Dexterity" tier="4">
        <rank description="Increases your Attack Power by 33% of your Intellect." lvl="1"/>
        <rank description="Increases your Attack Power by 66% of your Intellect." lvl="2"/>
        <rank description="Increases your Attack Power by 100% of your Intellect." lvl="3"/>
      </talent>
      <talent column="0" icon="spell_nature_unleashedrage" key="1689" name="Unleashed Rage" tier="5">
        <rank description="Increases your expertise by 3, and increases all party and raid members' attack power by 4% while within 100 yards of the Shaman." lvl="1"/>
        <rank description="Increases your expertise by 6, and increases all party and raid members' attack power by 7% while within 100 yards of the Shaman." lvl="2"/>
        <rank description="Increases your expertise by 9, and increases all party and raid members' attack power by 10% while within 100 yards of the Shaman." lvl="3"/>
      </talent>
      <talent column="2" icon="ability_hunter_swiftstrike" key="1643" name="Weapon Mastery" tier="5">
        <rank description="Increases the damage you deal with all weapons by 4%." lvl="1"/>
        <rank description="Increases the damage you deal with all weapons by 7%." lvl="2"/>
        <rank description="Increases the damage you deal with all weapons by 10%." lvl="3"/>
      </talent>
      <talent column="3" icon="spell_fire_bluecano" key="2263" name="Frozen Power" tier="5">
        <rank description="Increases the damage done by your Lightning Bolt, Chain Lightning, Lava Lash and Shock spells by 5% on targets afflicted by your Frostbrand Attack effect, and your Frost Shock has a 50% chance to root the target in ice for 5 sec. when used on targets at or further than 15 yards from you." lvl="1"/>
        <rank description="Increases the damage done by your Lightning Bolt, Chain Lightning, Lava Lash and Shock spells by 10% on targets afflicted by your Frostbrand Attack effect, and your Frost Shock has a 100% chance to root the target in ice for 5 sec. when used on targets at or further than 15 yards from you." lvl="2"/>
      </talent>
      <talent column="0" icon="ability_dualwieldspecialization" key="1692" name="Dual Wield Specialization" requires="1690" tier="6">
        <rank description="Increases your chance to hit while dual wielding by an additional 2%." lvl="1"/>
        <rank description="Increases your chance to hit while dual wielding by an additional 4%." lvl="2"/>
        <rank description="Increases your chance to hit while dual wielding by an additional 6%." lvl="3"/>
      </talent>
      <talent column="1" icon="ability_dualwield" key="1690" name="Dual Wield" requires="616" tier="6">
        <rank description="Allows one-hand and off-hand weapons to be equipped in the off-hand." lvl="1"/>
      </talent>
      <talent column="2" icon="ability_shaman_stormstrike" key="901" name="Stormstrike" tier="6">
        <rank description="Instantly attack with both weapons.  In addition, the next 4 sources of Nature damage dealt to the target from the Shaman are increased by 20%. Lasts 12 sec." lvl="1"/>
        <spell castTime="0" cooldown="8000" maxRange="5">
          <power cost="8" type="mana"/>
        </spell>
      </talent>
      <talent column="0" icon="spell_shaman_staticshock" key="2055" name="Static Shock" tier="7">
        <rank description="You have a 2% chance to hit your target with a Lightning Shield orb charge when you deal damage with melee attacks and abilities, and your Lightning Shield gains 2 additional charges." lvl="1"/>
        <rank description="You have a 4% chance to hit your target with a Lightning Shield orb charge when you deal damage with melee attacks and abilities, and your Lightning Shield gains 4 additional charges." lvl="2"/>
        <rank description="You have a 6% chance to hit your target with a Lightning Shield orb charge when you deal damage with melee attacks and abilities, and your Lightning Shield gains 6 additional charges." lvl="3"/>
      </talent>
      <talent column="1" icon="ability_shaman_lavalash" key="2249" name="Lava Lash" requires="1690" tier="7">
        <rank description="You charge your off-hand weapon with lava, instantly dealing 100% off-hand Weapon damage. Damage is increased by 25% if your off-hand weapon is enchanted with Flametongue." lvl="1"/>
        <spell castTime="0" cooldown="6000" maxRange="5">
          <power cost="4" type="mana"/>
        </spell>
      </talent>
      <talent column="2" icon="spell_shaman_improvedstormstrike" key="2054" name="Improved Stormstrike" requires="901" tier="7">
        <rank description="When you Stormstrike, you have a 50% chance to immediately grant you 20% of your base mana." lvl="1"/>
        <rank description="When you Stormstrike, you have a 100% chance to immediately grant you 20% of your base mana." lvl="2"/>
      </talent>
      <talent column="0" icon="spell_nature_mentalquickness" key="1691" name="Mental Quickness" tier="8">
        <rank description="Reduces the mana cost of your instant cast Shaman spells by 2% and increases your spell power by an amount equal to 10% of your attack power." lvl="1"/>
        <rank description="Reduces the mana cost of your instant cast Shaman spells by 4% and increases your spell power by an amount equal to 20% of your attack power." lvl="2"/>
        <rank description="Reduces the mana cost of your instant cast Shaman spells by 6% and increases your spell power by an amount equal to 30% of your attack power." lvl="3"/>
      </talent>
      <talent column="1" icon="spell_nature_shamanrage" key="1693" name="Shamanistic Rage" tier="8">
        <rank description="Reduces all damage taken by 30% and gives your successful melee attacks a chance to regenerate mana equal to 15% of your attack power. This spell is usable while stunned. Lasts 15 sec." lvl="1"/>
        <spell castTime="0" cooldown="60000"/>
      </talent>
      <talent column="2" icon="spell_nature_earthelemental_totem" key="2056" name="Earthen Power" tier="8">
        <rank description="Your Earthbind Totem's pulses have a 50% chance to also remove all snare effects from you and nearby friendly targets, and your Earth Shock reduces enemy attack speed by an additional 5%." lvl="1"/>
        <rank description="Your Earthbind Totem's pulses have a 100% chance to also remove all snare effects from you and nearby friendly targets, and your Earth Shock reduces enemy attack speed by an additional 10%." lvl="2"/>
      </talent>
      <talent column="1" icon="spell_shaman_maelstromweapon" key="2057" name="Maelstrom Weapon" tier="9">
        <rank description="When you deal damage with a melee weapon, you have a chance to reduce the cast time of your next Lightning Bolt, Chain Lightning, Lesser Healing Wave, Healing Wave, Chain Heal, or Hex spell by 20%. Stacks up to 5 times. Lasts 30 sec." lvl="1"/>
        <rank description="When you deal damage with a melee weapon, you have a chance (higher than rank 1) to reduce the cast time of your next Lightning Bolt, Chain Lightning, Lesser Healing Wave, Healing Wave, Chain Heal, or Hex spell by 20%. Stacks up to 5 times. Lasts 30 sec." lvl="2"/>
        <rank description="When you deal damage with a melee weapon, you have a chance (higher than rank 2) to reduce the cast time of your next Lightning Bolt, Chain Lightning, Lesser Healing Wave, Healing Wave, Chain Heal, or Hex spell by 20%. Stacks up to 5 times. Lasts 30 sec." lvl="3"/>
        <rank description="When you deal damage with a melee weapon, you have a chance (higher than rank 3) to reduce the cast time of your next Lightning Bolt, Chain Lightning, Lesser Healing Wave, Healing Wave, Chain Heal, or Hex spell by 20%. Stacks up to 5 times. Lasts 30 sec." lvl="4"/>
        <rank description="When you deal damage with a melee weapon, you have a chance (higher than rank 4) to reduce the cast time of your next Lightning Bolt, Chain Lightning, Lesser Healing Wave, Healing Wave, Chain Heal, or Hex spell by 20%. Stacks up to 5 times. Lasts 30 sec." lvl="5"/>
      </talent>
      <talent column="1" icon="spell_shaman_feralspirit" key="2058" name="Feral Spirit" tier="10">
        <rank description="Summons two Spirit Wolves under the command of the Shaman, lasting 45 sec." lvl="1"/>
        <spell castTime="0" cooldown="180000" maxRange="30">
          <power cost="12" type="mana"/>
        </spell>
      </talent>
    </tree>
    <tree bgImage="ShamanElementalCombat" icon="spell_nature_lightning" key="Elemental" name="Elemental" order="0">
      <talent column="1" icon="spell_nature_wispsplode" key="564" name="Convection" tier="0">
        <rank description="Reduces the mana cost of your Shock, Lightning Bolt, Chain Lightning, Lava Burst, and Wind Shear spells by 2%." lvl="1"/>
        <rank description="Reduces the mana cost of your Shock, Lightning Bolt, Chain Lightning, Lava Burst, and Wind Shear spells by 4%." lvl="2"/>
        <rank description="Reduces the mana cost of your Shock, Lightning Bolt, Chain Lightning, Lava Burst, and Wind Shear spells by 6%." lvl="3"/>
        <rank description="Reduces the mana cost of your Shock, Lightning Bolt, Chain Lightning, Lava Burst, and Wind Shear spells by 8%." lvl="4"/>
        <rank description="Reduces the mana cost of your Shock, Lightning Bolt, Chain Lightning, Lava Burst, and Wind Shear spells by 10%." lvl="5"/>
      </talent>
      <talent column="2" icon="spell_fire_fireball" key="563" name="Concussion" tier="0">
        <rank description="Increases the damage done by your Lightning Bolt, Chain Lightning, Thunderstorm, Lava Burst and Shock spells by 1%." lvl="1"/>
        <rank description="Increases the damage done by your Lightning Bolt, Chain Lightning, Thunderstorm, Lava Burst and Shock spells by 2%." lvl="2"/>
        <rank description="Increases the damage done by your Lightning Bolt, Chain Lightning, Thunderstorm, Lava Burst and Shock spells by 3%." lvl="3"/>
        <rank description="Increases the damage done by your Lightning Bolt, Chain Lightning, Thunderstorm, Lava Burst and Shock spells by 4%." lvl="4"/>
        <rank description="Increases the damage done by your Lightning Bolt, Chain Lightning, Thunderstorm, Lava Burst and Shock spells by 5%." lvl="5"/>
      </talent>
      <talent column="0" icon="spell_fire_immolation" key="561" name="Call of Flame" tier="1">
        <rank description="Increases the damage done by your Fire Totems and Fire Nova by 5%, and damage done by your Lava Burst spell by 2%." lvl="1"/>
        <rank description="Increases the damage done by your Fire Totems and Fire Nova by 10%, and damage done by your Lava Burst spell by 4%." lvl="2"/>
        <rank description="Increases the damage done by your Fire Totems and Fire Nova by 15%, and damage done by your Lava Burst spell by 6%." lvl="3"/>
      </talent>
      <talent column="1" icon="spell_nature_spiritarmor" key="1640" name="Elemental Warding" tier="1">
        <rank description="Reduces all damage taken by 2%." lvl="1"/>
        <rank description="Reduces all damage taken by 4%." lvl="2"/>
        <rank description="Reduces all damage taken by 6%." lvl="3"/>
      </talent>
      <talent column="2" icon="spell_fire_elementaldevastation" key="1645" name="Elemental Devastation" tier="1">
        <rank description="Your non-periodic offensive spell crits will increase your chance to get a critical strike with melee attacks by 3% for 10 sec." lvl="1"/>
        <rank description="Your non-periodic offensive spell crits will increase your chance to get a critical strike with melee attacks by 6% for 10 sec." lvl="2"/>
        <rank description="Your non-periodic offensive spell crits will increase your chance to get a critical strike with melee attacks by 9% for 10 sec." lvl="3"/>
      </talent>
      <talent column="0" icon="spell_frost_frostward" key="575" name="Reverberation" tier="2">
        <rank description="Reduces the cooldown of your Shock spells and Wind Shear by 0.2 sec." lvl="1"/>
        <rank description="Reduces the cooldown of your Shock spells and Wind Shear by 0.4 sec." lvl="2"/>
        <rank description="Reduces the cooldown of your Shock spells and Wind Shear by 0.6 sec." lvl="3"/>
        <rank description="Reduces the cooldown of your Shock and Wind Shear spells by 0.8 sec." lvl="4"/>
        <rank description="Reduces the cooldown of your Shock and Wind Shear spells by 1 sec." lvl="5"/>
      </talent>
      <talent column="1" icon="spell_shadow_manaburn" key="574" name="Elemental Focus" tier="2">
        <rank description="After landing a non-periodic critical strike with a Fire, Frost, or Nature damage spell, you enter a Clearcasting state.  The Clearcasting state reduces the mana cost of your next 2 damage or healing spells by 40%." lvl="1"/>
      </talent>
      <talent column="2" icon="spell_fire_volcano" key="565" name="Elemental Fury" tier="2">
        <rank description="Increases the critical strike damage bonus of your Searing and Magma Totems and your Fire, Frost, and Nature spells by 20%." lvl="1"/>
        <rank description="Increases the critical strike damage bonus of your Searing and Magma Totems and your Fire, Frost, and Nature spells by 40%." lvl="2"/>
        <rank description="Increases the critical strike damage bonus of your Searing and Magma Totems and your Fire, Frost, and Nature spells by 60%." lvl="3"/>
        <rank description="Increases the critical strike damage bonus of your Searing and Magma Totems and your Fire, Frost, and Nature spells by 80%." lvl="4"/>
        <rank description="Increases the critical strike damage bonus of your Searing and Magma Totems and your Fire, Frost, and Nature spells by 100%." lvl="5"/>
      </talent>
      <talent column="0" icon="spell_fire_sealoffire" key="567" name="Improved Fire Nova" tier="3">
        <rank description="Increases the damage done by your Fire Nova by 10% and reduces the cooldown by 2 sec." lvl="1"/>
        <rank description="Increases the damage done by your Fire Nova by 20% and reduces the cooldown by 4 sec." lvl="2"/>
      </talent>
      <talent column="3" icon="spell_shadow_soulleech_2" key="1642" name="Eye of the Storm" tier="3">
        <rank description="Reduces the pushback suffered from damaging attacks while casting Lightning Bolt, Chain Lightning, Lava Burst and Hex spells by 23%." lvl="1"/>
        <rank description="Reduces the pushback suffered from damaging attacks while casting Lightning Bolt, Chain Lightning, Lava Burst and Hex spells by 46%." lvl="2"/>
        <rank description="Reduces the pushback suffered from damaging attacks while casting Lightning Bolt, Chain Lightning, Lava Burst and Hex spells by 70%." lvl="3"/>
      </talent>
      <talent column="0" icon="spell_nature_stormreach" key="1641" name="Elemental Reach" tier="4">
        <rank description="Increases the range of your Lightning Bolt, Chain Lightning, Fire Nova, and Lava Burst spells by 3 yards, increases the radius of your Thunderstorm spell by 10%, and increases the range of your Flame Shock by 7 yards." lvl="1"/>
        <rank description="Increases the range of your Lightning Bolt, Chain Lightning, Fire Nova, and Lava Burst spells by 6 yards, increases the radius of your Thunderstorm spell by 20%, and increases the range of your Flame Shock by 15 yards." lvl="2"/>
      </talent>
      <talent column="1" icon="spell_nature_callstorm" key="562" name="Call of Thunder" requires="574" tier="4">
        <rank description="Increases the critical strike chance of your Lightning Bolt, Chain Lightning and Thunderstorm spells by an additional 5%." lvl="1"/>
      </talent>
      <talent column="3" icon="spell_nature_unrelentingstorm" key="1682" name="Unrelenting Storm" tier="4">
        <rank description="Regenerate mana equal to 4% of your Intellect every 5 sec, even while casting." lvl="1"/>
        <rank description="Regenerate mana equal to 8% of your Intellect every 5 sec, even while casting." lvl="2"/>
        <rank description="Regenerate mana equal to 12% of your Intellect every 5 sec, even while casting." lvl="3"/>
      </talent>
      <talent column="0" icon="spell_nature_elementalprecision_1" key="1685" name="Elemental Precision" tier="5">
        <rank description="Increases your chance to hit with Fire, Frost and Nature spells by 1% and reduces the threat caused by Fire, Frost and Nature spells by 10%." lvl="1"/>
        <rank description="Increases your chance to hit with Fire, Frost and Nature spells by 2% and reduces the threat caused by Fire, Frost and Nature spells by 20%." lvl="2"/>
        <rank description="Increases your chance to hit with Fire, Frost and Nature spells by 3% and reduces the threat caused by Fire, Frost and Nature spells by 30%." lvl="3"/>
      </talent>
      <talent column="2" icon="spell_lightning_lightningbolt01" key="721" name="Lightning Mastery" requires="565" tier="5">
        <rank description="Reduces the cast time of your Lightning Bolt, Chain Lightning, and Lava Burst spells by 0.1 sec." lvl="1"/>
        <rank description="Reduces the cast time of your Lightning Bolt, Chain Lightning, and Lava Burst spells by 0.2 sec." lvl="2"/>
        <rank description="Reduces the cast time of your Lightning Bolt, Chain Lightning, and Lava Burst spells by 0.3 sec." lvl="3"/>
        <rank description="Reduces the cast time of your Lightning Bolt, Chain Lightning, and Lava Burst spells by 0.4 sec." lvl="4"/>
        <rank description="Reduces the cast time of your Lightning Bolt, Chain Lightning, and Lava Burst spells by 0.5 sec." lvl="5"/>
      </talent>
      <talent column="1" icon="spell_nature_wispheal" key="573" name="Elemental Mastery" requires="562" tier="6">
        <rank description="When activated, your next Lightning Bolt, Chain Lightning or Lava Burst spell becomes an instant cast spell. In addition, you gain 15% spell haste for 15 sec. Elemental Mastery shares a cooldown with Nature's Swiftness." lvl="1"/>
      </talent>
      <talent column="2" icon="spell_shaman_stormearthfire" key="2052" name="Storm, Earth and Fire" tier="6">
        <rank description="Reduces the cooldown of your Chain Lightning spell by .75 sec, your Earthbind Totem also has a 33% chance to root targets for 5 sec when cast and the periodic damage done by your Flame Shock is increased by 20%." lvl="1"/>
        <rank description="Reduces the cooldown of your Chain Lightning spell by 1.5 sec, your Earthbind Totem also has a 66% chance to root targets for 5 sec when cast and the periodic damage done by your Flame Shock is increased by 40%." lvl="2"/>
        <rank description="Reduces the cooldown of your Chain Lightning spell by 2.5 sec, your Earthbind Totem also has a 100% chance to root targets for 5 sec when cast and the periodic damage done by your Flame Shock is increased by 60%." lvl="3"/>
      </talent>
      <talent column="0" icon="spell_fire_blueflamering" key="2262" name="Booming Echoes" tier="7">
        <rank description="Reduces the cooldown of your Flame Shock and Frost Shock spells by an additional 1 sec., and increases the direct damage done by your Flame Shock and Frost Shock spells by an additional 10%." lvl="1"/>
        <rank description="Reduces the cooldown of your Flame Shock and Frost Shock spells by an additional 2 sec., and increases the direct damage done by your Flame Shock and Frost Shock spells by an additional 20%." lvl="2"/>
      </talent>
      <talent column="1" icon="spell_shaman_elementaloath" key="2049" name="Elemental Oath" requires="573" tier="7">
        <rank description="While Clearcasting from Elemental Focus is active, you deal 5% more spell damage. In addition, party and raid members within 100 yards receive a 3% bonus to their spell critical strike chance." lvl="1"/>
        <rank description="While Clearcasting from Elemental Focus is active, you deal 10% more spell damage. In addition, party and raid members within 100 yards receive a 5% bonus to their spell critical strike chance." lvl="2"/>
      </talent>
      <talent column="2" icon="spell_nature_lightningoverload" key="1686" name="Lightning Overload" tier="7">
        <rank description="Gives your Lightning Bolt and Chain Lightning spells a 11% chance to cast a second, similar spell on the same target at no additional cost that causes half damage and no threat." lvl="1"/>
        <rank description="Gives your Lightning Bolt and Chain Lightning spells a 22% chance to cast a second, similar spell on the same target at no additional cost that causes half damage and no threat." lvl="2"/>
        <rank description="Gives your Lightning Bolt and Chain Lightning spells a 33% chance to cast a second, similar spell on the same target at no additional cost that causes half damage and no threat." lvl="3"/>
      </talent>
      <talent column="0" icon="spell_shaman_astralshift" key="2050" name="Astral Shift" tier="8">
        <rank description="When stunned, feared or silenced you  shift into the Astral Plane reducing all damage taken by 10% for the duration of the stun, fear or silence effect." lvl="1"/>
        <rank description="When stunned, feared or silenced you  shift into the Astral Plane reducing all damage taken by 20% for the duration of the stun, fear or silence effect." lvl="2"/>
        <rank description="When stunned, feared or silenced you shift into the Astral Plane reducing all damage taken by 30% for the duration of the stun, fear or silence effect." lvl="3"/>
      </talent>
      <talent column="1" icon="spell_fire_totemofwrath" key="1687" name="Totem of Wrath" tier="8">
        <rank description="Summons a Totem of Wrath with 5 health at the feet of the caster.  The totem increases spell power by 100 for all party and raid members, and increases the critical strike chance of all attacks by 3% against all enemies within 40 yards.  Lasts 5 min." lvl="1"/>
        <spell castTime="0">
          <power cost="5" type="mana"/>
        </spell>
      </talent>
      <talent column="2" icon="spell_shaman_lavaflow" key="2051" name="Lava Flows" tier="8">
        <rank description="Increases the critical strike damage bonus of your Lava Burst spell by an additional 6%, and when your Flame Shock is dispelled your spell casting speed is increased by 10% for 6 sec." lvl="1"/>
        <rank description="Increases the critical strike damage bonus of your Lava Burst spell by an additional 12%, and when your Flame Shock is dispelled your spell casting speed is increased by 20% for 6 sec." lvl="2"/>
        <rank description="Increases the critical strike damage bonus of your Lava Burst spell by an additional 24%, and when your Flame Shock is dispelled your spell casting speed is increased by 30% for 6 sec." lvl="3"/>
      </talent>
      <talent column="1" icon="spell_unused2" key="2252" name="Shamanism" tier="9">
        <rank description="Your Lightning Bolt and Chain Lightning spells gain an additional 4% and your Lava Burst gains an additional 5% of your bonus damage effects." lvl="1"/>
        <rank description="Your Lightning Bolt and Chain Lightning spells gain an additional 8% and your Lava Burst gains an additional 10% of your bonus damage effects." lvl="2"/>
        <rank description="Your Lightning Bolt and Chain Lightning spells gain an additional 12% and your Lava Burst gains an additional 15% of your bonus damage effects." lvl="3"/>
        <rank description="Your Lightning Bolt and Chain Lightning spells gain an additional 16% and your Lava Burst gains an additional 20% of your bonus damage effects." lvl="4"/>
        <rank description="Your Lightning Bolt and Chain Lightning spells gain an additional 20% and your Lava Burst gains an additional 25% of your bonus damage effects." lvl="5"/>
      </talent>
      <talent column="1" icon="spell_shaman_thunderstorm" key="2053" name="Thunderstorm" tier="10">
        <rank description="You call down a bolt of lightning, energizing you and damaging nearby enemies within 10 yards. Restores 8% mana to you and deals 551 to 629 Nature damage to all nearby enemies, knocking them back 20 yards. This spell is usable while stunned." lvl="1"/>
      </talent>
    </tree>
    <tree bgImage="ShamanRestoration" icon="spell_nature_magicimmunity" key="Restoration" name="Restoration" order="2">
      <talent column="1" icon="spell_nature_magicimmunity" key="586" name="Improved Healing Wave" tier="0">
        <rank description="Reduces the casting time of your Healing Wave spell by 0.1 sec." lvl="1"/>
        <rank description="Reduces the casting time of your Healing Wave spell by 0.2 sec." lvl="2"/>
        <rank description="Reduces the casting time of your Healing Wave spell by 0.3 sec." lvl="3"/>
        <rank description="Reduces the casting time of your Healing Wave spell by 0.4 sec." lvl="4"/>
        <rank description="Reduces the casting time of your Healing Wave spell by 0.5 sec." lvl="5"/>
      </talent>
      <talent column="2" icon="spell_nature_moonglow" key="595" name="Totemic Focus" tier="0">
        <rank description="Reduces the mana cost of your totems by 5%." lvl="1"/>
        <rank description="Reduces the mana cost of your totems by 10%." lvl="2"/>
        <rank description="Reduces the mana cost of your totems by 15%." lvl="3"/>
        <rank description="Reduces the mana cost of your totems by 20%." lvl="4"/>
        <rank description="Reduces the mana cost of your totems by 25%." lvl="5"/>
      </talent>
      <talent column="0" icon="spell_nature_reincarnation" key="589" name="Improved Reincarnation" tier="1">
        <rank description="Reduces the cooldown of your Reincarnation spell by 7 min and increases the amount of health and mana recovered when reincarnating by an additional 10%." lvl="1"/>
        <rank description="Reduces the cooldown of your Reincarnation spell by 15 min and increases the amount of health and mana recovered when reincarnating by an additional 20%." lvl="2"/>
      </talent>
      <talent column="1" icon="spell_nature_healingtouch" key="1646" name="Healing Grace" tier="1">
        <rank description="Reduces the threat generated by your healing spells by 5% and reduces the chance your helpful spells and damage over time effects will be dispelled by 10%." lvl="1"/>
        <rank description="Reduces the threat generated by your healing spells by 10% and reduces the chance your helpful spells and damage over time effects will be dispelled by 20%." lvl="2"/>
        <rank description="Reduces the threat generated by your healing spells by 15% and reduces the chance your helpful spells and damage over time effects will be dispelled by 30%." lvl="3"/>
      </talent>
      <talent column="2" icon="spell_frost_manarecharge" key="593" name="Tidal Focus" tier="1">
        <rank description="Reduces the mana cost of your healing spells by 1%." lvl="1"/>
        <rank description="Reduces the mana cost of your healing spells by 2%." lvl="2"/>
        <rank description="Reduces the mana cost of your healing spells by 3%." lvl="3"/>
        <rank description="Reduces the mana cost of your healing spells by 4%." lvl="4"/>
        <rank description="Reduces the mana cost of your healing spells by 5%." lvl="5"/>
      </talent>
      <talent column="0" icon="ability_shaman_watershield" key="583" name="Improved Water Shield" tier="2">
        <rank description="You have a 33% chance to instantly gain mana as if you consumed a Water Shield Orb when you gain a critical effect from your Healing Wave or Riptide spells, a 20% chance when you gain a critical effect from your Lesser Healing Wave spell, and a 10% chance when you gain a critical effect from your Chain Heal spell." lvl="1"/>
        <rank description="You have a 66% chance to instantly gain mana as if you consumed a Water Shield Orb when you gain a critical effect from your Healing Wave or Riptide spells, a 40% chance when you gain a critical effect from your Lesser Healing Wave spell, and a 20% chance when you gain a critical effect from your Chain Heal spell." lvl="2"/>
        <rank description="You have a 100% chance to instantly gain mana as if you consumed a Water Shield Orb when you gain a critical effect from your Healing Wave or Riptide spells, a 60% chance when you gain a critical effect from your Lesser Healing Wave spell, and a 30% chance when you gain a critical effect from your Chain Heal spell." lvl="3"/>
      </talent>
      <talent column="1" icon="spell_nature_healingwavelesser" key="587" name="Healing Focus" tier="2">
        <rank description="Reduces the pushback suffered from damaging attacks while casting any Shaman healing spell by 23%." lvl="1"/>
        <rank description="Reduces the pushback suffered from damaging attacks while casting any Shaman healing spell by 46%." lvl="2"/>
        <rank description="Reduces the pushback suffered from damaging attacks while casting any Shaman healing spell by 70%." lvl="3"/>
      </talent>
      <talent column="2" icon="spell_frost_frostbolt" key="582" name="Tidal Force" tier="2">
        <rank description="Increases the critical effect chance of your Healing Wave, Lesser Healing Wave and Chain Heal by 60%. Each critical heal reduces the chance by 20%. Lasts 20 sec." lvl="1"/>
        <spell castTime="0" cooldown="180000"/>
      </talent>
      <talent column="3" icon="spell_nature_undyingstrength" key="581" name="Ancestral Healing" tier="2">
        <rank description="Reduces your target's physical damage taken by 3% for 15 sec after getting a critical effect from one of your healing spells." lvl="1"/>
        <rank description="Reduces your target's physical damage taken by 7% for 15 sec after getting a critical effect from one of your healing spells." lvl="2"/>
        <rank description="Reduces your target's physical damage taken by 10% for 15 sec after getting a critical effect from one of your healing spells." lvl="3"/>
      </talent>
      <talent column="1" icon="spell_nature_manaregentotem" key="588" name="Restorative Totems" tier="3">
        <rank description="Increases the effect of your Mana Spring Totem by 7%, and increases the amount healed by your Healing Stream Totem by 15%." lvl="1"/>
        <rank description="Increases the effect of your Mana Spring Totem by 12%, and increases the amount healed by your Healing Stream Totem by 30%." lvl="2"/>
        <rank description="Increases the effect of your Mana Spring Totem by 20%, and increases the amount healed by your Healing Stream Totem by 45%." lvl="3"/>
      </talent>
      <talent column="2" icon="spell_nature_tranquility" key="594" name="Tidal Mastery" tier="3">
        <rank description="Increases the critical effect chance of your healing and lightning spells by 1%." lvl="1"/>
        <rank description="Increases the critical effect chance of your healing and lightning spells by 2%." lvl="2"/>
        <rank description="Increases the critical effect chance of your healing and lightning spells by 3%." lvl="3"/>
        <rank description="Increases the critical effect chance of your healing and lightning spells by 4%." lvl="4"/>
        <rank description="Increases the critical effect chance of your healing and lightning spells by 5%." lvl="5"/>
      </talent>
      <talent column="0" icon="spell_nature_healingway" key="1648" name="Healing Way" tier="4">
        <rank description="Increases the amount healed by your Healing Wave spell by 8%." lvl="1"/>
        <rank description="Increases the amount healed by your Healing Wave spell by 16%." lvl="2"/>
        <rank description="Increases the amount healed by your Healing Wave spell by 25%." lvl="3"/>
      </talent>
      <talent column="2" icon="spell_nature_ravenform" key="591" name="Nature's Swiftness" tier="4">
        <rank description="When activated, your next Nature spell with a base casting time less than 10 sec. becomes an instant cast spell. Nature's Swiftness shares a cooldown with Elemental Mastery." lvl="1"/>
      </talent>
      <talent column="3" icon="spell_nature_focusedmind" key="1695" name="Focused Mind" tier="4">
        <rank description="Reduces the duration of any Silence or Interrupt effects used against the Shaman by 10%. This effect does not stack with other similar effects." lvl="1"/>
        <rank description="Reduces the duration of any Silence or Interrupt effects used against the Shaman by 20%. This effect does not stack with other similar effects." lvl="2"/>
        <rank description="Reduces the duration of any Silence or Interrupt effects used against the Shaman by 30%. This effect does not stack with other similar effects." lvl="3"/>
      </talent>
      <talent column="2" icon="spell_frost_wizardmark" key="592" name="Purification" tier="5">
        <rank description="Increases the effectiveness of your healing spells by 2%." lvl="1"/>
        <rank description="Increases the effectiveness of your healing spells by 4%." lvl="2"/>
        <rank description="Increases the effectiveness of your healing spells by 6%." lvl="3"/>
        <rank description="Increases the effectiveness of your healing spells by 8%." lvl="4"/>
        <rank description="Increases the effectiveness of your healing spells by 10%." lvl="5"/>
      </talent>
      <talent column="0" icon="spell_nature_natureguardian" key="1699" name="Nature's Guardian" tier="6">
        <rank description="Whenever a damaging attack brings you below 30% health, your maximum health is increased by 3% for 10 sec and your threat level towards the attacker is reduced.  30 second cooldown." lvl="1"/>
        <rank description="Whenever a damaging attack brings you below 30% health, your maximum health is increased by 6% for 10 sec and your threat level towards the attacker is reduced.  30 second cooldown." lvl="2"/>
        <rank description="Whenever a damaging attack brings you below 30% health, your maximum health is increased by 9% for 10 sec and your threat level towards the attacker is reduced.  30 second cooldown." lvl="3"/>
        <rank description="Whenever a damaging attack brings you below 30% health, your maximum health is increased by 12% for 10 sec and your threat level towards the attacker is reduced.  30 second cooldown." lvl="4"/>
        <rank description="Whenever a damaging attack brings you below 30% health, your maximum health is increased by 15% for 10 sec and your threat level towards the attacker is reduced.  30 second cooldown." lvl="5"/>
      </talent>
      <talent column="1" icon="spell_frost_summonwaterelemental" key="590" name="Mana Tide Totem" requires="588" tier="6">
        <rank description="Summons a Mana Tide Totem with 10% of the caster's health at the feet of the caster for 12 sec that restores 6% of total mana every 3 seconds to group members within 30 yards." lvl="1"/>
      </talent>
      <talent column="2" icon="ability_shaman_cleansespirit" key="2084" name="Cleanse Spirit" requires="592" tier="6">
        <rank description="Cleanse the spirit of a friendly target, removing 1 poison effect, 1 disease effect, and 1 curse effect." lvl="1"/>
        <spell castTime="0" maxRange="40">
          <power cost="7" type="mana"/>
        </spell>
      </talent>
      <talent column="0" icon="spell_shaman_blessingofeternals" key="2060" name="Blessing of the Eternals" tier="7">
        <rank description="Increases the critical effect chance of your spells by 2%, and increases the chance to apply the Earthliving heal over time effect on the target by 40% when they are at or under 35% total health." lvl="1"/>
        <rank description="Increases the critical effect chance of your spells by 4%, and increases the chance to apply the Earthliving heal over time effect on the target by 80% when they are at or under 35% total health." lvl="2"/>
      </talent>
      <talent column="1" icon="spell_nature_healingwavegreater" key="1697" name="Improved Chain Heal" tier="7">
        <rank description="Increases the amount healed by your Chain Heal spell by 10%." lvl="1"/>
        <rank description="Increases the amount healed by your Chain Heal spell by 20%." lvl="2"/>
      </talent>
      <talent column="2" icon="spell_nature_natureblessing" key="1696" name="Nature's Blessing" tier="7">
        <rank description="Increases your healing by an amount equal to 5% of your Intellect." lvl="1"/>
        <rank description="Increases your healing by an amount equal to 10% of your Intellect." lvl="2"/>
        <rank description="Increases your healing by an amount equal to 15% of your Intellect." lvl="3"/>
      </talent>
      <talent column="0" icon="spell_shaman_ancestralawakening" key="2061" name="Ancestral Awakening" tier="8">
        <rank description="When you critically heal with your Healing Wave, Lesser Healing Wave or Riptide you summon an Ancestral spirit to aid you, instantly healing the lowest percentage health friendly party or raid target within 40 yards for 10% of the amount healed." lvl="1"/>
        <rank description="When you critically heal with your Healing Wave, Lesser Healing Wave or Riptide you summon an Ancestral spirit to aid you, instantly healing the lowest percentage health friendly party or raid target within 40 yards for 20% of the amount healed." lvl="2"/>
        <rank description="When you critically heal with your Healing Wave, Lesser Healing Wave or Riptide you summon an Ancestral spirit to aid you, instantly healing the lowest percentage health friendly party or raid target within 40 yards for 30% of the amount healed." lvl="3"/>
      </talent>
      <talent column="1" icon="spell_nature_skinofearth" key="1698" name="Earth Shield" tier="8">
        <rank description="Protects the target with an earthen shield, reducing casting or channeling time lost when damaged by 30%  and causing attacks to heal the shielded target for 150.  This effect can only occur once every few seconds.  6 charges.  Lasts 10 min.  Earth Shield can only be placed on one target at a time and only one Elemental Shield can be active on a target at a time." lvl="1"/>
        <spell castTime="0" maxRange="40">
          <power cost="15" type="mana"/>
        </spell>
      </talent>
      <talent column="2" icon="spell_nature_skinofearth" key="2059" name="Improved Earth Shield" requires="1698" tier="8">
        <rank description="Increases the amount of charges for your Earth Shield by 1, and increases the healing done by your Earth Shield by 5%." lvl="1"/>
        <rank description="Increases the amount of charges for your Earth Shield by 2, and increases the healing done by your Earth Shield by 10%." lvl="2"/>
      </talent>
      <talent column="1" icon="spell_shaman_tidalwaves" key="2063" name="Tidal Waves" tier="9">
        <rank description="When you cast Chain Heal or Riptide, you have a 20% chance to lower the cast time of your Healing Wave spell by 30% and increase the critical effect chance of your Lesser Healing Wave spell by 25%, until two such spells have been cast. In addition, your Healing Wave gains an additional 4% of your bonus healing effects and your Lesser Healing Wave gains an additional 2% of your bonus healing effects." lvl="1"/>
        <rank description="When you cast Chain Heal or Riptide, you have a 40% chance to lower the cast time of your Healing Wave spell by 30% and increase the critical effect chance of your Lesser Healing Wave spell by 25%, until two such spells have been cast. In addition, your Healing Wave gains an additional 8% of your bonus healing effects and your Lesser Healing Wave gains an additional 4% of your bonus healing effects." lvl="2"/>
        <rank description="When you cast Chain Heal or Riptide, you have a 60% chance to lower the cast time of your Healing Wave spell by 30% and increase the critical effect chance of your Lesser Healing Wave spell by 25%, until two such spells have been cast. In addition, your Healing Wave gains an additional 12% of your bonus healing effects and your Lesser Healing Wave gains an additional 6% of your bonus healing effects." lvl="3"/>
        <rank description="When you cast Chain Heal or Riptide, you have a 80% chance to lower the cast time of your Healing Wave spell by 30% and increase the critical effect chance of your Lesser Healing Wave spell by 25%, until two such spells have been cast. In addition, your Healing Wave gains an additional 16% of your bonus healing effects and your Lesser Healing Wave gains an additional 8% of your bonus healing effects." lvl="4"/>
        <rank description="When you cast Chain Heal or Riptide, you have a 100% chance to lower the cast time of your Healing Wave spell by 30% and increase the critical effect chance of your Lesser Healing Wave spell by 25%, until two such spells have been cast. In addition, your Healing Wave gains an additional 20% of your bonus healing effects and your Lesser Healing Wave gains an additional 10% of your bonus healing effects." lvl="5"/>
      </talent>
      <talent column="1" icon="spell_nature_riptide" key="2064" name="Riptide" tier="10">
        <rank description="Heals a friendly target for 639 to 691 and another 665 over 15 sec.  Your next Chain Heal cast on that primary target within 15 sec will consume the healing over time effect and increase the amount of the Chain Heal by 25%." lvl="1"/>
        <spell castTime="0" cooldown="6000" maxRange="40">
          <power cost="18" type="mana"/>
        </spell>
      </talent>
    </tree>
  </talentTrees>
</page>
