<?xml version="1.0" encoding="UTF-8"?><page globalSearch="1" lang="en_us" requestUrl="/talent-tree.xml">
  <talentTrees>
    <tree bgImage="DeathKnightFrost" icon="spell_deathknight_frostpresence" key="Frost" name="Frost" order="1">
      <talent column="0" icon="spell_deathknight_icetouch" key="2031" name="Improved Icy Touch" tier="0">
        <rank description="Your Icy Touch does an additional 5% damage and your Frost Fever reduces melee and ranged attack speed by an additional 2%." lvl="1"/>
        <rank description="Your Icy Touch does an additional 10% damage and your Frost Fever reduces melee and ranged attack speed by an additional 4%." lvl="2"/>
        <rank description="Your Icy Touch does an additional 15% damage and your Frost Fever reduces melee and ranged attack speed by an additional 6%." lvl="3"/>
      </talent>
      <talent column="1" icon="spell_arcane_arcane01" key="2020" name="Runic Power Mastery" tier="0">
        <rank description="Increases your maximum Runic Power by 15." lvl="1"/>
        <rank description="Increases your maximum Runic Power by 30." lvl="2"/>
      </talent>
      <talent column="2" icon="spell_holy_devotion" key="1968" name="Toughness" tier="0">
        <rank description="Increases your armor value from items by 2% and reduces the duration of all movement slowing effects by 6%." lvl="1"/>
        <rank description="Increases your armor value from items by 4% and reduces the duration of all movement slowing effects by 12%." lvl="2"/>
        <rank description="Increases your armor value from items by 6% and reduces the duration of all movement slowing effects by 18%." lvl="3"/>
        <rank description="Increases your armor value from items by 8% and reduces the duration of all movement slowing effects by 24%." lvl="4"/>
        <rank description="Increases your armor value from items by 10% and reduces the duration of all movement slowing effects by 30%." lvl="5"/>
      </talent>
      <talent column="1" icon="spell_frost_manarecharge" key="2035" name="Icy Reach" tier="1">
        <rank description="Increases the range of your Icy Touch,  Chains of Ice and Howling Blast by 5 yards." lvl="1"/>
        <rank description="Increases the range of your Icy Touch, Chains of Ice and Howling Blast by 10 yards." lvl="2"/>
      </talent>
      <talent column="2" icon="spell_shadow_darkritual" key="1973" name="Black Ice" tier="1">
        <rank description="Increases your Frost and Shadow damage by 2%." lvl="1"/>
        <rank description="Increases your Frost and Shadow damage by 4%." lvl="2"/>
        <rank description="Increases your Frost and Shadow damage by 6%." lvl="3"/>
        <rank description="Increases your Frost and Shadow damage by 8%." lvl="4"/>
        <rank description="Increases your Frost and Shadow damage by 10%." lvl="5"/>
      </talent>
      <talent column="3" icon="ability_dualwield" key="2022" name="Nerves of Cold Steel" tier="1">
        <rank description="Increases your chance to hit with one-handed melee weapons by 1% and increases the damage done by your offhand weapon by 8%." lvl="1"/>
        <rank description="Increases your chance to hit with one-handed melee weapons by 2% and increases the damage done by your offhand weapon by 16%." lvl="2"/>
        <rank description="Increases your chance to hit with one-handed melee weapons by 3% and increases the damage done by your offhand weapon by 25%." lvl="3"/>
      </talent>
      <talent column="0" icon="spell_deathknight_icytalons" key="2042" name="Icy Talons" requires="2031" tier="2">
        <rank description="You leech heat from victims of your Frost Fever, so that when their melee attack speed is reduced, yours increases by 4% for the next 20 sec." lvl="1"/>
        <rank description="You leech heat from victims of your Frost Fever, so that when their melee attack speed is reduced, yours increases by 8% for the next 20 sec." lvl="2"/>
        <rank description="You leech heat from victims of your Frost Fever, so that when their melee attack speed is reduced, yours increases by 12% for the next 20 sec." lvl="3"/>
        <rank description="You leech heat from victims of your Frost Fever, so that when their melee attack speed is reduced, yours increases by 16% for the next 20 sec." lvl="4"/>
        <rank description="You leech heat from victims of your Frost Fever, so that when their melee attack speed is reduced, yours increases by 20% for the next 20 sec." lvl="5"/>
      </talent>
      <talent column="1" icon="spell_shadow_raisedead" key="2215" name="Lichborne" tier="2">
        <rank description="Draw upon unholy energy to become undead for 10 sec.  While undead, you are immune to Charm, Fear and Sleep effects." lvl="1"/>
        <spell castTime="0" cooldown="120000"/>
      </talent>
      <talent column="2" icon="inv_weapon_hand_18" key="2048" name="Annihilation" tier="2">
        <rank description="Increases the critical strike chance of your melee special abilities by 1%.  In addition, there is a 33% chance that your Obliterate will do its damage without consuming diseases." lvl="1"/>
        <rank description="Increases the critical strike chance of your melee special abilities by 2%.  In addition, there is a 66% chance that your Obliterate will do its damage without consuming diseases." lvl="2"/>
        <rank description="Increases the critical strike chance of your melee special abilities by 3%.  In addition, there is a 100% chance that your Obliterate will do its damage without consuming diseases." lvl="3"/>
      </talent>
      <talent column="1" icon="inv_sword_122" key="2044" name="Killing Machine" tier="3">
        <rank description="Your melee attacks have a chance to make your next Icy Touch, Howling Blast or Frost Strike a critical strike." lvl="1"/>
        <rank description="Your melee attacks have a chance to make your next Icy Touch, Howling Blast or Frost Strike a critical strike.  Effect occurs more often than Killing Machine (Rank 1)." lvl="2"/>
        <rank description="Your melee attacks have a chance to make your next Icy Touch, Howling Blast or Frost Strike a critical strike.  Effect occurs more often than Killing Machine (Rank 2)." lvl="3"/>
        <rank description="Your melee attacks have a chance to make your next Icy Touch, Howling Blast or Frost Strike a critical strike.  Effect occurs more often than Killing Machine (Rank 3)." lvl="4"/>
        <rank description="Your melee attacks have a chance to make your next Icy Touch, Howling Blast or Frost Strike a critical strike.  Effect occurs more often than Killing Machine (Rank 4)." lvl="5"/>
      </talent>
      <talent column="2" icon="spell_frost_frostshock" key="1981" name="Chill of the Grave" tier="3">
        <rank description="Your Chains of Ice, Howling Blast, Icy Touch and Obliterate generate 2.5 additional runic power." lvl="1"/>
        <rank description="Your Chains of Ice, Howling Blast, Icy Touch and Obliterate generate 5 additional runic power." lvl="2"/>
      </talent>
      <talent column="3" icon="spell_shadow_twilight" key="1971" name="Endless Winter" tier="3">
        <rank description="Your strength is increased by 2% and the cost of your Mind Freeze is reduced to 10 runic power." lvl="1"/>
        <rank description="Your strength is increased by 4% and your Mind Freeze no longer costs runic power." lvl="2"/>
      </talent>
      <talent column="1" icon="inv_chest_mail_04" key="1990" name="Frigid Dreadplate" tier="4">
        <rank description="Reduces the chance melee attacks will hit you by 1%." lvl="1"/>
        <rank description="Reduces the chance melee attacks will hit you by 2%." lvl="2"/>
        <rank description="Reduces the chance melee attacks will hit you by 3%." lvl="3"/>
      </talent>
      <talent column="2" icon="spell_nature_removedisease" key="2030" name="Glacier Rot" tier="4">
        <rank description="Diseased enemies take 7% more damage from your Icy Touch, Howling Blast and Frost Strike." lvl="1"/>
        <rank description="Diseased enemies take 13% more damage from your Icy Touch, Howling Blast and Frost Strike." lvl="2"/>
        <rank description="Diseased enemies take 20% more damage from your Icy Touch, Howling Blast and Frost Strike." lvl="3"/>
      </talent>
      <talent column="3" icon="spell_shadow_soulleech_2" key="1980" name="Deathchill" tier="4">
        <rank description="When activated, makes your next Icy Touch, Howling Blast, Frost Strike or Obliterate a critical hit if used within 30 sec." lvl="1"/>
        <spell castTime="0" cooldown="120000"/>
      </talent>
      <talent column="0" icon="spell_deathknight_icytalons" key="2223" name="Improved Icy Talons" requires="2042" tier="5">
        <rank description="Increases the melee haste of all party and raid members within 100 yds by 20% and your haste by an additional 5%." lvl="1"/>
        <spell castTime="0"/>
      </talent>
      <talent column="1" icon="inv_sword_112" key="1993" name="Merciless Combat" tier="5">
        <rank description="Your Icy Touch, Howling Blast, Obliterate and Frost Strike do an additional 6% damage when striking targets with less than 35% health." lvl="1"/>
        <rank description="Your Icy Touch, Howling Blast, Obliterate and Frost Strike do an additional 12% damage when striking targets with less than 35% health." lvl="2"/>
      </talent>
      <talent column="2" icon="spell_frost_freezingbreath" key="1992" name="Rime" tier="5">
        <rank description="Increases the critical strike chance of your Icy Touch and Obliterate by 5% and casting Obliterate has a 5% chance to reset the cooldown on Howling Blast and cause your next Howling Blast to consume no runes." lvl="1"/>
        <rank description="Increases the critical strike chance of your Icy Touch and Obliterate by 10% and casting Obliterate has a 10% chance to reset the cooldown on Howling Blast and cause your next Howling Blast to consume no runes." lvl="2"/>
        <rank description="Increases the critical strike chance of your Icy Touch and Obliterate by 15% and casting Obliterate has a 15% chance to reset the cooldown on Howling Blast and cause your next Howling Blast to consume no runes." lvl="3"/>
      </talent>
      <talent column="0" icon="spell_frost_wisp" key="2260" name="Chilblains" tier="6">
        <rank description="Victims of your Frost Fever disease are Chilled, reducing movement speed by 15% for 10 sec." lvl="1"/>
        <rank description="Victims of your Frost Fever disease are Chilled, reducing movement speed by 30% for 10 sec." lvl="2"/>
        <rank description="Victims of your Frost Fever disease are Chilled, reducing movement speed by 50% for 10 sec." lvl="3"/>
      </talent>
      <talent column="1" icon="inv_staff_15" key="1999" name="Hungering Cold" tier="6">
        <rank description="Purges the earth around the Death Knight of all heat.  Enemies within 10 yards are trapped in ice, preventing them from performing any action for 10 sec and infecting them with Frost Fever.  Enemies are considered Frozen, but any damage other than diseases will break the ice." lvl="1"/>
        <spell castTime="0" cooldown="60000">
          <power cost="40" type="runic"/>
        </spell>
      </talent>
      <talent column="2" icon="spell_deathknight_frostpresence" key="2029" name="Improved Frost Presence" tier="6">
        <rank description="While in Blood Presence or Unholy Presence, you retain 4% stamina from Frost Presence, and damage done to you is decreased by an additional 1% in Frost Presence." lvl="1"/>
        <rank description="While in Blood Presence or Unholy Presence, you retain 8% stamina from Frost Presence, and damage done to you is decreased by an additional 2% in Frost Presence." lvl="2"/>
      </talent>
      <talent column="0" icon="ability_dualwieldspecialization" key="2284" name="Threat of Thassarian" tier="7">
        <rank description="When dual-wielding, your Death Strikes, Obliterates, Plague Strikes, Rune Strikes, Blood Strikes and Frost Strikes have a 30% chance to also deal damage with your offhand weapon." lvl="1"/>
        <rank description="When dual-wielding, your Death Strikes, Obliterates, Plague Strikes, Rune Strikes, Blood Strikes and Frost Strikes have a 60% chance to also deal damage with your offhand weapon." lvl="2"/>
        <rank description="When dual-wielding, your Death Strikes, Obliterates, Plague Strikes, Rune Strikes, Blood Strikes and Frost Strikes have a 100% chance to also deal damage with your offhand weapon." lvl="3"/>
      </talent>
      <talent column="1" icon="inv_weapon_shortblade_79" key="2210" name="Blood of the North" tier="7">
        <rank description="Increases Blood Strike and Frost Strike damage by 3%.  In addition, whenever you hit with Blood Strike or Pestilence there is a 30% chance that the Blood Rune will become a Death Rune when it activates.  Death Runes count as a Blood, Frost or Unholy Rune." lvl="1"/>
        <rank description="Increases Blood Strike and Frost Strike damage by 6%.  In addition, whenever you hit with Blood Strike or Pestilence there is a 60% chance that the Blood Rune will become a Death Rune when it activates.  Death Runes count as a Blood, Frost or Unholy Rune." lvl="2"/>
        <rank description="Increases Blood Strike and Frost Strike damage by 10%.  In addition, whenever you hit with Blood Strike or Pestilence there is a 100% chance that the Blood Rune will become a Death Rune when it activates.  Death Runes count as a Blood, Frost or Unholy Rune." lvl="3"/>
      </talent>
      <talent column="2" icon="inv_armor_helm_plate_naxxramas_raidwarrior_c_01" key="1979" name="Unbreakable Armor" tier="7">
        <rank description="Reinforces your armor with a thick coat of ice, increasing your armor by 25% and increasing your Strength by 20% for 20 sec." lvl="1"/>
        <spell castTime="0" cooldown="60000">
          <power cost="1" type="frost"/>
        </spell>
      </talent>
      <talent column="0" icon="spell_fire_elementaldevastation" key="1997" name="Acclimation" tier="8">
        <rank description="When you are hit by a spell, you have a 10% chance to boost your resistance to that type of magic for 18 sec.  Stacks up to 3 times." lvl="1"/>
        <rank description="When you are hit by a spell, you have a 20% chance to boost your resistance to that type of magic for 18 sec.  Stacks up to 3 times." lvl="2"/>
        <rank description="When you are hit by a spell, you have a 30% chance to boost your resistance to that type of magic for 18 sec.  Stacks up to 3 times." lvl="3"/>
      </talent>
      <talent column="1" icon="spell_deathknight_empowerruneblade2" key="1975" name="Frost Strike" tier="8">
        <rank description="Instantly strike the enemy, causing 55% weapon damage plus 48 as Frost damage." lvl="1"/>
        <spell castTime="0" maxRange="5">
          <power cost="40" type="runic"/>
        </spell>
      </talent>
      <talent column="2" icon="inv-sword_53" key="2040" name="Guile of Gorefiend" tier="8">
        <rank description="Increases the critical strike damage bonus of your Blood Strike, Frost Strike, Howling Blast and Obliterate abilities by 15%, and increases the duration of your Icebound Fortitude by 2 secs." lvl="1"/>
        <rank description="Increases the critical strike damage bonus of your Blood Strike, Frost Strike, Howling Blast and Obliterate abilities by 30%, and increases the duration of your Icebound Fortitude by 4 secs." lvl="2"/>
        <rank description="Increases the critical strike damage bonus of your Blood Strike, Frost Strike, Howling Blast and Obliterate abilities by 45%, and increases the duration of your Icebound Fortitude by 6 secs." lvl="3"/>
      </talent>
      <talent column="1" icon="spell_nature_tranquility" key="1998" name="Tundra Stalker" tier="9">
        <rank description="Your spells and abilities deal 3% more damage to targets infected with Frost Fever.  Also increases your expertise by 1." lvl="1"/>
        <rank description="Your spells and abilities deal 6% more damage to targets infected with Frost Fever.  Also increases your expertise by 2." lvl="2"/>
        <rank description="Your spells and abilities deal 9% more damage to targets infected with Frost Fever.  Also increases your expertise by 3." lvl="3"/>
        <rank description="Your spells and abilities deal 12% more damage to targets infected with Frost Fever.  Also increases your expertise by 4." lvl="4"/>
        <rank description="Your spells and abilities deal 15% more damage to targets infected with Frost Fever.  Also increases your expertise by 5." lvl="5"/>
      </talent>
      <talent column="1" icon="spell_frost_arcticwinds" key="1989" name="Howling Blast" tier="10">
        <rank description="Blast the target with a frigid wind dealing 198 to 214 Frost damage to all enemies within 10 yards." lvl="1"/>
        <spell castTime="0" cooldown="8000" maxRange="20">
          <power cost="1" type="unholy"/>
          <power cost="1" type="frost"/>
        </spell>
      </talent>
    </tree>
    <tree bgImage="DeathKnightBlood" icon="spell_deathknight_bloodpresence" key="Blood" name="Blood" order="0">
      <talent column="0" icon="inv_axe_68" key="1939" name="Butchery" tier="0">
        <rank description="Whenever you kill an enemy that grants experience or honor, you generate up to 10 runic power.  In addition, you generate 1 runic power per 5 sec while in combat." lvl="1"/>
        <rank description="Whenever you kill an enemy that grants experience or honor, you generate up to 20 runic power.  In addition, you generate 2 runic power per 5 sec while in combat." lvl="2"/>
      </talent>
      <talent column="1" icon="spell_deathknight_subversion" key="1945" name="Subversion" tier="0">
        <rank description="Increases the critical strike chance of Blood Strike, Scourge Strike, Heart Strike and Obliterate by 3%, and reduces threat generated while in Blood or Unholy Presence by 8%." lvl="1"/>
        <rank description="Increases the critical strike chance of Blood Strike, Scourge Strike, Heart Strike and Obliterate by 6%, and reduces threat generated while in Blood or Unholy Presence by 16%." lvl="2"/>
        <rank description="Increases the critical strike chance of Blood Strike, Scourge Strike, Heart Strike and Obliterate by 9%, and reduces threat generated while in Blood or Unholy Presence by 25%." lvl="3"/>
      </talent>
      <talent column="2" icon="ability_upgrademoonglaive" key="2017" name="Blade Barrier" tier="0">
        <rank description="Whenever your Blood Runes are on cooldown, you gain the Blade Barrier effect, which decreases damage taken by 1% for the next 10 sec." lvl="1"/>
        <rank description="Whenever your Blood Runes are on cooldown, you gain the Blade Barrier effect, which decreases damage taken by 2% for the next 10 sec." lvl="2"/>
        <rank description="Whenever your Blood Runes are on cooldown, you gain the Blade Barrier effect, which decreases damage taken by 3% for the next 10 sec." lvl="3"/>
        <rank description="Whenever your Blood Runes are on cooldown, you gain the Blade Barrier effect, which decreases damage taken by 4% for the next 10 sec." lvl="4"/>
        <rank description="Whenever your Blood Runes are on cooldown, you gain the Blade Barrier effect, which decreases damage taken by 5% for the next 10 sec." lvl="5"/>
      </talent>
      <talent column="0" icon="inv_shoulder_36" key="1938" name="Bladed Armor" tier="1">
        <rank description="Increases your attack power by 1 for every 180 armor value you have." lvl="1"/>
        <rank description="Increases your attack power by 2 for every 180 armor value you have." lvl="2"/>
        <rank description="Increases your attack power by 3 for every 180 armor value you have." lvl="3"/>
        <rank description="Increases your attack power by 4 for every 180 armor value you have." lvl="4"/>
        <rank description="Increases your attack power by 5 for every 180 armor value you have." lvl="5"/>
      </talent>
      <talent column="1" icon="ability_rogue_bloodyeye" key="1948" name="Scent of Blood" tier="1">
        <rank description="You have a 15% chance after dodging, parrying or taking  direct damage to gain the Scent of Blood effect, causing your next melee hit to generate 10 runic power." lvl="1"/>
        <rank description="You have a 15% chance after dodging, parrying or taking  direct damage to gain the Scent of Blood effect, causing your next 2 melee hits to generate 10 runic power." lvl="2"/>
        <rank description="You have a 15% chance after dodging, parrying or taking  direct damage to gain the Scent of Blood effect, causing your next 3 melee hits to generate 10 runic power." lvl="3"/>
      </talent>
      <talent column="2" icon="inv_sword_68" key="2217" name="Two-Handed Weapon Specialization" tier="1">
        <rank description="Increases the damage you deal with two-handed melee weapons by 2%." lvl="1"/>
        <rank description="Increases the damage you deal with two-handed melee weapons by 4%." lvl="2"/>
      </talent>
      <talent column="0" icon="spell_deathknight_runetap" key="1941" name="Rune Tap" tier="2">
        <rank description="Converts 1 Blood Rune into 10% of your maximum health." lvl="1"/>
        <spell castTime="0" cooldown="60000">
          <power cost="1" type="blood"/>
        </spell>
      </talent>
      <talent column="1" icon="spell_deathknight_darkconviction" key="1943" name="Dark Conviction" tier="2">
        <rank description="Increases your chance to critically hit with weapons, spells and abilities by 1%." lvl="1"/>
        <rank description="Increases your chance to critically hit with weapons, spells and abilities by 2%." lvl="2"/>
        <rank description="Increases your chance to critically hit with weapons, spells and abilities by 3%." lvl="3"/>
        <rank description="Increases your chance to critically hit with weapons, spells and abilities by 4%." lvl="4"/>
        <rank description="Increases your chance to critically hit with weapons, spells and abilities by 5%." lvl="5"/>
      </talent>
      <talent column="2" icon="inv_sword_62" key="2086" name="Death Rune Mastery" tier="2">
        <rank description="Whenever you hit with Death Strike or Obliterate there is a 33% chance that the Frost and Unholy Runes will become Death Runes when they activate.  Death Runes count as a Blood, Frost or Unholy Rune." lvl="1"/>
        <rank description="Whenever you hit with Death Strike or Obliterate there is a 66% chance that the Frost and Unholy Runes will become Death Runes when they activate.  Death Runes count as a Blood, Frost or Unholy Rune." lvl="2"/>
        <rank description="Whenever you hit with Death Strike or Obliterate there is a 100% chance that the Frost and Unholy Runes will become Death Runes when they activate.  Death Runes count as a Blood, Frost or Unholy Rune." lvl="3"/>
      </talent>
      <talent column="0" icon="spell_deathknight_runetap" key="1942" name="Improved Rune Tap" requires="1941" tier="3">
        <rank description="Increases the health provided by Rune Tap by 33% and lowers its cooldown by 10 sec." lvl="1"/>
        <rank description="Increases the health provided by Rune Tap by 66% and lowers its cooldown by 20 sec." lvl="2"/>
        <rank description="Increases the health provided by Rune Tap by 100% and lowers its cooldown by 30 sec." lvl="3"/>
      </talent>
      <talent column="2" icon="spell_deathknight_spelldeflection" key="2018" name="Spell Deflection" tier="3">
        <rank description="You have a chance equal to your Parry chance of taking 15% less damage from a direct damage spell." lvl="1"/>
        <rank description="You have a chance equal to your Parry chance of taking 30% less damage from a direct damage spell." lvl="2"/>
        <rank description="You have a chance equal to your Parry chance of taking 45% less damage from a direct damage spell." lvl="3"/>
      </talent>
      <talent column="3" icon="spell_deathknight_vendetta" key="1953" name="Vendetta" tier="3">
        <rank description="Heals you for up to 2% of your maximum health whenever you kill a target that yields experience or honor." lvl="1"/>
        <rank description="Heals you for up to 4% of your maximum health whenever you kill a target that yields experience or honor." lvl="2"/>
        <rank description="Heals you for up to 6% of your maximum health whenever you kill a target that yields experience or honor." lvl="3"/>
      </talent>
      <talent column="0" icon="spell_deathknight_deathstrike" key="2015" name="Bloody Strikes" tier="4">
        <rank description="Increases the damage of Blood Strike by 5% and Heart Strike by 15%, and increases the damage of Blood Boil by 10%." lvl="1"/>
        <rank description="Increases the damage of Blood Strike by 10% and Heart Strike by 30%, and increases the damage of Blood Boil by 20%." lvl="2"/>
        <rank description="Increases the damage of Blood Strike by 15% and Heart Strike by 45%, and increases the damage of Blood Boil by 30%." lvl="3"/>
      </talent>
      <talent column="2" icon="spell_misc_warsongfocus" key="1950" name="Veteran of the Third War" tier="4">
        <rank description="Increases your total Strength by 2%, your Stamina by 1%, and your expertise by 2." lvl="1"/>
        <rank description="Increases your total Strength by 4%, your Stamina by 2%, and your expertise by 4." lvl="2"/>
        <rank description="Increases your total Strength by 6%, your Stamina by 3%, and your expertise by 6." lvl="3"/>
      </talent>
      <talent column="3" icon="ability_hunter_rapidkilling" key="1949" name="Mark of Blood" tier="4">
        <rank description="Place a Mark of Blood on an enemy.  Whenever the marked enemy deals damage to a target, that target is healed for 4% of its maximum health.  Lasts for 20 sec or up to 20 hits." lvl="1"/>
        <spell castTime="0" cooldown="180000" maxRange="30">
          <power cost="1" type="blood"/>
        </spell>
      </talent>
      <talent column="1" icon="ability_backstab" key="1944" name="Bloody Vengeance" requires="1943" tier="5">
        <rank description="Gives you a 1% bonus to physical damage you deal for 30 sec after dealing a critical strike from a weapon swing, spell, or ability.  This effect stacks up to 3 times." lvl="1"/>
        <rank description="Gives you a 2% bonus to physical damage you deal for 30 sec after dealing a critical strike from a weapon swing, spell, or ability.  This effect stacks up to 3 times." lvl="2"/>
        <rank description="Gives you a 3% bonus to physical damage you deal for 30 sec after dealing a critical strike from a weapon swing, spell, or ability.  This effect stacks up to 3 times." lvl="3"/>
      </talent>
      <talent column="2" icon="ability_warrior_intensifyrage" key="2105" name="Abomination's Might" tier="5">
        <rank description="Increases the attack power by 5% of party and raid members within 100 yards.  Also increases your total Strength by 1%." lvl="1"/>
        <rank description="Increases the attack power by 10% of party and raid members within 100 yards.  Also increases your total Strength by 2%." lvl="2"/>
      </talent>
      <talent column="0" icon="spell_shadow_soulleech" key="1960" name="Bloodworms" tier="6">
        <rank description="Your weapon hits have a 3% chance to cause the target to spawn 2-4 Bloodworms.  Bloodworms attack your enemies, healing you as they do damage for 20 sec or until killed." lvl="1"/>
        <rank description="Your weapon hits have a 6% chance to cause the target to spawn 2-4 Bloodworms.  Bloodworms attack your enemies, healing you as they do damage for 20 sec or until killed." lvl="2"/>
        <rank description="Your weapon hits have a 9% chance to cause the target to spawn 2-4 Bloodworms.  Bloodworms attack your enemies, healing you as they do damage for 20 sec or until killed." lvl="3"/>
      </talent>
      <talent column="1" icon="spell_deathknight_bladedarmor" key="1954" name="Hysteria" tier="6">
        <rank description="Induces a friendly unit into a killing frenzy for 30 sec.  The target is Enraged, which increases their physical damage by 20%, but causes them to lose health equal to 1% of their maximum health every second." lvl="1"/>
        <spell castTime="0" cooldown="180000" maxRange="30"/>
      </talent>
      <talent column="2" icon="spell_deathknight_bloodpresence" key="1936" name="Improved Blood Presence" tier="6">
        <rank description="While in Frost Presence or Unholy Presence, you retain 2% healing from Blood Presence, and healing done to you is increased by 5% in Blood Presence." lvl="1"/>
        <rank description="While in Frost Presence or Unholy Presence, you retain 4% healing from Blood Presence, and healing done to you is increased by 10% in Blood Presence." lvl="2"/>
      </talent>
      <talent column="0" icon="spell_deathknight_butcher2" key="2259" name="Improved Death Strike" tier="7">
        <rank description="Increases the damage of your Death Strike by 15%, increases its critical strike chance by 3%, and increases the healing granted by 25%." lvl="1"/>
        <rank description="Increases the damage of your Death Strike by 30%, increases its critical strike chance by 6%, and increases the healing granted by 50%." lvl="2"/>
      </talent>
      <talent column="1" icon="spell_shadow_painspike" key="1955" name="Sudden Doom" tier="7">
        <rank description="Your Blood Strikes and Heart Strikes have a 5% chance to launch a free Death Coil at your target." lvl="1"/>
        <rank description="Your Blood Strikes and Heart Strikes have a 10% chance to launch a free Death Coil at your target." lvl="2"/>
        <rank description="Your Blood Strikes and Heart Strikes have a 15% chance to launch a free Death Coil at your target." lvl="3"/>
      </talent>
      <talent column="2" icon="spell_shadow_lifedrain" key="2019" name="Vampiric Blood" tier="7">
        <rank description="Temporarily grants the Death Knight 15% of maximum health and increases the amount of health generated through spells and effects by 35% for 10 sec.  After the effect expires, the health is lost." lvl="1"/>
        <spell castTime="0" cooldown="60000">
          <power cost="1" type="blood"/>
        </spell>
      </talent>
      <talent column="0" icon="ability_creature_cursed_02" key="1959" name="Will of the Necropolis" tier="8">
        <rank description="Damage that would take you below 35% health or taken while you are at 35% health is reduced by 5%." lvl="1"/>
        <rank description="Damage that would take you below 35% health or taken while you are at 35% health is reduced by 10%." lvl="2"/>
        <rank description="Damage that would take you below 35% health or taken while you are at 35% health is reduced by 15%." lvl="3"/>
      </talent>
      <talent column="1" icon="inv_weapon_shortblade_40" key="1957" name="Heart Strike" tier="8">
        <rank description="Instantly strike the target and his nearest ally, causing 50% weapon damage plus 125 on the primary target, and 25% weapon damage plus 63 on the secondary target.  Each target takes 10% additional damage for each of your diseases active on that target." lvl="1"/>
        <spell castTime="0" maxRange="5">
          <power cost="1" type="blood"/>
        </spell>
      </talent>
      <talent column="2" icon="spell_deathknight_classicon" key="1958" name="Might of Mograine" tier="8">
        <rank description="Increases the critical strike damage bonus of your Blood Boil, Blood Strike, Death Strike, and Heart Strike abilities by 15%." lvl="1"/>
        <rank description="Increases the critical strike damage bonus of your Blood Boil, Blood Strike, Death Strike, and Heart Strike abilities by 30%." lvl="2"/>
        <rank description="Increases the critical strike damage bonus of your Blood Boil, Blood Strike, Death Strike, and Heart Strike abilities by 45%." lvl="3"/>
      </talent>
      <talent column="1" icon="spell_nature_reincarnation" key="2034" name="Blood Gorged" tier="9">
        <rank description="When you are above 75% health, you deal 2% more damage.  In addition, your attacks ignore up to 2% of your opponent's armor at all times." lvl="1"/>
        <rank description="When you are above 75% health, you deal 4% more damage.  In addition, your attacks ignore up to 4% of your opponent's armor at all times." lvl="2"/>
        <rank description="When you are above 75% health, you deal 6% more damage.  In addition, your attacks ignore up to 6% of your opponent's armor at all times." lvl="3"/>
        <rank description="When you are above 75% health, you deal 8% more damage.  In addition, your attacks ignore up to 8% of your opponent's armor at all times." lvl="4"/>
        <rank description="When you are above 75% health, you deal 10% more damage.  In addition, your attacks ignore up to 10% of your opponent's armor at all times." lvl="5"/>
      </talent>
      <talent column="1" icon="inv_sword_07" key="1961" name="Dancing Rune Weapon" tier="10">
        <rank description="Summons a second rune weapon that fights on its own for 12 sec, doing the same attacks as the Death Knight but for 50% reduced damage." lvl="1"/>
        <spell castTime="0" cooldown="90000" maxRange="30">
          <power cost="60" type="runic"/>
        </spell>
      </talent>
    </tree>
    <tree bgImage="DeathKnightUnholy" icon="spell_deathknight_unholypresence" key="Unholy" name="Unholy" order="2">
      <talent column="0" icon="spell_deathknight_plaguestrike" key="2082" name="Vicious Strikes" tier="0">
        <rank description="Increases the critical strike chance by 3% and critical strike damage bonus by 15% of your Plague Strike and Scourge Strike." lvl="1"/>
        <rank description="Increases the critical strike chance by 6% and critical strike damage bonus by 30% of your Plague Strike and Scourge Strike." lvl="2"/>
      </talent>
      <talent column="1" icon="spell_shadow_burningspirit" key="1932" name="Virulence" tier="0">
        <rank description="Increases your chance to hit with your spells by 1% and reduces the chance that your damage over time diseases can be cured by 10%." lvl="1"/>
        <rank description="Increases your chance to hit with your spells by 2% and reduces the chance that your damage over time diseases can be cured by 20%." lvl="2"/>
        <rank description="Increases your chance to hit with your spells by 3% and reduces the chance that your damage over time diseases can be cured by 30%." lvl="3"/>
      </talent>
      <talent column="2" icon="spell_nature_mirrorimage" key="2218" name="Anticipation" tier="0">
        <rank description="Increases your Dodge chance by 1%." lvl="1"/>
        <rank description="Increases your Dodge chance by 2%." lvl="2"/>
        <rank description="Increases your Dodge chance by 3%." lvl="3"/>
        <rank description="Increases your Dodge chance by 4%." lvl="4"/>
        <rank description="Increases your Dodge chance by 5%." lvl="5"/>
      </talent>
      <talent column="0" icon="spell_shadow_shadowwordpain" key="1963" name="Epidemic" tier="1">
        <rank description="Increases the duration of Blood Plague and Frost Fever by 3 sec." lvl="1"/>
        <rank description="Increases the duration of Blood Plague and Frost Fever by 6 sec." lvl="2"/>
      </talent>
      <talent column="1" icon="spell_shadow_deathanddecay" key="1933" name="Morbidity" tier="1">
        <rank description="Increases the damage and healing of Death Coil by 5% and reduces the cooldown on Death and Decay by 5 sec." lvl="1"/>
        <rank description="Increases the damage and healing of Death Coil by 10% and reduces the cooldown on Death and Decay by 10 sec." lvl="2"/>
        <rank description="Increases the damage and healing of Death Coil by 15% and reduces the cooldown on Death and Decay by 15 sec." lvl="3"/>
      </talent>
      <talent column="2" icon="spell_deathknight_strangulate" key="2025" name="Unholy Command" tier="1">
        <rank description="Reduces the cooldown of your Death Grip ability by 5 sec." lvl="1"/>
        <rank description="Reduces the cooldown of your Death Grip ability by 10 sec." lvl="2"/>
      </talent>
      <talent column="3" icon="spell_deathknight_gnaw_ghoul" key="1934" name="Ravenous Dead" tier="1">
        <rank description="Increases your total Strength by 1% and the contribution your Ghouls get from your Strength and Stamina by 20%." lvl="1"/>
        <rank description="Increases your total Strength by 2% and the contribution your Ghouls get from your Strength and Stamina by 40%." lvl="2"/>
        <rank description="Increases your total Strength by 3% and the contribution your Ghouls get from your Strength and Stamina by 60%" lvl="3"/>
      </talent>
      <talent column="0" icon="spell_shadow_plaguecloud" key="2008" name="Outbreak" tier="2">
        <rank description="Increases the damage of Plague Strike by 10% and Scourge Strike by 7%." lvl="1"/>
        <rank description="Increases the damage of Plague Strike by 20% and Scourge Strike by 13%." lvl="2"/>
        <rank description="Increases the damage of Plague Strike by 30% and Scourge Strike by 20%." lvl="3"/>
      </talent>
      <talent column="1" icon="inv_weapon_shortblade_60" key="2047" name="Necrosis" tier="2">
        <rank description="Your auto attacks deal an additional 4% Shadow damage." lvl="1"/>
        <rank description="Your auto attacks deal an additional 8% Shadow damage." lvl="2"/>
        <rank description="Your auto attacks deal an additional 12% Shadow damage." lvl="3"/>
        <rank description="Your auto attacks deal an additional 16% Shadow damage." lvl="4"/>
        <rank description="Your auto attacks deal an additional 20% Shadow damage." lvl="5"/>
      </talent>
      <talent column="2" icon="ability_creature_disease_02" key="1985" name="Corpse Explosion" tier="2">
        <rank description="Cause a corpse to explode for 166 Shadow damage to all enemies within 10 yards.  Will use a nearby corpse if the target is not a corpse.  Does not affect mechanical or elemental corpses." lvl="1"/>
        <spell castTime="0" cooldown="5000" maxRange="30">
          <power cost="40" type="runic"/>
        </spell>
      </talent>
      <talent column="1" icon="spell_deathknight_summondeathcharger" key="2039" name="On a Pale Horse" tier="3">
        <rank description="You become as hard to stop as death itself.  The duration of all Stun and Fear effects used against you is reduced by 10%, and your mounted speed is increased by 10%.  This does not stack with other movement speed increasing effects." lvl="1"/>
        <rank description="You become as hard to stop as death itself.  The duration of all Stun and Fear effects used against you is reduced by 20%, and your mounted speed is increased by 20%.  This does not stack with other movement speed increasing effects." lvl="2"/>
      </talent>
      <talent column="2" icon="ability_criticalstrike" key="2004" name="Blood-Caked Blade" tier="3">
        <rank description="Your auto attacks have a 10% chance to cause a Blood-Caked Strike, which hits for 25% weapon damage plus 12.5% for each of your diseases on the target." lvl="1"/>
        <rank description="Your auto attacks have a 20% chance to cause a Blood-Caked Strike, which hits for 25% weapon damage plus 12.5% for each of your diseases on the target." lvl="2"/>
        <rank description="Your auto attacks have a 30% chance to cause a Blood-Caked Strike, which hits for 25% weapon damage plus 12.5% for each of your diseases on the target." lvl="3"/>
      </talent>
      <talent column="3" icon="spell_deathknight_armyofthedead" key="2225" name="Night of the Dead" tier="3">
        <rank description="Reduces the cooldown on Raise Dead by 45 sec and the cooldown on Army of the Dead by 2 min.  Also reduces the damage your pet takes from creature area of effect attacks by 45%." lvl="1"/>
        <rank description="Reduces the cooldown on Raise Dead by 90 sec and the cooldown on Army of the Dead by 4 min.  Also reduces the damage your pet takes from creature area of effect attacks by 90%." lvl="2"/>
      </talent>
      <talent column="0" icon="spell_shadow_contagion" key="1996" name="Unholy Blight" tier="4">
        <rank description="Causes the victims of your Death Coil to be surrounded by a vile swarm of unholy insects, taking 10% of the damage done by the Death Coil over 10 sec, and preventing any diseases on the victim from being dispelled." lvl="1"/>
      </talent>
      <talent column="1" icon="spell_shadow_shadowandflame" key="2005" name="Impurity" tier="4">
        <rank description="The attack power bonus of your spells is increased by 4%." lvl="1"/>
        <rank description="The attack power bonus of your spells is increased by 8%." lvl="2"/>
        <rank description="The attack power bonus of your spells is increased by 12%." lvl="3"/>
        <rank description="The attack power bonus of your spells is increased by 16%." lvl="4"/>
        <rank description="Your spells receive an additional 20% benefit from your attack power." lvl="5"/>
      </talent>
      <talent column="2" icon="spell_shadow_shadesofdarkness" key="2011" name="Dirge" tier="4">
        <rank description="Your Death Strike, Plague Strike and Scourge Strike generate 2.5 additional runic power." lvl="1"/>
        <rank description="Your Death Strike, Plague Strike and Scourge Strike generate 5 additional runic power." lvl="2"/>
      </talent>
      <talent column="0" icon="spell_shadow_shadowfiend" key="2226" name="Desecration" tier="5">
        <rank description="Your Plague Strikes and Scourge Strikes cause the Desecrated Ground effect.  Targets in the area are slowed by 25% by the grasping arms of the dead while standing on the unholy ground.  Lasts 20 sec." lvl="1"/>
        <rank description="Your Plague Strikes and Scourge Strikes cause the Desecrated Ground effect.  Targets in the area are slowed by 50% by the grasping arms of the dead while standing on the unholy ground.  Lasts 20 sec." lvl="2"/>
      </talent>
      <talent column="1" icon="spell_shadow_antimagicshell" key="2009" name="Magic Suppression" tier="5">
        <rank description="You take 2% less damage from all magic.  In addition, your Anti-Magic Shell absorbs an additional 8% of spell damage." lvl="1"/>
        <rank description="You take 4% less damage from all magic.  In addition, your Anti-Magic Shell absorbs an additional 16% of spell damage." lvl="2"/>
        <rank description="You take 6% less damage from all magic.  In addition, your Anti-Magic Shell absorbs an additional 25% of spell damage." lvl="3"/>
      </talent>
      <talent column="2" icon="spell_shadow_shadetruesight" key="2001" name="Reaping" tier="5">
        <rank description="Whenever you hit with Blood Strike or Pestilence there is a 33% chance that the Blood Rune becomes a Death Rune when it activates.  Death Runes count as a Blood, Frost or Unholy Rune." lvl="1"/>
        <rank description="Whenever you hit with Blood Strike or Pestilence there is a 66% chance that the Blood Rune becomes a Death Rune when it activates.  Death Runes count as a Blood, Frost or Unholy Rune." lvl="2"/>
        <rank description="Whenever you hit with Blood Strike or Pestilence there is a 100% chance that the Blood Rune becomes a Death Rune when it activates.  Death Runes count as a Blood, Frost or Unholy Rune." lvl="3"/>
      </talent>
      <talent column="3" icon="spell_shadow_animatedead" key="1984" name="Master of Ghouls" requires="2225" tier="5">
        <rank description="Reduces the cooldown on Raise Dead by 60 sec, and the Ghoul summoned by your Raise Dead spell is considered a pet under your control.  Unlike normal Death Knight Ghouls, your pet does not have a limited duration." lvl="1"/>
      </talent>
      <talent column="0" icon="spell_shadow_unholyfrenzy" key="2285" name="Desolation" tier="6">
        <rank description="Your Blood Strikes cause you to deal 1% additional damage with all attacks for the next 20 sec." lvl="1"/>
        <rank description="Your Blood Strikes cause you to deal 2% additional damage with all attacks for the next 20 sec." lvl="2"/>
        <rank description="Your Blood Strikes cause you to deal 3% additional damage with all attacks for the next 20 sec." lvl="3"/>
        <rank description="Your Blood Strikes cause you to deal 4% additional damage with all attacks for the next 20 sec." lvl="4"/>
        <rank description="Your Blood Strikes cause you to deal 5% additional damage with all attacks for the next 20 sec." lvl="5"/>
      </talent>
      <talent column="1" icon="spell_deathknight_antimagiczone" key="2221" name="Anti-Magic Zone" requires="2009" tier="6">
        <rank description="Places a large, stationary Anti-Magic Zone that reduces spell damage done to party or raid members inside it by 75%.  The Anti-Magic Zone lasts for 10 sec or until it absorbs 10052 spell damage." lvl="1"/>
        <spell castTime="0" cooldown="120000">
          <power cost="1" type="unholy"/>
        </spell>
      </talent>
      <talent column="2" icon="spell_deathknight_unholypresence" key="2013" name="Improved Unholy Presence" tier="6">
        <rank description="While in Blood Presence or Frost Presence, you retain 8% increased movement speed from Unholy Presence, and your runes finish their cooldowns 5% faster in Unholy Presence." lvl="1"/>
        <rank description="While in Blood Presence or Frost Presence, you retain 15% increased movement speed from Unholy Presence, and your runes finish their cooldowns 10% faster in Unholy Presence." lvl="2"/>
      </talent>
      <talent column="3" icon="ability_ghoulfrenzy" key="2085" name="Ghoul Frenzy" requires="1984" tier="6">
        <rank description="Grants your pet 25% haste for 30 sec and  heals it for 60% of its health over the duration." lvl="1"/>
        <spell castTime="0" cooldown="10000" maxRange="45">
          <power cost="1" type="unholy"/>
        </spell>
      </talent>
      <talent column="1" icon="spell_nature_nullifydisease" key="1962" name="Crypt Fever" tier="7">
        <rank description="Your diseases also cause Crypt Fever, which increases disease damage taken by the target by 10%." lvl="1"/>
        <rank description="Your diseases also cause Crypt Fever, which increases disease damage taken by the target by 20%." lvl="2"/>
        <rank description="Your diseases also cause Crypt Fever, which increases disease damage taken by the target by 30%." lvl="3"/>
      </talent>
      <talent column="2" icon="inv_chest_leather_13" key="2007" name="Bone Shield" tier="7">
        <rank description="The Death Knight is surrounded by 3 whirling bones.  While at least 1 bone remains, she takes 20% less damage from all sources and deals 2% more damage with all attacks, spells and abilities.  Each damaging attack that lands consumes 1 bone.  Lasts 5 min." lvl="1"/>
        <spell castTime="0" cooldown="60000">
          <power cost="1" type="unholy"/>
        </spell>
      </talent>
      <talent column="0" icon="spell_shadow_callofbone" key="2003" name="Wandering Plague" tier="8">
        <rank description="When your diseases damage an enemy, there is a chance equal to your melee critical strike chance that they will cause 33% additional damage to the target and all enemies within 8 yards.  Ignores any target under the effect of a spell that is cancelled by taking damage." lvl="1"/>
        <rank description="When your diseases damage an enemy, there is a chance equal to your melee critical strike chance that they will cause 66% additional damage to the target and all enemies within 8 yards.  Ignores any target under the effect of a spell that is cancelled by taking damage." lvl="2"/>
        <rank description="When your diseases damage an enemy, there is a chance equal to your melee critical strike chance that they will cause 100% additional damage to the target and all enemies within 8 yards.  Ignores any target under the effect of a spell that is cancelled by taking damage." lvl="3"/>
      </talent>
      <talent column="1" icon="ability_creature_cursed_03" key="2043" name="Ebon Plaguebringer" requires="1962" tier="8">
        <rank description="Your Crypt Fever morphs into Ebon Plague, which increases magic damage taken by 4% in addition to increasing disease damage taken.  Improves your critical strike chance with weapons and spells by 1% at all times." lvl="1"/>
        <rank description="Your Crypt Fever morphs into Ebon Plague, which increases magic damage taken by 9% in addition to increasing disease damage taken.  Improves your critical strike chance with weapons and spells by 2% at all times." lvl="2"/>
        <rank description="Your Crypt Fever morphs into Ebon Plague, which increases magic damage taken by 13% in addition to increasing disease damage taken.  Improves your critical strike chance with weapons and spells by 3% at all times." lvl="3"/>
      </talent>
      <talent column="2" icon="spell_deathknight_scourgestrike" key="2216" name="Scourge Strike" tier="8">
        <rank description="An unholy strike that deals 70% of weapon damage as Physical damage plus 238.  In addition, for each of your diseases on your target, you deal an additional 12% of the Physical damage done as Shadow damage." lvl="1"/>
        <spell castTime="0" maxRange="5">
          <power cost="1" type="unholy"/>
          <power cost="1" type="frost"/>
        </spell>
      </talent>
      <talent column="1" icon="inv_weapon_halberd14" key="2036" name="Rage of Rivendare" tier="9">
        <rank description="Your spells and abilities deal 2% more damage to targets infected with Blood Plague.  Also increases your expertise by 1." lvl="1"/>
        <rank description="Your spells and abilities deal 4% more damage to targets infected with Blood Plague.  Also increases your expertise by 2." lvl="2"/>
        <rank description="Your spells and abilities deal 6% more damage to targets infected with Blood Plague.  Also increases your expertise by 3." lvl="3"/>
        <rank description="Your spells and abilities deal 8% more damage to targets infected with Blood Plague.  Also increases your expertise by 4." lvl="4"/>
        <rank description="Your spells and abilities deal 10% more damage to targets infected with Blood Plague.  Also increases your expertise by 5." lvl="5"/>
      </talent>
      <talent column="1" icon="ability_hunter_pet_bat" key="2000" name="Summon Gargoyle" tier="10">
        <rank description="A Gargoyle flies into the area and bombards the target with Nature damage modified by the Death Knight's attack power.  Persists for 30 sec." lvl="1"/>
        <spell castTime="0" cooldown="180000" maxRange="30">
          <power cost="60" type="runic"/>
        </spell>
      </talent>
    </tree>
  </talentTrees>
</page>
