<?xml version="1.0" encoding="UTF-8"?><page globalSearch="1" lang="ru_ru" requestUrl="/talent-tree.xml">
  <talentTrees>
    <tree bgImage="WarriorFury" icon="ability_warrior_innerrage" key="Fury" name="Неистовство" order="1">
      <talent column="0" icon="inv_shoulder_22" key="2250" name="Во всеоружии" tier="0">
        <rank description="Увеличивает силу атаки на 1 за каждые 108 ед. брони." lvl="1"/>
        <rank description="Увеличивает силу атаки на 2 за каждые 108 ед. брони." lvl="2"/>
        <rank description="Увеличивает силу атаки на 3 за каждые 108 ед. брони." lvl="3"/>
      </talent>
      <talent column="1" icon="spell_nature_purge" key="158" name="Луженая глотка" tier="0">
        <rank description="Увеличивает область и время действия ваших способностей &quot;Боевой крик&quot;, &quot;Деморализующий крик&quot; и &quot;Командирский крик&quot; на 25%." lvl="1"/>
        <rank description="Увеличивает область и время действия ваших способностей &quot;Боевой крик&quot;, &quot;Деморализующий крик&quot; и &quot;Командирский крик&quot; на 50%." lvl="2"/>
      </talent>
      <talent column="2" icon="ability_rogue_eviscerate" key="157" name="Безжалостность" tier="0">
        <rank description="Повышает вероятность нанесения критического удара оружием ближнего боя на 1%." lvl="1"/>
        <rank description="Повышает вероятность нанесения критического удара оружием ближнего боя на 2%." lvl="2"/>
        <rank description="Повышает вероятность нанесения критического удара оружием ближнего боя на 3%." lvl="3"/>
        <rank description="Повышает вероятность нанесения критического удара оружием ближнего боя на 4%." lvl="4"/>
        <rank description="Повышает вероятность нанесения критического удара оружием ближнего боя на 5%." lvl="5"/>
      </talent>
      <talent column="1" icon="ability_warrior_warcry" key="161" name="Улучшенный деморализующий крик" tier="1">
        <rank description="Дополнительно уменьшает силу атаки ближнего боя при применении способности &quot;Деморализующий крик&quot; на 8%." lvl="1"/>
        <rank description="Дополнительно уменьшает силу атаки ближнего боя при применении способности &quot;Деморализующий крик&quot; на 16%." lvl="2"/>
        <rank description="Дополнительно уменьшает силу атаки ближнего боя при применении способности &quot;Деморализующий крик&quot; на 24%." lvl="3"/>
        <rank description="Дополнительно уменьшает силу атаки ближнего боя при применении способности &quot;Деморализующий крик&quot; на 32%." lvl="4"/>
        <rank description="Дополнительно уменьшает силу атаки ближнего боя при применении способности &quot;Деморализующий крик&quot; на 40%." lvl="5"/>
      </talent>
      <talent column="2" icon="spell_nature_stoneclawtotem" key="159" name="Необузданный гнев" tier="1">
        <rank description="С некоторой вероятностью вы накопите дополнительную единицу ярости при нанесении урона оружием в ближнем бою." lvl="1"/>
        <rank description="С некоторой вероятностью вы накопите дополнительную единицу ярости при нанесении урона оружием в ближнем бою. Эффект действует чаще, чем эффект таланта &quot;Необузданный гнев&quot; (уровень 1)." lvl="2"/>
        <rank description="С некоторой вероятностью вы накопите дополнительную единицу ярости при нанесении урона оружием в ближнем бою. Эффект действует чаще, чем эффект таланта &quot;Необузданный гнев&quot; (уровень 2)." lvl="3"/>
        <rank description="С некоторой вероятностью вы накопите дополнительную единицу ярости при нанесении урона оружием в ближнем бою. Эффект действует чаще, чем эффект таланта &quot;Необузданный гнев&quot; (уровень 3)." lvl="4"/>
        <rank description="С некоторой вероятностью вы накопите дополнительную единицу ярости при нанесении урона оружием в ближнем бою. Эффект действует чаще, чем эффект таланта &quot;Необузданный гнев&quot; (уровень 4)." lvl="5"/>
      </talent>
      <talent column="0" icon="ability_warrior_cleave" key="166" name="Улучшенный рассекающий удар" tier="2">
        <rank description="Увеличивает дополнительный урон, наносимый способностью &quot;Рассекающий удар&quot;, на 40%." lvl="1"/>
        <rank description="Увеличивает дополнительный урон, наносимый способностью &quot;Рассекающий удар&quot;, на 80%." lvl="2"/>
        <rank description="Увеличивает дополнительный урон, наносимый способностью &quot;Рассекающий удар&quot;, на 120%." lvl="3"/>
      </talent>
      <talent column="1" icon="spell_shadow_deathscream" key="160" name="Пронзительный вой" tier="2">
        <rank description="Вызывает головокружение у всех противников в радиусе 10 м, снижая скорость их передвижения на 50% на 6 сек." lvl="1"/>
        <spell castTime="0">
          <power cost="10" type="rage"/>
        </spell>
      </talent>
      <talent column="2" icon="spell_shadow_summonimp" key="661" name="Мания крови" tier="2">
        <rank description="Восстанавливает 2% от максимального запаса здоровья в течение 6 сек. после нанесения вам критического удара." lvl="1"/>
        <rank description="Восстанавливает 4% от максимального запаса здоровья в течение 6 сек. после нанесения вам критического удара." lvl="2"/>
        <rank description="Восстанавливает 6% от максимального запаса здоровья в течение 6 сек. после нанесения вам критического удара." lvl="3"/>
      </talent>
      <talent column="3" icon="spell_nature_focusedmind" key="154" name="Командирский голос" tier="2">
        <rank description="Увеличивает бонус силы атаки ближнего боя от способности &quot;Боевой крик&quot; и бонус здоровья от способности &quot;Командирский крик&quot; на 5%." lvl="1"/>
        <rank description="Увеличивает бонус силы атаки ближнего боя от способности &quot;Боевой крик&quot; и бонус здоровья от способности &quot;Командирский крик&quot; на 10%." lvl="2"/>
        <rank description="Увеличивает бонус силы атаки ближнего боя от способности &quot;Боевой крик&quot; и бонус здоровья от способности &quot;Командирский крик&quot; на 15%." lvl="3"/>
        <rank description="Увеличивает бонус силы атаки ближнего боя от способности &quot;Боевой крик&quot; и бонус здоровья от способности &quot;Командирский крик&quot; на 20%." lvl="4"/>
        <rank description="Увеличивает бонус силы атаки ближнего боя от способности &quot;Боевой крик&quot; и бонус здоровья от способности &quot;Командирский крик&quot; на 25%." lvl="5"/>
      </talent>
      <talent column="0" icon="ability_dualwield" key="1581" name="Специализация на бое двумя оружиями" tier="3">
        <rank description="Увеличивает урон, наносимый оружием в левой руке, на 5%." lvl="1"/>
        <rank description="Увеличивает урон, наносимый оружием в левой руке, на 10%." lvl="2"/>
        <rank description="Увеличивает урон, наносимый оружием в левой руке, на 15%." lvl="3"/>
        <rank description="Увеличивает урон, наносимый оружием в левой руке, на 20%." lvl="4"/>
        <rank description="Увеличивает урон, наносимый оружием в левой руке, на 25%." lvl="5"/>
      </talent>
      <talent column="1" icon="inv_sword_48" key="1542" name="Улучшенная казнь" tier="3">
        <rank description="Снижает затраты ярости на применение способности &quot;Казнь&quot; на 2." lvl="1"/>
        <rank description="Снижает затраты ярости на применение способности &quot;Казнь&quot; на 5." lvl="2"/>
      </talent>
      <talent column="2" icon="spell_shadow_unholyfrenzy" key="155" name="Исступление" tier="3">
        <rank description="После получения урона в бою наносимый вами урон с вероятностью 30% увеличится на 2% на 12 сек. Эффект не суммируется с эффектами способности &quot;Погром&quot;." lvl="1"/>
        <rank description="После получения урона в бою наносимый вами урон с вероятностью 30% увеличится4% на 12 сек. Эффект не суммируется с эффектами способности &quot;Погром&quot;." lvl="2"/>
        <rank description="После получения урона в бою наносимый вами урон с вероятностью 30% увеличится на 6% на 12 сек. Эффект не суммируется с эффектами способности &quot;Погром&quot;." lvl="3"/>
        <rank description="После получения урона в бою наносимый вами урон с вероятностью 30% увеличится на 8% на 12 сек. Эффект не суммируется с эффектами способности &quot;Погром&quot;." lvl="4"/>
        <rank description="После получения урона в бою наносимый вами урон с вероятностью 30% увеличится на 10% на 12 сек. Эффект не суммируется с эффектами способности &quot;Погром&quot;." lvl="5"/>
      </talent>
      <talent column="0" icon="ability_marksmanship" key="1657" name="Точность" tier="4">
        <rank description="Повышает вероятность попадания в ближнем бою на 1%." lvl="1"/>
        <rank description="Повышает вероятность попадания в ближнем бою на 2%." lvl="2"/>
        <rank description="Повышает вероятность попадания в ближнем бою на 3%." lvl="3"/>
      </talent>
      <talent column="1" icon="spell_shadow_deathpact" key="165" name="Жажда смерти" tier="4">
        <rank description="Вводит воина в состояние ярости, в котором наносимый физический урон увеличивается на 20%, а весь получаемый урон – на 5%. Время действия – 30 сек." lvl="1"/>
        <spell castTime="0" cooldown="180000">
          <power cost="10" type="rage"/>
        </spell>
      </talent>
      <talent column="2" icon="ability_rogue_sprint" key="1543" name="Улучшенный перехват" tier="4">
        <rank description="Сокращает время восстановления способности &quot;Перехват&quot; на 5 секунд." lvl="1"/>
        <rank description="Сокращает время восстановления способности &quot;Перехват&quot; на 10 секунд." lvl="2"/>
      </talent>
      <talent column="0" icon="spell_nature_ancestralguardian" key="1541" name="Улучшенная ярость берсерка" tier="5">
        <rank description="При применении способности &quot;Ярость берсерка&quot; накапливается 10 ед. ярости." lvl="1"/>
        <rank description="При применении способности &quot;Ярость берсерка&quot; накапливается 20 ед. ярости." lvl="2"/>
      </talent>
      <talent column="2" icon="ability_ghoulfrenzy" key="156" name="Шквал" tier="5">
        <rank description="После нанесения критического удара в ближнем бою скорость атаки для следующих трех выпадов повышается на 5%." lvl="1"/>
        <rank description="После нанесения критического удара в ближнем бою скорость атаки для следующих трех выпадов повышается на 10%." lvl="2"/>
        <rank description="После нанесения критического удара в ближнем бою скорость атаки для следующих трех выпадов повышается на 15%." lvl="3"/>
        <rank description="После нанесения критического удара в ближнем бою скорость атаки для следующих трех выпадов повышается на 20%." lvl="4"/>
        <rank description="После нанесения критического удара в ближнем бою скорость атаки для следующих трех выпадов повышается на 25%." lvl="5"/>
      </talent>
      <talent column="0" icon="ability_warrior_endlessrage" key="1864" name="Интенсивная ярость" tier="6">
        <rank description="Сокращает время восстановления способностей &quot;Кровавая ярость&quot;, &quot;Ярость берсерка&quot;, &quot;Безрассудство&quot; и &quot;Жажда смерти&quot; на 11%." lvl="1"/>
        <rank description="Сокращает время восстановления способностей &quot;Кровавая ярость&quot;, &quot;Ярость берсерка&quot;, &quot;Безрассудство&quot; и &quot;Жажда смерти&quot; на 22%." lvl="2"/>
        <rank description="Сокращает время восстановления способностей &quot;Кровавая ярость&quot;, &quot;Ярость берсерка&quot;, &quot;Безрассудство&quot; и &quot;Жажда смерти&quot; на 33%." lvl="3"/>
      </talent>
      <talent column="1" icon="spell_nature_bloodlust" key="167" name="Кровожадность" requires="165" tier="6">
        <rank description="Мгновенная атака, наносящая противнику 13 ед. урона (величина зависит от силы атаки). Следующие 3 успешные атаки ближнего боя восстанавливают 1% максимального здоровья. Время действия эффекта – 8 сек." lvl="1"/>
        <spell castTime="0" cooldown="4000" maxRange="5">
          <power cost="20" type="rage"/>
        </spell>
      </talent>
      <talent column="3" icon="ability_whirlwind" key="1655" name="Улучшенный вихрь" tier="6">
        <rank description="Увеличивает урон от способности &quot;Вихрь&quot; на 10%." lvl="1"/>
        <rank description="Увеличивает урон от способности &quot;Вихрь&quot; на 20%." lvl="2"/>
      </talent>
      <talent column="0" icon="ability_warrior_furiousresolve" key="1865" name="Яростные атаки" tier="7">
        <rank description="Обычные атаки ближнего боя с некоторой вероятностью могут уменьшить эффективность направленных на цель исцеляющих заклинаний на 25% на 10 сек. Данный эффект суммируется до 2 раз." lvl="1"/>
        <rank description="Обычные атаки ближнего боя с некоторой вероятностью могут уменьшить эффективность направленных на цель исцеляющих заклинаний на 25% на 10 сек. Данный эффект суммируется до 2 раз и срабатывает чаще, чем при применении способности &quot;Яростные атаки&quot; (Уровень 1)." lvl="2"/>
      </talent>
      <talent column="3" icon="ability_racial_avatar" key="1658" name="Улучшенная стойка берсерка" tier="7">
        <rank description="Увеличивает силу на 4% и уменьшает создаваемую угрозу на 2% во время нахождения в стойке берсерка." lvl="1"/>
        <rank description="Увеличивает силу на 8% и уменьшает создаваемую угрозу на 4% во время нахождения в стойке берсерка." lvl="2"/>
        <rank description="Увеличивает силу на 12% и уменьшает создаваемую угрозу на 6% во время нахождения в стойке берсерка." lvl="3"/>
        <rank description="Увеличивает силу на 16% и уменьшает создаваемую угрозу на 8% во время нахождения в стойке берсерка." lvl="4"/>
        <rank description="Увеличивает силу на 20% и уменьшает создаваемую угрозу на 10% во время нахождения в стойке берсерка." lvl="5"/>
      </talent>
      <talent column="0" icon="ability_heroicleap" key="1868" name="Неистовство героя" tier="8">
        <rank description="Рассеивает любые обездвиживающие эффекты и мгновенно восстанавливает способность &quot;Перехват&quot;." lvl="1"/>
        <spell castTime="0" cooldown="45000"/>
      </talent>
      <talent column="1" icon="ability_warrior_rampage" key="1659" name="Буйство" requires="167" tier="8">
        <rank description="Повышает вероятность нанесения критических ударов в ближнем или дальнем бою всеми участниками группы или рейда в радиусе 100 м на 5%." lvl="1"/>
      </talent>
      <talent column="2" icon="ability_warrior_bloodsurge" key="1866" name="Прилив крови" requires="167" tier="8">
        <rank description="С вероятностью 7% при успешной атаке способностью &quot;Удар героя&quot;, &quot;Вихрь&quot; или &quot;Кровожадность&quot; вы сможете мгновенно применить способность &quot;Мощный удар&quot; в течение 5 сек." lvl="1"/>
        <rank description="С вероятностью 13% при успешной атаке способностью &quot;Удар героя&quot;, &quot;Вихрь&quot; или &quot;Кровожадность&quot; вы сможете мгновенно применить способность &quot;Мощный удар&quot; в течение 5 сек." lvl="2"/>
        <rank description="С вероятностью 20% при успешной атаке способностью &quot;Удар героя&quot;, &quot;Вихрь&quot; или &quot;Кровожадность&quot; вы сможете мгновенно применить способность &quot;Мощный удар&quot; в течение 5 сек." lvl="3"/>
      </talent>
      <talent column="1" icon="ability_warrior_intensifyrage" key="2234" name="Бесконечное неистовство" tier="9">
        <rank description="Увеличивает урон, наносимый способностями &quot;Мощный удар&quot;, &quot;Вихрь&quot; и &quot;Кровожадность&quot;, на 2%." lvl="1"/>
        <rank description="Увеличивает урон, наносимый способностями &quot;Мощный удар&quot;, &quot;Вихрь&quot; и &quot;Кровожадность&quot;, на 4%." lvl="2"/>
        <rank description="Увеличивает урон, наносимый способностями &quot;Мощный удар&quot;, &quot;Вихрь&quot; и &quot;Кровожадность&quot;, на 6%." lvl="3"/>
        <rank description="Увеличивает урон, наносимый способностями &quot;Мощный удар&quot;, &quot;Вихрь&quot; и &quot;Кровожадность&quot;, на 8%." lvl="4"/>
        <rank description="Увеличивает урон, наносимый способностями &quot;Мощный удар&quot;, &quot;Вихрь&quot; и &quot;Кровожадность&quot;, на 10%." lvl="5"/>
      </talent>
      <talent column="1" icon="ability_warrior_titansgrip" key="1867" name="Хватка титана" tier="10">
        <rank description="Позволяет держать двуручное дробящее оружие, двуручные топоры или мечи в одной руке. Когда вы держите двуручное оружие в одной руке, то весь наносимый вами физический урон снижается на 10%." lvl="1"/>
      </talent>
    </tree>
    <tree bgImage="WarriorArms" icon="ability_rogue_eviscerate" key="Arms" name="Оружие" order="0">
      <talent column="0" icon="ability_rogue_ambush" key="124" name="Улучшенный удар героя" tier="0">
        <rank description="Снижает затраты ярости на применение способности &quot;Удар героя&quot; на 1 ед." lvl="1"/>
        <rank description="Снижает затраты ярости на применение способности &quot;Удар героя&quot; на 2 ед." lvl="2"/>
        <rank description="Снижает затраты ярости на применение способности &quot;Удар героя&quot; на 3 ед." lvl="3"/>
      </talent>
      <talent column="1" icon="ability_parry" key="130" name="Отражение" tier="0">
        <rank description="Повышает вероятность парирования атак на 1%." lvl="1"/>
        <rank description="Повышает вероятность парирования атак на 2%." lvl="2"/>
        <rank description="Повышает вероятность парирования атак на 3%." lvl="3"/>
        <rank description="Повышает вероятность парирования атак на 4%." lvl="4"/>
        <rank description="Повышает вероятность парирования атак на 5%." lvl="5"/>
      </talent>
      <talent column="2" icon="ability_gouge" key="127" name="Улучшенное кровопускание" tier="0">
        <rank description="Увеличивает урон, наносимый способностью &quot;Кровопускание&quot;, на 10%." lvl="1"/>
        <rank description="Увеличивает урон, наносимый способностью &quot;Кровопускание&quot;, на 20%." lvl="2"/>
      </talent>
      <talent column="0" icon="ability_warrior_charge" key="126" name="Улучшенный рывок" tier="1">
        <rank description="Увеличивает количество ярости, накапливаемое при применении способности &quot;Рывок&quot;, на 5." lvl="1"/>
        <rank description="Увеличивает количество ярости, накапливаемое при применении способности &quot;Рывок&quot;, на 10." lvl="2"/>
      </talent>
      <talent column="1" icon="spell_magic_magearmor" key="641" name="Железная воля" tier="1">
        <rank description="Сокращает время действия на вас эффектов оглушения и подчинения на 7%." lvl="1"/>
        <rank description="Сокращает время действия на вас эффектов оглушения и подчинения на 14%." lvl="2"/>
        <rank description="Сокращает время действия на вас эффектов оглушения и подчинения на 20%." lvl="3"/>
      </talent>
      <talent column="2" icon="spell_nature_enchantarmor" key="128" name="Тактическое превосходство" tier="1">
        <rank description="При смене боевой стойки вы сохраняете до 5 ед. единиц ярости. Кроме того, значительно увеличивается уровень угрозы, создаваемой способностями &quot;Кровожадность&quot; и &quot;Смертельный удар&quot;, если вы применяете их в оборонительной стойке. Действует эффективнее, чем &quot;Тактическое превосходство&quot;." lvl="1"/>
        <rank description="При смене боевой стойки вы сохраняете до 10 ед. единиц ярости. Кроме того, значительно увеличивается уровень угрозы, создаваемой способностями &quot;Кровожадность&quot; и &quot;Смертельный удар&quot;, если вы применяете их в оборонительной стойке. Действует эффективнее, чем &quot;Тактическое превосходство&quot; (уровень 1)." lvl="2"/>
        <rank description="При смене боевой стойки вы сохраняете до 15 ед. единиц ярости. Кроме того, значительно увеличивается уровень угрозы, создаваемой способностями &quot;Кровожадность&quot; и &quot;Смертельный удар&quot;, если вы применяете их в оборонительной стойке. Действует эффективнее, чем &quot;Тактическое превосходство&quot; (уровень 2)." lvl="3"/>
      </talent>
      <talent column="0" icon="inv_sword_05" key="131" name="Безусловное превосходство" tier="2">
        <rank description="Повышает вероятность нанесения критического удара способностью &quot;Превосходство&quot; на 25%." lvl="1"/>
        <rank description="Повышает вероятность нанесения критического удара способностью &quot;Превосходство&quot; на 50%." lvl="2"/>
      </talent>
      <talent column="1" icon="spell_holy_blessingofstamina" key="137" name="Управление злостью" tier="2">
        <rank description="Накопление 1 ед. ярости каждые 3 секунды." lvl="1"/>
      </talent>
      <talent column="2" icon="ability_searingarrow" key="662" name="Прокалывание" tier="2">
        <rank description="Увеличивает дополнительный урон от критических ударов, нанесенных при применении способностей, на 10%." lvl="1"/>
        <rank description="Увеличивает дополнительный урон от критических ударов, нанесенных при применении способностей, на 20%." lvl="2"/>
      </talent>
      <talent column="3" icon="ability_backstab" key="121" name="Глубокие раны" requires="662" tier="2">
        <rank description="Ваши критические удары вызывают у противника кровотечение, наносящее 16% от среднего урона вашего оружия ближнего боя за 6 сек." lvl="1"/>
        <rank description="Ваши критические удары вызывают у противника кровотечение, наносящее 32% от среднего урона вашего оружия ближнего боя за 6 сек." lvl="2"/>
        <rank description="Ваши критические удары вызывают у противника кровотечение, наносящее 48% от среднего урона вашего оружия ближнего боя за 6 сек." lvl="3"/>
      </talent>
      <talent column="1" icon="inv_axe_09" key="136" name="Специализация на двуручном оружии" tier="3">
        <rank description="Увеличивает урон, наносимый двуручным оружием в ближнем бою, на 2%." lvl="1"/>
        <rank description="Увеличивает урон, наносимый двуручным оружием в ближнем бою, на 4%." lvl="2"/>
        <rank description="Увеличивает урон, наносимый двуручным оружием в ближнем бою, на 6%." lvl="3"/>
      </talent>
      <talent column="2" icon="ability_rogue_hungerforblood" key="2232" name="Вкус крови" tier="3">
        <rank description="При нанесении урона способностью &quot;Кровопускание&quot; вы с вероятностью 33% получаете возможность в течение 9 сек однократно воспользоваться способностью &quot;Превосходство&quot;. Эффект срабатывает не чаще одного раза в 6 сек." lvl="1"/>
        <rank description="При нанесении урона способностью &quot;Кровопускание&quot; вы с вероятностью 66% получаете возможность в течение 9 сек однократно воспользоваться способностью &quot;Превосходство&quot;. Эффект срабатывает не чаще одного раза в 6 сек." lvl="2"/>
        <rank description="При нанесении урона способностью &quot;Кровопускание&quot; вы с вероятностью 100% получаете возможность в течение 9 сек однократно воспользоваться способностью &quot;Превосходство&quot;. Эффект срабатывает не чаще одного раза в 6 сек." lvl="3"/>
      </talent>
      <talent column="0" icon="inv_axe_06" key="132" name="Специализация на топорах и древковом оружии" tier="4">
        <rank description="Увеличивает урон, наносимый критическими ударами, и повышает вероятность их нанесения топорами и древковым оружием на 1%." lvl="1"/>
        <rank description="Увеличивает урон, наносимый критическими ударами, и повышает вероятность их нанесения топорами и древковым оружием на 2%." lvl="2"/>
        <rank description="Увеличивает урон, наносимый критическими ударами, и повышает вероятность их нанесения топорами и древковым оружием на 3%." lvl="3"/>
        <rank description="Увеличивает урон, наносимый критическими ударами, и повышает вероятность их нанесения топорами и древковым оружием на 4%." lvl="4"/>
        <rank description="Увеличивает урон, наносимый критическими ударами, и повышает вероятность их нанесения топорами и древковым оружием на 5%." lvl="5"/>
      </talent>
      <talent column="1" icon="ability_rogue_slicedice" key="133" name="Размашистые удары" tier="4">
        <rank description="5 следующих атак ближнего боя также поразят находящегося рядом с выбранной целью противника." lvl="1"/>
        <spell castTime="0" cooldown="30000">
          <power cost="30" type="rage"/>
        </spell>
      </talent>
      <talent column="2" icon="inv_mace_01" key="125" name="Специализация на дробящем оружии" tier="4">
        <rank description="При атаке с использованием дробящего оружия игнорируется до 3% показателя брони противника." lvl="1"/>
        <rank description="При атаке с использованием дробящего оружия игнорируется до 6% показателя брони противника." lvl="2"/>
        <rank description="При атаке с использованием дробящего оружия игнорируется до 9% показателя брони противника." lvl="3"/>
        <rank description="При атаке с использованием дробящего оружия игнорируется до 12% показателя брони противника." lvl="4"/>
        <rank description="При атаке с использованием дробящего оружия игнорируется до 15% показателя брони противника." lvl="5"/>
      </talent>
      <talent column="3" icon="inv_sword_27" key="123" name="Специализация на владении мечами" tier="4">
        <rank description="С вероятностью 2% позволяет атаковать противника повторно после того, как вы ударите его мечом. Срабатывает не чаще, чем раз в 6 секунд." lvl="1"/>
        <rank description="С вероятностью 4% позволяет атаковать противника повторно после того, как вы ударите его мечом. Срабатывает не чаще, чем раз в 6 секунд." lvl="2"/>
        <rank description="С вероятностью 6% позволяет атаковать противника повторно после того, как вы ударите его мечом. Срабатывает не чаще, чем раз в 6 секунд." lvl="3"/>
        <rank description="С вероятностью 8% позволяет атаковать противника повторно после того, как вы ударите его мечом. Срабатывает не чаще, чем раз в 6 секунд." lvl="4"/>
        <rank description="С вероятностью 10% позволяет атаковать противника повторно после того, как вы ударите его мечом. Срабатывает не чаще, чем раз в 6 секунд." lvl="5"/>
      </talent>
      <talent column="0" icon="ability_warrior_weaponmastery" key="134" name="Мастерское владение оружием" tier="5">
        <rank description="Снижает вероятность уклонения от ваших атак на 1% у противника и сокращает время действия всех наложенных на вас эффектов обезоруживания на 25%. Не суммируется с другими эффектами, сокращающими время обезоруживания." lvl="1"/>
        <rank description="Снижает вероятность уклонения от ваших атак на 2% у противника и сокращает время действия всех наложенных на вас эффектов обезоруживания на 50%. Не суммируется с другими эффектами, сокращающими время обезоруживания." lvl="2"/>
      </talent>
      <talent column="2" icon="ability_shockwave" key="129" name="Улучшенное подрезание сухожилий" tier="5">
        <rank description="Применение способности &quot;Подрезать сухожилия&quot; с вероятностью 5% обездвижит противника на 5 сек." lvl="1"/>
        <rank description="Применение способности &quot;Подрезать сухожилия&quot; с вероятностью 10% обездвижит противника на 5 сек." lvl="2"/>
        <rank description="Применение способности &quot;Подрезать сухожилия&quot; с вероятностью 15% обездвижит противника на 5 сек." lvl="3"/>
      </talent>
      <talent column="3" icon="ability_warrior_bloodnova" key="1859" name="Травма" tier="5">
        <rank description="Ваши критические удары в ближнем бою с некоторой вероятностью увеличивают урон, наносимый наложенными на цель эффектами кровотечения, на 15% на 1 мин." lvl="1"/>
        <rank description="Ваши критические удары в ближнем бою с некоторой вероятностью увеличивают урон, наносимый наложенными на цель эффектами кровотечения, на 30% на 1 мин." lvl="2"/>
      </talent>
      <talent column="0" icon="ability_hunter_harass" key="1663" name="Второе дыхание" tier="6">
        <rank description="Находясь под действием эффектов оглушения или обездвиживания вы накапливаете 10 ед. ярости и восстанавливаете 5% от общего количества здоровья в течение 10 сек." lvl="1"/>
        <rank description="Находясь под действием эффектов оглушения или обездвиживания вы накапливаете 20 ед. ярости и восстанавливаете 10% от общего количества здоровья в течение 10 сек." lvl="2"/>
      </talent>
      <talent column="1" icon="ability_warrior_savageblow" key="135" name="Смертельный удар" requires="133" tier="6">
        <rank description="Жестокий удар, наносящий противнику урон от оружия, усиленный на 85 ед., и оставляющий на его теле серьезную рану, снижающую эффективность всех исцеляющих заклинаний на 50% на 10 сек." lvl="1"/>
        <spell castTime="0" cooldown="6000" maxRange="5">
          <power cost="30" type="rage"/>
        </spell>
      </talent>
      <talent column="2" icon="ability_warrior_offensivestance" key="1862" name="Сила оружия" tier="6">
        <rank description="Повышает силу и выносливость на 2%, а мастерство – на 2." lvl="1"/>
        <rank description="Повышает силу и выносливость на 4%, а мастерство – на 4." lvl="2"/>
      </talent>
      <talent column="3" icon="ability_warrior_decisivestrike" key="2233" name="Умелый мощный удар" tier="6">
        <rank description="Сокращает время применения способности &quot;Мощный удар&quot; на 0.5 сек." lvl="1"/>
        <rank description="Сокращает время применения способности &quot;Мощный удар&quot; на 1 сек." lvl="2"/>
      </talent>
      <talent column="0" icon="ability_warrior_bullrush" key="2283" name="Неудержимость" tier="7">
        <rank description="Способность &quot;Рывок&quot; теперь можно применять в бою, но время восстановления этой способности возрастает на 5 сек. Использованные в течение 10 сек. после &quot;Рывка&quot; способности &quot;Мощный удар&quot; или &quot;Смертельный удар&quot; с вероятностью, повышенной на 25%, нанесут критический удар." lvl="1"/>
      </talent>
      <talent column="1" icon="ability_warrior_savageblow" key="1824" name="Улучшенный смертельный удар" requires="135" tier="7">
        <rank description="Увеличивает урон, наносимый способностью &quot;Смертельный удар&quot;, на 3% и сокращает время ее восстановления на 0.3 сек." lvl="1"/>
        <rank description="Увеличивает урон, наносимый способностью &quot;Смертельный удар&quot;, на 6% и сокращает время ее восстановления на 0.7 сек." lvl="2"/>
        <rank description="Увеличивает урон, наносимый способностью &quot;Смертельный удар&quot;, на 10% и сокращает время ее восстановления на 1 сек." lvl="3"/>
      </talent>
      <talent column="2" icon="ability_warrior_unrelentingassault" key="1860" name="Неумолимая атака" tier="7">
        <rank description="Сокращает время восстановления способностей &quot;Превосходство&quot; и &quot;Реванш&quot; на 2 с. Увеличивает урон от обеих способностей на 10%. Если способность &quot;Превосходство&quot; наносит урон персонажу, читающему заклинание, его сила заклинаний и лечения сократится на 25% на 6 сек." lvl="1"/>
        <rank description="Сокращает время восстановления способностей &quot;Превосходство&quot; и &quot;Реванш&quot; на 4 с. Увеличивает урон от обеих способностей на 20%. Если способность &quot;Превосходство&quot; наносит урон персонажу, читающему заклинание, его сила заклинаний и лечения сократится на 50% на 6 сек." lvl="2"/>
      </talent>
      <talent column="0" icon="ability_warrior_improveddisciplines" key="1662" name="Внезапная смерть" tier="8">
        <rank description="Нанося удары в ближнем бою, вы с вероятностью 3% сможете применить способность &quot;Казнь&quot; вне зависимости от запаса здоровья противника. Кроме того, после применения способности &quot;Казнь&quot; у вас сохранится как минимум 3 ед. ярости." lvl="1"/>
        <rank description="Нанося удары в ближнем бою, вы с вероятностью 6% сможете применить способность &quot;Казнь&quot; вне зависимости от запаса здоровья противника. Кроме того, после применения способности &quot;Казнь&quot; у вас сохранится как минимум 7 ед. ярости." lvl="2"/>
        <rank description="Нанося удары в ближнем бою, вы с вероятностью 9% сможете применить способность &quot;Казнь&quot; вне зависимости от запаса здоровья противника. Кроме того, после применения способности &quot;Казнь&quot; у вас сохранится как минимум 10 ед. ярости." lvl="3"/>
      </talent>
      <talent column="1" icon="ability_warrior_endlessrage" key="1661" name="Нескончаемая ярость" tier="8">
        <rank description="Нанося урон в бою, вы накапливаете на 25% больше ярости." lvl="1"/>
      </talent>
      <talent column="2" icon="ability_warrior_bloodfrenzy" key="1664" name="Кровавое бешенство" tier="8">
        <rank description="Увеличивает скорость атаки в ближнем бою на 5%. Способности &quot;Кровопускание&quot; и &quot;Глубокие раны&quot; увеличивают физический урон, наносимый противнику, на 2%." lvl="1"/>
        <rank description="Увеличивает скорость атаки в ближнем бою на 10%. Способности &quot;Кровопускание&quot; и &quot;Глубокие раны&quot; увеличивают физический урон, наносимый противнику, на 4%." lvl="2"/>
      </talent>
      <talent column="1" icon="ability_warrior_trauma" key="2231" name="Погром" tier="9">
        <rank description="Нанося критические удары в ближнем бою, воин входит в состояние исступления. Наносимый урон увеличивается на 2% на 12 сек. Эффект не суммируется с эффектами способности &quot;Исступление&quot;." lvl="1"/>
        <rank description="Нанося критические удары в ближнем бою, воин входит в состояние исступления. Наносимый урон увеличивается на 4% на 12 сек. Эффект не суммируется с эффектами способности &quot;Исступление&quot;." lvl="2"/>
        <rank description="Нанося критические удары в ближнем бою, воин входит в состояние исступления. Наносимый урон увеличивается на 6% на 12 сек. Эффект не суммируется с эффектами способности &quot;Исступление&quot;." lvl="3"/>
        <rank description="Нанося критические удары в ближнем бою, воин входит в состояние исступления. Наносимый урон увеличивается на 8% на 12 сек. Эффект не суммируется с эффектами способности &quot;Исступление&quot;." lvl="4"/>
        <rank description="Нанося критические удары в ближнем бою, воин входит в состояние исступления. Наносимый урон увеличивается на 10% на 12 сек. Эффект не суммируется с эффектами способности &quot;Исступление&quot;." lvl="5"/>
      </talent>
      <talent column="1" icon="ability_warrior_bladestorm" key="1863" name="Вихрь клинков" tier="10">
        <rank description="Воин начинает кружиться, вихрем налетая на 4 ближайших противников и нанося им удары раз в 1 сек. в течение следующих 6 сек. Находясь под действием эффекта &quot;Вихрь клинков&quot;, он может передвигаться, но не может использовать любые другие способности. В этом состоянии воин не чувствует ни страха, ни жалости, и только смерть способна остановить его." lvl="1"/>
        <spell castTime="0" cooldown="90000">
          <power cost="25" type="rage"/>
        </spell>
      </talent>
    </tree>
    <tree bgImage="WarriorProtection" icon="inv_shield_06" key="Protection" name="Защита" order="2">
      <talent column="0" icon="ability_racial_bloodrage" key="142" name="Улучшенная кровавая ярость" tier="0">
        <rank description="Увеличивает количество ярости, накапливаемое при применении способности &quot;Кровавая ярость&quot;, на 25%." lvl="1"/>
        <rank description="Увеличивает количество ярости, накапливаемое при применении способности &quot;Кровавая ярость&quot;, на 50%." lvl="2"/>
      </talent>
      <talent column="1" icon="inv_shield_06" key="1601" name="Специализация на щитах" tier="0">
        <rank description="Повышает вероятность блокировать атаку щитом на 1%. При успешном блокировании, уклонении или парировании атаки вы с вероятностью 20% накопите 5 ед. ярости ." lvl="1"/>
        <rank description="Повышает вероятность блокировать атаку щитом на 2%. При успешном блокировании, уклонении или парировании атаки вы с вероятностью 40% накопите 5 ед. ярости ." lvl="2"/>
        <rank description="Повышает вероятность блокировать атаку щитом на 3%. При успешном блокировании, уклонении или парировании атаки вы с вероятностью 60% накопите 5 ед. ярости ." lvl="3"/>
        <rank description="Повышает вероятность блокировать атаку щитом на 4%. При успешном блокировании, уклонении или парировании атаки вы с вероятностью 80% накопите 5 ед. ярости ." lvl="4"/>
        <rank description="Повышает вероятность блокировать атаку щитом на 5%. При успешном блокировании, уклонении или парировании атаки вы с вероятностью 100% накопите 5 ед. ярости ." lvl="5"/>
      </talent>
      <talent column="2" icon="ability_thunderclap" key="141" name="Улучшенный удар грома" tier="0">
        <rank description="Снижает затраты ярости на применение способности &quot;Удар грома&quot; на 1 ед., увеличивает наносимый ею урон на 10% и усиливает эффект замедления на 4%." lvl="1"/>
        <rank description="Снижает затраты ярости на применение способности &quot;Удар грома&quot; на 2 ед., увеличивает наносимый ею урон на 20% и усиливает эффект замедления на 7%." lvl="2"/>
        <rank description="Снижает затраты ярости на применение способности &quot;Удар грома&quot; на 4 ед., увеличивает наносимый ею урон на 30% и усиливает эффект замедления на 10%." lvl="3"/>
      </talent>
      <talent column="1" icon="ability_warrior_incite" key="144" name="Побуждение" tier="1">
        <rank description="Повышает вероятность критического удара при применении способностей &quot;Удар героя&quot;, &quot;Удар грома&quot; и &quot;Рассекающий удар&quot; на 5%." lvl="1"/>
        <rank description="Повышает вероятность критического удара при применении способностей &quot;Удар героя&quot;, &quot;Удар грома&quot; и &quot;Рассекающий удар&quot; на 10%." lvl="2"/>
        <rank description="Повышает вероятность критического удара при применении способностей &quot;Удар героя&quot;, &quot;Удар грома&quot; и &quot;Рассекающий удар&quot; на 15%." lvl="3"/>
      </talent>
      <talent column="2" icon="spell_nature_mirrorimage" key="138" name="Предчувствие" tier="1">
        <rank description="Повышает вероятность уклонения от атак на 1%." lvl="1"/>
        <rank description="Повышает вероятность уклонения от атак на 2%." lvl="2"/>
        <rank description="Повышает вероятность уклонения от атак на 3%." lvl="3"/>
        <rank description="Повышает вероятность уклонения от атак на 4%." lvl="4"/>
        <rank description="Повышает вероятность уклонения от атак на 5%." lvl="5"/>
      </talent>
      <talent column="0" icon="spell_holy_ashestoashes" key="153" name="Ни шагу назад" tier="2">
        <rank description="Повышение на 30% максимального запаса здоровья на 20 сек. После окончания действия эффекта максимальный запас здоровья принимает прежнее значение." lvl="1"/>
      </talent>
      <talent column="1" icon="ability_warrior_revenge" key="147" name="Улучшенный реванш" tier="2">
        <rank description="Увеличивает урон от способности &quot;Реванш&quot; на 30%, кроме того способность будет наносить 50% урона дополнительной цели." lvl="1"/>
        <rank description="Увеличивает урон от способности &quot;Реванш&quot; на 60%, кроме того способность будет наносить урон дополнительной цели." lvl="2"/>
      </talent>
      <talent column="2" icon="ability_warrior_shieldmastery" key="1654" name="Мастерское владение щитом" tier="2">
        <rank description="Увеличивает показатель блокирования на 15% и сокращает время восстановления вашей способности &quot;Блок щитом&quot; на 10 с." lvl="1"/>
        <rank description="Увеличивает показатель блокирования на 30% и сокращает время восстановления вашей способности &quot;Блок щитом&quot; на 20 с." lvl="2"/>
      </talent>
      <talent column="3" icon="spell_holy_devotion" key="140" name="Крепость" tier="2">
        <rank description="Увеличивает показатель брони предметов на 2% и сокращает время действия наложенных на вас замедляющих эффектов на 6%." lvl="1"/>
        <rank description="Увеличивает показатель брони предметов на 4% и сокращает время действия наложенных на вас замедляющих эффектов на 12%." lvl="2"/>
        <rank description="Увеличивает показатель брони предметов на 6% и сокращает время действия наложенных на вас замедляющих эффектов на 18%." lvl="3"/>
        <rank description="Увеличивает показатель брони предметов на 8% и сокращает время действия наложенных на вас замедляющих эффектов на 24%." lvl="4"/>
        <rank description="Увеличивает показатель брони предметов на 10% и сокращает время действия наложенных на вас замедляющих эффектов на 30%." lvl="5"/>
      </talent>
      <talent column="0" icon="ability_warrior_shieldreflection" key="2247" name="Улучшенное отражение заклинаний" tier="3">
        <rank description="Понижает вероятность попадания в вас заклинаний на 2%. После использования отражает последующее заклинание, направленное против 2 ближайших участников вашей группы, которые находятся в пределах 20 метров." lvl="1"/>
        <rank description="Понижает вероятность попадания в вас заклинаний на 4%. После использования отражает последующее заклинание, направленное против 4 ближайших участников вашей группы, которые находятся в пределах 20 метров." lvl="2"/>
      </talent>
      <talent column="1" icon="ability_warrior_disarm" key="151" name="Улучшенное разоружение" tier="3">
        <rank description="Сокращает время восстановления способности &quot;Разоружение&quot; на 10 с; цель также получает на 5% больше урона, когда разоружена." lvl="1"/>
        <rank description="Сокращает время восстановления способности &quot;Разоружение&quot; на 20 с; цель также получает на 10% больше урона, когда разоружена." lvl="2"/>
      </talent>
      <talent column="2" icon="ability_warrior_sunder" key="146" name="Прокол" tier="3">
        <rank description="Снижает затраты ярости на применение способностей &quot;Раскол брони&quot; и &quot;Сокрушение&quot; на 1 ед." lvl="1"/>
        <rank description="Снижает затраты ярости на применение способностей &quot;Раскол брони&quot; и &quot;Сокрушение&quot; на 2 ед." lvl="2"/>
        <rank description="Снижает затраты ярости на применение способностей &quot;Раскол брони&quot; и &quot;Сокрушение&quot; на 3 ед." lvl="3"/>
      </talent>
      <talent column="0" icon="ability_warrior_shieldwall" key="150" name="Отработанные навыки" tier="4">
        <rank description="Сокращает время восстановления способностей &quot;Глухая оборона&quot;, &quot;Возмездие&quot; и &quot;Безрассудство&quot; на 30 с." lvl="1"/>
        <rank description="Сокращает время восстановления способностей &quot;Глухая оборона&quot;, &quot;Возмездие&quot; и &quot;Безрассудство&quot; на 60 с." lvl="2"/>
      </talent>
      <talent column="1" icon="ability_thunderbolt" key="152" name="Оглушающий удар" tier="4">
        <rank description="Оглушает противника на 5 сек. и наносит 10 ед. урона (величина зависит от силы атаки)." lvl="1"/>
        <spell castTime="0" cooldown="30000" maxRange="5">
          <power cost="15" type="rage"/>
        </spell>
      </talent>
      <talent column="2" icon="ability_warrior_shieldbash" key="149" name="Обет молчания" tier="4">
        <rank description="При использовании вами способностей &quot;Удар щитом&quot; и &quot;Героический бросок&quot; ваш противник с вероятностью 50% потеряет способность произносить заклинания на 3 сек. Урон, наносимый способностью &quot;Мощный удар щитом&quot;, увеличивается на 5%." lvl="1"/>
        <rank description="При использовании вами способностей &quot;Удар щитом&quot; и &quot;Героический бросок&quot; ваш противник с вероятностью 100% потеряет способность произносить заклинания на 3 сек. Урон, наносимый способностью &quot;Мощный удар щитом&quot;, увеличивается на 10%." lvl="2"/>
      </talent>
      <talent column="2" icon="inv_sword_20" key="702" name="Специализация на одноручном оружии" tier="5">
        <rank description="Увеличивает весь физический урон, наносимый одноручным оружием в ближнем бою, на 2%." lvl="1"/>
        <rank description="Увеличивает весь физический урон, наносимый одноручным оружием в ближнем бою, на 4%." lvl="2"/>
        <rank description="Увеличивает весь физический урон, наносимый одноручным оружием в ближнем бою, на 6%." lvl="3"/>
        <rank description="Увеличивает весь физический урон, наносимый одноручным оружием в ближнем бою, на 8%." lvl="4"/>
        <rank description="Увеличивает весь физический урон, наносимый одноручным оружием в ближнем бою, на 10%." lvl="5"/>
      </talent>
      <talent column="0" icon="ability_warrior_defensivestance" key="1652" name="Улучшенная оборонительная стойка" tier="6">
        <rank description="Уменьшает получаемый от заклинаний урон на 3%. При блокировании, парировании или уклонении от атаки с вероятностью 50% воин впадает в состояние исступления, в котором наносимый им физический урон увеличивается на 5% на 12 сек." lvl="1"/>
        <rank description="Уменьшает получаемый от заклинаний урон на 6%. При блокировании, парировании или уклонении от атаки с вероятностью 100% воин впадает в состояние исступления, в котором наносимый им физический урон увеличивается на 10% на 12 сек." lvl="2"/>
      </talent>
      <talent column="1" icon="ability_warrior_vigilance" key="148" name="Бдительность" requires="152" tier="6">
        <rank description="Сосредоточить внимание на выбранном участнике группы или рейда, уменьшая получаемый им урон на 3% и перенося на себя -10% от объема создаваемой им угрозы. Каждый раз, когда цель получает удар, способность &quot;Провокация&quot; мгновенно восстанавливается. Время действия – 30 мин. Эффект может действовать единовременно только на одну цель." lvl="1"/>
        <spell castTime="0" maxRange="30"/>
      </talent>
      <talent column="2" icon="ability_warrior_focusedrage" key="1660" name="Направленная ярость" tier="6">
        <rank description="Снижает затраты ярости на на применение атакующих способностей на 1 ед." lvl="1"/>
        <rank description="Снижает затраты ярости на на применение атакующих способностей на 2 ед." lvl="2"/>
        <rank description="Снижает затраты ярости на на применение атакующих способностей на 3 ед." lvl="3"/>
      </talent>
      <talent column="1" icon="inv_helmet_21" key="1653" name="Живучесть" tier="7">
        <rank description="Повышает силу на 2%, выносливость на 3%, а мастерство – на 2." lvl="1"/>
        <rank description="Повышает силу на 4%, выносливость на 6%, а мастерство – на 4." lvl="2"/>
        <rank description="Повышает силу на 6%, выносливость на 9%, а мастерство – на 6." lvl="3"/>
      </talent>
      <talent column="2" icon="ability_warrior_safeguard" key="1870" name="Охрана" tier="7">
        <rank description="Уменьшает урон, получаемый союзником при применении вами способности &quot;Вмешательство&quot;, на 15% на 6 сек." lvl="1"/>
        <rank description="Уменьшает урон, получаемый союзником при применении вами способности &quot;Вмешательство&quot;, на 30% на 6 сек." lvl="2"/>
      </talent>
      <talent column="0" icon="ability_warrior_warbringer" key="2236" name="Вестник войны" tier="8">
        <rank description="Позволяет применять способности &quot;Рывок&quot;, &quot;Перехват&quot; и &quot;Вмешательство&quot; во время боя в любой стойке. Кроме того, способность &quot;Вмешательство&quot; снимает все затрудняющие передвижение эффекты." lvl="1"/>
      </talent>
      <talent column="1" icon="inv_sword_11" key="1666" name="Сокрушение" tier="8">
        <rank description="Удар, повреждающий доспех противника и накладывающий эффект &quot;Раскол брони&quot;. Удар также наносит 120% урона от оружия и по 58 за каждый действующий эффект &quot;Раскол брони&quot;. Этот эффект может суммироваться до 5 раз." lvl="1"/>
        <spell castTime="0" maxRange="5">
          <power cost="15" type="rage"/>
        </spell>
      </talent>
      <talent column="2" icon="ability_warrior_criticalblock" key="1893" name="Критический блок" tier="8">
        <rank description="При успешном блокировании атаки вы с вероятностью 20% заблокируете в два раза больше урона. Вероятность нанести критический удар при применении способности &quot;Мощный удар щитом&quot; повышается на 5%." lvl="1"/>
        <rank description="При успешном блокировании атаки вы с вероятностью 40% заблокируете в два раза больше урона. Вероятность нанести критический удар при применении способности &quot;Мощный удар щитом&quot; повышается на 10%." lvl="2"/>
        <rank description="При успешном блокировании атаки вы с вероятностью 60% заблокируете в два раза больше урона. Вероятность нанести критический удар при применении способности &quot;Мощный удар щитом&quot; повышается на 15%." lvl="3"/>
      </talent>
      <talent column="1" icon="ability_warrior_swordandboard" key="1871" name="Щит и меч" requires="1666" tier="9">
        <rank description="Повышает вероятность нанести критический удар способностью &quot;Сокрушение&quot; на 5%. При нанесении урона способностями &quot;Сокрушение&quot; или &quot;Реванш&quot; с вероятностью 10% мгновенно восстановится способность &quot;Мощный удар щитом&quot;, а расход ярости на ее применение снизится на 100% на 5 сек." lvl="1"/>
        <rank description="Повышает вероятность нанести критический удар способностью &quot;Сокрушение&quot; на 10%. При нанесении урона способностями &quot;Сокрушение&quot; или &quot;Реванш&quot; с вероятностью 20% мгновенно восстановится способность &quot;Мощный удар щитом&quot;, а расход ярости на ее применение снизится на 100% на 5 сек." lvl="2"/>
        <rank description="Повышает вероятность нанести критический удар способностью &quot;Сокрушение&quot; на 15%. При нанесении урона способностями &quot;Сокрушение&quot; или &quot;Реванш&quot; с вероятностью 30% мгновенно восстановится способность &quot;Мощный удар щитом&quot;, а расход ярости на ее применение снизится на 100% на 5 сек." lvl="3"/>
      </talent>
      <talent column="2" icon="inv_shield_31" key="2246" name="Ранящий щит" tier="9">
        <rank description="Получая урон в ближнем бою или блокируя атаку ближнего боя, вы наносите урон в размере 10% от вашего показателя блокирования." lvl="1"/>
        <rank description="Получая урон в ближнем бою или блокируя атаку ближнего боя, вы наносите урон в размере 20% от вашего показателя блокирования." lvl="2"/>
      </talent>
      <talent column="1" icon="ability_warrior_shockwave" key="1872" name="Ударная волна" tier="10">
        <rank description="Посылает перед воином силовую волну, наносящую 20 ед. урона (величина зависит от силы атаки) и оглушающую всех противников на расстоянии 10 м перед ним на 4 сек." lvl="1"/>
        <spell castTime="0" cooldown="20000">
          <power cost="15" type="rage"/>
        </spell>
      </talent>
    </tree>
  </talentTrees>
</page>
