<?xml version="1.0" encoding="UTF-8"?><page globalSearch="1" lang="ru_ru" requestUrl="/talent-tree.xml">
  <talentTrees>
    <tree bgImage="HunterSurvival" icon="ability_hunter_swiftstrike" key="Survival" name="Выживание" order="2">
      <talent column="0" icon="ability_hunter_improvedtracking" key="1623" name="Мастерское выслеживание" tier="0">
        <rank description="Выслеживая животных, демонов, драконов, элементалей, великанов, гуманоидов или нежить, охотник наносит соответствующим целям на 1% больше урона." lvl="1"/>
        <rank description="Выслеживая животных, демонов, драконов, элементалей, великанов, гуманоидов или нежить, охотник наносит соответствующим целям на 2% больше урона." lvl="2"/>
        <rank description="Выслеживая животных, демонов, драконов, элементалей, великанов, гуманоидов или нежить, охотник наносит соответствующим целям на 3% больше урона." lvl="3"/>
        <rank description="Выслеживая животных, демонов, драконов, элементалей, великанов, гуманоидов или нежить, охотник наносит соответствующим целям на 4% больше урона." lvl="4"/>
        <rank description="Выслеживая животных, демонов, драконов, элементалей, великанов, гуманоидов или нежить, охотник наносит соответствующим целям на 5% больше урона." lvl="5"/>
      </talent>
      <talent column="1" icon="ability_townwatch" key="1820" name="Глаз ястреба" tier="0">
        <rank description="Увеличивает дистанцию поражения в дальнем бою на 2 метра." lvl="1"/>
        <rank description="Увеличивает дистанцию поражения в дальнем бою на 4 метра." lvl="2"/>
        <rank description="Увеличивает дистанцию поражения в дальнем бою на 6 метров." lvl="3"/>
      </talent>
      <talent column="2" icon="ability_racial_bloodrage" key="1621" name="Беспощадные удары" tier="0">
        <rank description="Повышает вероятность критического удара способностей &quot;Удар ящера&quot; и &quot;Укус мангуста&quot; и &quot;Контратака&quot; на 10%." lvl="1"/>
        <rank description="Повышает вероятность критического удара способностей &quot;Удар ящера&quot; и &quot;Укус мангуста&quot; и &quot;Контратака&quot; на 20%." lvl="2"/>
      </talent>
      <talent column="0" icon="ability_kick" key="1310" name="Верный шаг" tier="1">
        <rank description="Сокращает время действия всех замедляющих передвижение эффектов на 10%." lvl="1"/>
        <rank description="Сокращает время действия всех замедляющих передвижение эффектов на 20%." lvl="2"/>
        <rank description="Сокращает время действия всех замедляющих передвижение эффектов на 30%." lvl="3"/>
      </talent>
      <talent column="1" icon="spell_nature_stranglevines" key="1304" name="Удержание" tier="1">
        <rank description="При попадании в &quot;Ледяную ловушку&quot; и &quot;Змеиную ловушку&quot; противник на 2 сек. теряет способность передвигаться." lvl="1"/>
        <rank description="При попадании в &quot;Ледяную ловушку&quot; и &quot;Змеиную ловушку&quot; противник на 3 сек. теряет способность передвигаться." lvl="2"/>
        <rank description="При попадании в &quot;Ледяную ловушку&quot; и &quot;Змеиную ловушку&quot; противник на 4 сек. теряет способность передвигаться." lvl="3"/>
      </talent>
      <talent column="2" icon="ability_ensnare" key="1305" name="Мастер установки ловушек" tier="1">
        <rank description="Продлевает действие способностей &quot;Ледяная ловушка&quot; и &quot;Замораживающая ловушка&quot; на 10%.&lt;br/&gt;&lt;br/&gt;Увеличивает периодический урон от способностей &quot;Обжигающая ловушка&quot;, &quot;Взрывная ловушка&quot; и &quot;Черная стрела&quot; на 10%.&lt;br/&gt;&lt;br/&gt;Увеличивает количество призываемых с помощью способности &quot;Змеиная ловушка&quot; змей на 2." lvl="1"/>
        <rank description="Продлевает действие способностей &quot;Ледяная ловушка&quot; и &quot;Замораживающая ловушка&quot; на 20%.&lt;br/&gt;&lt;br/&gt;Увеличивает периодический урон от способностей &quot;Обжигающая ловушка&quot;, &quot;Взрывная ловушка&quot; и &quot;Черная стрела&quot; на 20%.&lt;br/&gt;&lt;br/&gt;Увеличивает количество призываемых с помощью способности &quot;Змеиная ловушка&quot; змей на 4." lvl="2"/>
        <rank description="Продлевает действие способностей &quot;Ледяная ловушка&quot; и &quot;Замораживающая ловушка&quot; на 30%.&lt;br/&gt;&lt;br/&gt;Увеличивает периодический урон от способностей &quot;Обжигающая ловушка&quot;, &quot;Взрывная ловушка&quot; и &quot;Черная стрела&quot; на 30%.&lt;br/&gt;&lt;br/&gt;Увеличивает количество призываемых с помощью способности &quot;Змеиная ловушка&quot; змей на 6." lvl="3"/>
      </talent>
      <talent column="3" icon="ability_hunter_survivalinstincts" key="1810" name="Инстинкты выживания" tier="1">
        <rank description="Уменьшает весь получаемый урон на 2% и повышает вероятность критического удара способностей &quot;Чародейский выстрел&quot;, &quot;Верный выстрел&quot; и &quot;Разрывной выстрел&quot; на 2%." lvl="1"/>
        <rank description="Уменьшает весь получаемый урон на 4% и повышает вероятность критического удара способностей &quot;Чародейский выстрел&quot;, &quot;Верный выстрел&quot; и &quot;Разрывной выстрел&quot; на 4%." lvl="2"/>
      </talent>
      <talent column="0" icon="spell_shadow_twilight" key="1622" name="Остаться в живых" tier="2">
        <rank description="Повышает вашу выносливость на 2%." lvl="1"/>
        <rank description="Повышает вашу выносливость на 4%." lvl="2"/>
        <rank description="Повышает вашу выносливость на 6%." lvl="3"/>
        <rank description="Повышает вашу выносливость на 8%." lvl="4"/>
        <rank description="Повышает вашу выносливость на 10%." lvl="5"/>
      </talent>
      <talent column="1" icon="ability_golemstormbolt" key="1814" name="Дезориентирующий выстрел" tier="2">
        <rank description="Выстрел на короткой дистанции, наносящий цели 50% урона от оружия и лишающий ее ощущения направления на 4 сек. Любой нанесенный урон отменяет действие эффекта." lvl="1"/>
        <spell castTime="0" cooldown="30000" maxRange="15">
          <power cost="8" type="mana"/>
        </spell>
      </talent>
      <talent column="2" icon="ability_parry" key="1311" name="Отражение" tier="2">
        <rank description="Повышает вероятность парирования на 1% и сокращает время действия наложенных на вас эффектов обезоруживания на 16%. Не суммируется с другими эффектами, сокращающими время обезоруживания." lvl="1"/>
        <rank description="Повышает вероятность парирования на 2% и сокращает время действия наложенных на вас эффектов обезоруживания на 25%. Не суммируется с другими эффектами, сокращающими время обезоруживания." lvl="2"/>
        <rank description="Повышает вероятность парирования на 3% и сокращает время действия наложенных на вас эффектов обезоруживания на 50%. Не суммируется с другими эффектами, сокращающими время обезоруживания." lvl="3"/>
      </talent>
      <talent column="3" icon="ability_rogue_feigndeath" key="1309" name="Тактика выживания" tier="2">
        <rank description="Понижает на 2% вероятность сопротивления вашей способности &quot;Притвориться мертвым&quot; и вашим ловушкам. Сокращает время восстановления способности &quot;Отрыв&quot; на 2 сек." lvl="1"/>
        <rank description="Понижает на 4% вероятность сопротивления вашей способности &quot;Притвориться мертвым&quot; и вашим ловушкам. Сокращает время восстановления способности &quot;Отрыв&quot; на 4 сек." lvl="2"/>
      </talent>
      <talent column="1" icon="inv_misc_bomb_05" key="2229" name="Тротил" tier="3">
        <rank description="Увеличивает урон, наносимый способностями &quot;Обжигающая ловушка&quot;, &quot;Взрывная ловушка&quot;, &quot;Черная стрела&quot; и &quot;Разрывной выстрел&quot;, на 2%." lvl="1"/>
        <rank description="Увеличивает урон, наносимый способностями &quot;Обжигающая ловушка&quot;, &quot;Взрывная ловушка&quot;, &quot;Черная стрела&quot; и &quot;Разрывной выстрел&quot;, на 4%." lvl="2"/>
        <rank description="Увеличивает урон, наносимый способностями &quot;Обжигающая ловушка&quot;, &quot;Взрывная ловушка&quot;, &quot;Черная стрела&quot; и &quot;Разрывной выстрел&quot;, на 6%." lvl="3"/>
      </talent>
      <talent column="3" icon="ability_hunter_lockandload" key="1306" name="На изготовку!" tier="3">
        <rank description="С вероятностью 33% при срабатывании способностей &quot;Замораживающая ловушка&quot;, &quot;Замораживающая стрела&quot; или &quot;Ледяная ловушка&quot; и с вероятностью 2% при нанесении периодического урона способностями &quot;Обжигающая ловушка&quot;, &quot;Взрывная ловушка&quot; или &quot;Черная стрела&quot; 2 следующих применения способностей &quot;Чародейский выстрел&quot; или &quot;Разрывной выстрел&quot; не потребуют боеприпасов, маны и времени восстановления. Время восстановления эффекта – 22 сек." lvl="1"/>
        <rank description="С вероятностью 66% при срабатывании способностей &quot;Замораживающая ловушка&quot;, &quot;Замораживающая стрела&quot; или &quot;Ледяная ловушка&quot; и с вероятностью 4% при нанесении периодического урона способностями &quot;Обжигающая ловушка&quot;, &quot;Взрывная ловушка&quot; или &quot;Черная стрела&quot; 2 следующих применения способностей &quot;Чародейский выстрел&quot; или &quot;Разрывной выстрел&quot; не потребуют боеприпасов, маны и времени восстановления. Время восстановления эффекта – 22 сек." lvl="2"/>
        <rank description="С вероятностью 100% при срабатывании способностей &quot;Замораживающая ловушка&quot;, &quot;Замораживающая стрела&quot; или &quot;Ледяная ловушка&quot; и с вероятностью 6% при нанесении периодического урона способностями &quot;Обжигающая ловушка&quot;, &quot;Взрывная ловушка&quot; или &quot;Черная стрела&quot; 2 следующих применения способностей &quot;Чародейский выстрел&quot; или &quot;Разрывной выстрел&quot; не потребуют боеприпасов, маны и времени восстановления. Время восстановления эффекта – 22 сек." lvl="3"/>
      </talent>
      <talent column="0" icon="ability_hunter_huntervswild" key="2228" name="Охотник против Природы" requires="1622" tier="4">
        <rank description="Увеличивает силу атаки охотника и его питомца, а также силу атаки дальнего боя на 10% от вашей выносливости." lvl="1"/>
        <rank description="Увеличивает силу атаки охотника и его питомца, а также силу атаки дальнего боя на 20% от вашей выносливости." lvl="2"/>
        <rank description="Увеличивает силу атаки охотника и его питомца, а также силу атаки дальнего боя на 30% от вашей выносливости." lvl="3"/>
      </talent>
      <talent column="1" icon="spell_holy_blessingofstamina" key="1321" name="Инстинкт убийцы" tier="4">
        <rank description="Повышает вероятность нанесения критического удара на 1%." lvl="1"/>
        <rank description="Повышает вероятность нанесения критического удара на 2%." lvl="2"/>
        <rank description="Повышает вероятность нанесения критического удара на 3%." lvl="3"/>
      </talent>
      <talent column="2" icon="ability_warrior_challange" key="1312" name="Контратака" requires="1311" tier="4">
        <rank description="Удар, наносящий противнику 53 ед. урона и обездвиживающий его на 5 сек. Его можно нанести только после парирования атаки. Этот удар невозможно заблокировать или парировать, равно как и уклониться от него." lvl="1"/>
        <spell castTime="0" cooldown="5000" maxRange="5">
          <power cost="3" type="mana"/>
        </spell>
      </talent>
      <talent column="0" icon="spell_nature_invisibilty" key="1303" name="Молниеносные рефлексы" tier="5">
        <rank description="Повышает вашу ловкость на 3%." lvl="1"/>
        <rank description="Повышает вашу ловкость на 6%." lvl="2"/>
        <rank description="Повышает вашу ловкость на 9%." lvl="3"/>
        <rank description="Повышает вашу ловкость на 12%." lvl="4"/>
        <rank description="Повышает вашу ловкость на 15%." lvl="5"/>
      </talent>
      <talent column="2" icon="ability_hunter_resourcefulness" key="1809" name="Изобретательность" tier="5">
        <rank description="Снижает затраты маны на все ловушки, способности ближнего боя и способность &quot;Черная стрела&quot; на 20% и сокращает время восстановления всех ловушек и способности &quot;Черная стрела&quot; на 2 сек." lvl="1"/>
        <rank description="Снижает затраты маны на все ловушки, способности ближнего боя и способность &quot;Черная стрела&quot; на 40% и сокращает время восстановления всех ловушек и способности &quot;Черная стрела&quot; на 4 сек." lvl="2"/>
        <rank description="Снижает затраты маны на все ловушки, способности ближнего боя и способность &quot;Черная стрела&quot; на 60% и сокращает время восстановления всех ловушек и способности &quot;Черная стрела&quot; на 6 сек." lvl="3"/>
      </talent>
      <talent column="0" icon="ability_rogue_findweakness" key="1812" name="Выявление слабости" requires="1303" tier="6">
        <rank description="При нанесении критического урона в дальнем бою с вероятностью 33% на вас накладывается эффект &quot;Выявление слабости&quot;, увеличивающий вашу силу атаки на 25% от вашей ловкости на 7 сек." lvl="1"/>
        <rank description="При нанесении критического урона в дальнем бою с вероятностью 66% на вас накладывается эффект &quot;Выявление слабости&quot;, увеличивающий вашу силу атаки на 25% от вашей ловкости на 7 сек." lvl="2"/>
        <rank description="При нанесении критического урона в дальнем бою с вероятностью 100% на вас накладывается эффект &quot;Выявление слабости&quot;, увеличивающий вашу силу атаки на 25% от вашей ловкости на 7 сек." lvl="3"/>
      </talent>
      <talent column="1" icon="inv_spear_02" key="1325" name="Укус виверны" requires="1321" tier="6">
        <rank description="Укус, усыпляющий цель на 30 сек. Любой нанесенный урон прерывает действие заклинания. Когда цель просыпается, укус наносит 300 ед. урона от сил природы в течение 6 сек. На каждую цель может действовать только один &quot;Укус&quot; каждого охотника единовременно." lvl="1"/>
        <spell castTime="0" cooldown="60000" maxRange="35" minRange="5">
          <power cost="8" type="mana"/>
        </spell>
      </talent>
      <talent column="2" icon="ability_hunter_thrillofthehunt" key="1811" name="Охотничий азарт" tier="6">
        <rank description="Если ваш выстрел наносит критический урон, вы с вероятностью 33% восполните 40% потраченной на него маны." lvl="1"/>
        <rank description="Если ваш выстрел наносит критический урон, вы с вероятностью 66% восполните 40% потраченной на него маны." lvl="2"/>
        <rank description="Если ваш выстрел наносит критический урон, вы с вероятностью 100% восполните 40% потраченной на него маны." lvl="3"/>
      </talent>
      <talent column="0" icon="ability_hunter_mastertactitian" key="1813" name="Мастер тактики" tier="7">
        <rank description="Успешные атаки дальнего боя с вероятностью 10% могут повысить вероятность нанесения критического удара на 2% на 8 сек." lvl="1"/>
        <rank description="Успешные атаки дальнего боя с вероятностью 10% могут повысить вероятность нанесения критического удара на 4% на 8 сек." lvl="2"/>
        <rank description="Успешные атаки дальнего боя с вероятностью 10% могут повысить вероятность нанесения критического удара на 6% на 8 сек." lvl="3"/>
        <rank description="Успешные атаки дальнего боя с вероятностью 10% могут повысить вероятность нанесения критического удара на 8% на 8 сек." lvl="4"/>
        <rank description="Успешные атаки дальнего боя с вероятностью 10% могут повысить вероятность нанесения критического удара на 10% на 8 сек." lvl="5"/>
      </talent>
      <talent column="1" icon="ability_hunter_potentvenom" key="2141" name="Токсичные укусы" requires="1325" tier="7">
        <rank description="Урон, наносимый вами по цели, находящейся под действием вашего эффекта &quot;Укус змеи&quot;, увеличивается на 1%. Если &quot;Укус виверны&quot; был рассеян, рассеявший сам оказывается под его воздействием на 16% от оставшегося времени его действия." lvl="1"/>
        <rank description="Урон, наносимый вами по цели, находящейся под действием вашего эффекта &quot;Укус змеи&quot;, увеличивается на 2%. Если &quot;Укус виверны&quot; был рассеян, рассеявший сам оказывается под его воздействием на 25% от оставшегося времени его действия." lvl="2"/>
        <rank description="Урон, наносимый вами по цели, находящейся под действием вашего эффекта &quot;Укус змеи&quot;, увеличивается на 3%. Если &quot;Укус виверны&quot; был рассеян, рассеявший сам оказывается под его воздействием на 50% от оставшегося времени его действия." lvl="3"/>
      </talent>
      <talent column="0" icon="ability_hunter_pointofnoescape" key="2142" name="Роковая ловушка" tier="8">
        <rank description="Повышает вероятность нанесения критического удара по целям, находящимся под действием ваших способностей &quot;Ледяная ловушка&quot;, &quot;Замораживающая ловушка&quot; или &quot;Замораживающая стрела&quot;, на 3%." lvl="1"/>
        <rank description="Повышает вероятность нанесения критического удара по целям, находящимся под действием ваших способностей &quot;Ледяная ловушка&quot;, &quot;Замораживающая ловушка&quot; или &quot;Замораживающая стрела&quot;, на 6%." lvl="2"/>
      </talent>
      <talent column="1" icon="spell_shadow_painspike" key="1322" name="Черная стрела" tier="8">
        <rank description="Черная стрела поражает цель, повышая весь наносимый вами урон по цели на 6% и нанося 786 ед. урона от темной магии в течение 15 сек. Эта способность имеет общее время восстановления с установкой ловушек." lvl="1"/>
        <spell castTime="0" cooldown="30000" maxRange="35" minRange="5">
          <power cost="6" type="mana"/>
        </spell>
      </talent>
      <talent column="3" icon="ability_hunter_longshots" key="2143" name="Навыки снайпера" tier="8">
        <rank description="Повышает вероятность критического удара способности &quot;Убийственный выстрел&quot; на 5%. Если охотник не двигается в течение 6 с, на него накладывается эффект &quot;Навыки снайпера&quot;, увеличивающий урон от способностей &quot;Верный выстрел&quot;, &quot;Прицельный выстрел&quot;, &quot;Черная стрела&quot; и &quot;Разрывной выстрел&quot; на 2% на 15 сек." lvl="1"/>
        <rank description="Повышает вероятность критического удара способности &quot;Убийственный выстрел&quot; на 10%. Если охотник не двигается в течение 6 с, на него накладывается эффект &quot;Навыки снайпера&quot;, увеличивающий урон от способностей &quot;Верный выстрел&quot;, &quot;Прицельный выстрел&quot;, &quot;Черная стрела&quot; и &quot;Разрывной выстрел&quot; на 4% на 15 сек." lvl="2"/>
        <rank description="Повышает вероятность критического удара способности &quot;Убийственный выстрел&quot; на 15%. Если охотник не двигается в течение 6 с, на него накладывается эффект &quot;Навыки снайпера&quot;, увеличивающий урон от способностей &quot;Верный выстрел&quot;, &quot;Прицельный выстрел&quot;, &quot;Черная стрела&quot; и &quot;Разрывной выстрел&quot; на 6% на 15 сек." lvl="3"/>
      </talent>
      <talent column="2" icon="ability_hunter_huntingparty" key="2144" name="Групповая охота" requires="1811" tier="9">
        <rank description="Повышает ловкость на 1%. Когда вы наносите критический урон способностями &quot;Чародейский выстрел&quot;, &quot;Разрывной выстрел&quot; или &quot;Верный выстрел&quot;, до 10 участников вашей группы или рейда с 33%-й вероятностью восполняют 1% от своего запаса маны раз в 5 сек. в течение 15 сек." lvl="1"/>
        <rank description="Повышает ловкость на 2%. Когда вы наносите критический урон способностями &quot;Чародейский выстрел&quot;, &quot;Разрывной выстрел&quot; или &quot;Верный выстрел&quot;, до 10 участников вашей группы или рейда с 66%-й вероятностью восполняют 1% от своего запаса маны раз в 5 сек. в течение 15 сек." lvl="2"/>
        <rank description="Повышает ловкость на 3%. Когда вы наносите критический урон способностями &quot;Чародейский выстрел&quot;, &quot;Разрывной выстрел&quot; или &quot;Верный выстрел&quot;, до 10 участников вашей группы или рейда с 100%-й вероятностью восполняют 1% от своего запаса маны раз в 5 сек. в течение 15 сек." lvl="3"/>
      </talent>
      <talent column="1" icon="ability_hunter_explosiveshot" key="2145" name="Разрывной выстрел" requires="1322" tier="10">
        <rank description="Выстрел разрывным снарядом, наносящим врагу 146-174 ед. урона от огня. Заряд продолжает наносить цели урон каждую секунду в течение 2 сек." lvl="1"/>
        <spell castTime="0" cooldown="6000" maxRange="35" minRange="5">
          <power cost="7" type="mana"/>
        </spell>
      </talent>
    </tree>
    <tree bgImage="HunterBeastMastery" icon="ability_hunter_beasttaming" key="BeastMastery" name="Повелитель зверей" order="0">
      <talent column="1" icon="spell_nature_ravenform" key="1382" name="Сильный дух ястреба" tier="0">
        <rank description="Если охотница обратилась к духу ястреба или дракондора, все обычные атаки дальнего боя с вероятностью 10% увеличивают скорость атаки дальнего боя на 3% на 12 сек." lvl="1"/>
        <rank description="Если охотница обратилась к духу ястреба или дракондора, все обычные атаки дальнего боя с вероятностью 10% увеличивают скорость атаки дальнего боя на 6% на 12 сек." lvl="2"/>
        <rank description="Если охотница обратилась к духу ястреба или дракондора, все обычные атаки дальнего боя с вероятностью 10% увеличивают скорость атаки дальнего боя на 9% на 12 сек." lvl="3"/>
        <rank description="Если охотница обратилась к духу ястреба или дракондора, все обычные атаки дальнего боя с вероятностью 10% увеличивают скорость атаки дальнего боя на 12% на 12 сек." lvl="4"/>
        <rank description="Если охотница обратилась к духу ястреба или дракондора, все обычные атаки дальнего боя с вероятностью 10% увеличивают скорость атаки дальнего боя на 15% на 12 сек." lvl="5"/>
      </talent>
      <talent column="2" icon="spell_nature_reincarnation" key="1389" name="Тренировка стойкости" tier="0">
        <rank description="Увеличивает запас здоровья питомца на 2% и ваш максимальный запас здоровья на 1%." lvl="1"/>
        <rank description="Увеличивает запас здоровья питомца на 4% и ваш максимальный запас здоровья на 2%." lvl="2"/>
        <rank description="Увеличивает запас здоровья питомца на 6% и ваш максимальный запас здоровья на 3%." lvl="3"/>
        <rank description="Увеличивает запас здоровья питомца на 8% и ваш максимальный запас здоровья на 4%." lvl="4"/>
        <rank description="Увеличивает запас здоровья питомца на 10% и ваш максимальный запас здоровья на 5%." lvl="5"/>
      </talent>
      <talent column="0" icon="ability_hunter_silenthunter" key="1624" name="Направленный огонь" tier="1">
        <rank description="Пока ваш питомец с вами, весь наносимый вами урон увеличивается на 1%, а вероятность критического эффекта особых способностей питомца при использовании команды &quot;Взять!&quot; повышается на 10%." lvl="1"/>
        <rank description="Пока ваш питомец с вами, весь наносимый вами урон увеличивается на 2%, а вероятность критического эффекта особых способностей питомца при использовании команды &quot;Взять!&quot; повышается на 20%." lvl="2"/>
      </talent>
      <talent column="1" icon="ability_hunter_aspectofthemonkey" key="1381" name="Сильный дух обезьяны" tier="1">
        <rank description="Если охотница обратилась к духу обезьяны или духу дракондора, вероятность уклонения дополнительно повышается на 2%." lvl="1"/>
        <rank description="Если охотница обратилась к духу обезьяны или духу дракондора, вероятность уклонения дополнительно повышается на 4%." lvl="2"/>
        <rank description="Если охотница обратилась к духу обезьяны или духу дракондора, вероятность уклонения дополнительно повышается на 6%." lvl="3"/>
      </talent>
      <talent column="2" icon="inv_misc_pelt_bear_03" key="1395" name="Плотная шкура" tier="1">
        <rank description="Увеличивает броню ваших питомцев на 7% и эффективность усиления вашей брони за счет носимой экипировки на 4%." lvl="1"/>
        <rank description="Увеличивает броню ваших питомцев на 14% и эффективность усиления вашей брони за счет носимой экипировки на 7%." lvl="2"/>
        <rank description="Увеличивает броню ваших питомцев на 20% и эффективность усиления вашей брони за счет носимой экипировки на 10%." lvl="3"/>
      </talent>
      <talent column="3" icon="ability_hunter_beastsoothe" key="1625" name="Улучшенное воскрешение питомца" tier="1">
        <rank description="Сокращает время произнесения заклинания &quot;Воскрешение питомца&quot; на 3 сек. и снижает затраты маны на него на 20%. Запас здоровья, с которым питомец возвращается к жизни, увеличивается дополнительно на 15%." lvl="1"/>
        <rank description="Сокращает время произнесения заклинания &quot;Воскрешение питомца&quot; на 6 сек. и снижает затраты маны на него на 40%. Запас здоровья, с которым питомец возвращается к жизни, увеличивается дополнительно на 30%." lvl="2"/>
      </talent>
      <talent column="0" icon="ability_mount_jungletiger" key="1384" name="Знание троп" tier="2">
        <rank description="Увеличивает бонус скорости при обращении к духу гепарда и духу стаи на 4%, повышает скорость при передвижении верхом на 5%. Не суммируется с другими эффектами увеличения скорости передвижения верхом." lvl="1"/>
        <rank description="Увеличивает бонус скорости при обращении к духу гепарда и духу стаи на 8%, повышает скорость при передвижении верхом на 10%. Не суммируется с другими эффектами увеличения скорости передвижения верхом." lvl="2"/>
      </talent>
      <talent column="1" icon="ability_hunter_aspectmastery" key="2138" name="Власть над духами" tier="2">
        <rank description="Дух гадюки – уменьшение штрафа на наносимый урон на 10%.&lt;br/&gt;&lt;br/&gt;Дух обезьяны – уменьшение получаемого урона на 5%.&lt;br/&gt;&lt;br/&gt;Дух ястреба – увеличение бонуса силы атаки на 30%.&lt;br/&gt;&lt;br/&gt;Дух дракондора – объединенный эффект духа обезьяны и духа ястреба." lvl="1"/>
      </talent>
      <talent column="2" icon="ability_bullrush" key="1396" name="Неудержимое неистовство" tier="2">
        <rank description="Увеличивает урон, наносимый вашими питомцами, на 3%." lvl="1"/>
        <rank description="Увеличивает урон, наносимый вашими питомцами, на 6%." lvl="2"/>
        <rank description="Увеличивает урон, наносимый вашими питомцами, на 9%." lvl="3"/>
        <rank description="Увеличивает урон, наносимый вашими питомцами, на 12%." lvl="4"/>
        <rank description="Увеличивает урон, наносимый вашими питомцами, на 15%." lvl="5"/>
      </talent>
      <talent column="1" icon="ability_hunter_mendpet" key="1385" name="Улучшенное лечение питомца" tier="3">
        <rank description="Снижает затраты маны на заклинание &quot;Лечение питомца&quot; на 10%. С вероятностью 25% заклинание снимает 1 эффект проклятия, болезни, магии или отравления с питомца на каждом такте действия." lvl="1"/>
        <rank description="Снижает затраты маны на заклинание &quot;Лечение питомца&quot; на 20%. С вероятностью 50% заклинание снимает 1 эффект проклятия, болезни, магии или отравления с питомца на каждом такте действия." lvl="2"/>
      </talent>
      <talent column="2" icon="inv_misc_monsterclaw_04" key="1393" name="Свирепость" tier="3">
        <rank description="Повышает вероятность того, что ваш питомец нанесет критический удар, на 2%." lvl="1"/>
        <rank description="Повышает вероятность того, что ваш питомец нанесет критический удар, на 4%." lvl="2"/>
        <rank description="Повышает вероятность того, что ваш питомец нанесет критический удар, на 6%." lvl="3"/>
        <rank description="Повышает вероятность того, что ваш питомец нанесет критический удар, на 8%." lvl="4"/>
        <rank description="Повышает вероятность того, что ваш питомец нанесет критический удар, на 10%." lvl="5"/>
      </talent>
      <talent column="0" icon="ability_druid_demoralizingroar" key="1388" name="Узы духа" tier="4">
        <rank description="Пока ваш питомец с вами, вы оба восстанавливаете 1% максимального запаса здоровья раз в 10 сек., а исцеляющие эффекты, действующие на вас или вашего питомца, усиливаются на 5%." lvl="1"/>
        <rank description="Пока ваш питомец с вами, вы оба восстанавливаете 2% максимального запаса здоровья раз в 10 сек., а исцеляющие эффекты, действующие на вас или вашего питомца, усиливаются на 10%." lvl="2"/>
      </talent>
      <talent column="1" icon="ability_devour" key="1387" name="Устрашение" tier="4">
        <rank description="Приказать питомцу напугать противника, оглушив его на 3 сек. и значительно повысив свой уровень угрозы. Время действия – 15 сек." lvl="1"/>
        <spell castTime="0" cooldown="60000" maxRange="100">
          <power cost="8" type="mana"/>
        </spell>
      </talent>
      <talent column="3" icon="spell_nature_abolishmagic" key="1390" name="Беспрекословное послушание" tier="4">
        <rank description="Повышает скорость восстановления тонуса ваших питомцев на 50%." lvl="1"/>
        <rank description="Повышает скорость восстановления тонуса ваших питомцев на 100%." lvl="2"/>
      </talent>
      <talent column="0" icon="ability_hunter_animalhandler" key="1799" name="Опытный дрессировщик" tier="5">
        <rank description="Увеличивает силу атаки вашего питомца на 5% и продлевает действие способности &quot;Приказ хозяина&quot; на 3 сек." lvl="1"/>
        <rank description="Увеличивает силу атаки вашего питомца на 10% и продлевает действие способности &quot;Приказ хозяина&quot; на 6 сек." lvl="2"/>
      </talent>
      <talent column="2" icon="inv_misc_monsterclaw_03" key="1397" name="Бешенство" requires="1393" tier="5">
        <rank description="Когда ваш питомец наносит критический удар, с вероятностью 20% его скорость атаки повышается на 30% на 8 сек." lvl="1"/>
        <rank description="Когда ваш питомец наносит критический удар, с вероятностью 40% его скорость атаки повышается на 30% на 8 сек." lvl="2"/>
        <rank description="Когда ваш питомец наносит критический удар, с вероятностью 60% его скорость атаки повышается на 30% на 8 сек." lvl="3"/>
        <rank description="Когда ваш питомец наносит критический удар, с вероятностью 80% его скорость атаки повышается на 30% на 8 сек." lvl="4"/>
        <rank description="Когда ваш питомец наносит критический удар, с вероятностью 100% его скорость атаки повышается на 30% на 8 сек." lvl="5"/>
      </talent>
      <talent column="0" icon="ability_hunter_ferociousinspiration" key="1800" name="Свирепое воодушевление" tier="6">
        <rank description="Урон, наносимый всеми участниками группы или рейда, находящимися в радиусе 100 м от вашего питомца, увеличивается на 1%. Кроме того, урон, наносимый способностями &quot;Чародейский выстрел&quot; и &quot;Верный выстрел&quot;, увеличивается на 3%." lvl="1"/>
        <rank description="Урон, наносимый всеми участниками группы или рейда, находящимися в радиусе 100 м от вашего питомца, увеличивается на 2%. Кроме того, урон, наносимый способностями &quot;Чародейский выстрел&quot; и &quot;Верный выстрел&quot;, увеличивается на 6%." lvl="2"/>
        <rank description="Урон, наносимый всеми участниками группы или рейда, находящимися в радиусе 100 м от вашего питомца, увеличивается на 3%. Кроме того, урон, наносимый способностями &quot;Чародейский выстрел&quot; и &quot;Верный выстрел&quot;, увеличивается на 9%." lvl="3"/>
      </talent>
      <talent column="1" icon="ability_druid_ferociousbite" key="1386" name="Звериный гнев" requires="1387" tier="6">
        <rank description="Питомца обуревает ярость, увеличивающая наносимый им урон на 50% на 10 сек. В ярости питомец не знает ни страха, ни жалости, и его может остановить только смерть." lvl="1"/>
        <spell castTime="0" cooldown="120000" maxRange="100">
          <power cost="10" type="mana"/>
        </spell>
      </talent>
      <talent column="2" icon="ability_hunter_catlikereflexes" key="1801" name="Кошачьи рефлексы" tier="6">
        <rank description="Повышает вероятность уклонения от атак на 1% для вас и на 3% для вашего питомца. Сокращает время восстановления способности «Команда &quot;Взять!&quot;» на 10 с." lvl="1"/>
        <rank description="Повышает вероятность уклонения от атак на 2% для вас и на 6% для вашего питомца. Сокращает время восстановления способности «Команда &quot;Взять!&quot;» на 20 с." lvl="2"/>
        <rank description="Повышает вероятность уклонения от атак на 3% для вас и на 9% для вашего питомца. Сокращает время восстановления способности «Команда &quot;Взять!&quot;» на 30 с." lvl="3"/>
      </talent>
      <talent column="0" icon="ability_hunter_invigeration" key="2136" name="Окрыление" requires="1800" tier="7">
        <rank description="Когда особая способность вашего питомца наносит критический удар, с вероятностью 50% вы моментально восполняете 1% маны." lvl="1"/>
        <rank description="Когда особая способность вашего питомца наносит критический удар, с вероятностью 100% вы моментально восполняете 1% маны." lvl="2"/>
      </talent>
      <talent column="2" icon="ability_hunter_serpentswiftness" key="1802" name="Змеиная скорость" tier="7">
        <rank description="Повышает вашу скорость атаки в дальнем бою на 4% и скорость атаки в ближнем бою вашего питомца на 4%." lvl="1"/>
        <rank description="Повышает вашу скорость атаки в дальнем бою на 8% и скорость атаки в ближнем бою вашего питомца на 8%." lvl="2"/>
        <rank description="Повышает вашу скорость атаки в дальнем бою на 12% и скорость атаки в ближнем бою вашего питомца на 12%." lvl="3"/>
        <rank description="Повышает вашу скорость атаки в дальнем бою на 16% и скорость атаки в ближнем бою вашего питомца на 16%." lvl="4"/>
        <rank description="Повышает вашу скорость атаки в дальнем бою на 20% и скорость атаки в ближнем бою вашего питомца на 20%." lvl="5"/>
      </talent>
      <talent column="0" icon="ability_hunter_longevity" key="2140" name="Жизненный опыт" tier="8">
        <rank description="Сокращает время восстановления способностей &quot;Звериный гнев&quot; и &quot;Устрашение&quot;, а также особых способностей вашего питомца на 10%." lvl="1"/>
        <rank description="Сокращает время восстановления способностей &quot;Звериный гнев&quot; и &quot;Устрашение&quot;, а также особых способностей вашего питомца на 20%." lvl="2"/>
        <rank description="Сокращает время восстановления способностей &quot;Звериный гнев&quot; и &quot;Устрашение&quot;, а также особых способностей вашего питомца на 30%." lvl="3"/>
      </talent>
      <talent column="1" icon="ability_hunter_beastwithin" key="1803" name="Зверь внутри" requires="1386" tier="8">
        <rank description="Повышает весь наносимый вами урон на 10% . Когда питомец находится под действием эффекта &quot;Звериный гнев&quot;, охотник тоже впадает в исступление: наносимый им урон увеличивается на 10%, а расход маны на все заклинания снижается на 50% на 10 сек. В этом состоянии охотник не чувствует ни страха, ни жалости, и только смерть способна остановить его." lvl="1"/>
      </talent>
      <talent column="2" icon="ability_hunter_cobrastrikes" key="2137" name="Бросок кобры" requires="1802" tier="8">
        <rank description="С вероятностью 20% после нанесения вами критического урона способностями &quot;Чародейский выстрел&quot;, &quot;Верный выстрел&quot; или &quot;Убийственный выстрел&quot; 2 следующие особые способности вашего питомца также нанесут критический урон." lvl="1"/>
        <rank description="С вероятностью 40% после нанесения вами критического урона способностями &quot;Чародейский выстрел&quot;, &quot;Верный выстрел&quot; или &quot;Убийственный выстрел&quot; 2 следующие особые способности вашего питомца также нанесут критический урон." lvl="2"/>
        <rank description="С вероятностью 60% после нанесения вами критического урона способностями &quot;Чародейский выстрел&quot;, &quot;Верный выстрел&quot; или &quot;Убийственный выстрел&quot; 2 следующие особые способности вашего питомца также нанесут критический урон." lvl="3"/>
      </talent>
      <talent column="1" icon="ability_hunter_separationanxiety" key="2227" name="Родственные души" tier="9">
        <rank description="Увеличивает урон, наносимый вашим питомцем, на 4%. Пока ваш питомец с вами, его и ваша скорость передвижения повышается на 2%. Эффект не суммируется с другими эффектами, повышающими скорость передвижения." lvl="1"/>
        <rank description="Увеличивает урон, наносимый вашим питомцем, на 8%. Пока ваш питомец с вами, его и ваша скорость передвижения повышается на 4%. Эффект не суммируется с другими эффектами, повышающими скорость передвижения." lvl="2"/>
        <rank description="Увеличивает урон, наносимый вашим питомцем, на 12%. Пока ваш питомец с вами, его и ваша скорость передвижения повышается на 6%. Эффект не суммируется с другими эффектами, повышающими скорость передвижения." lvl="3"/>
        <rank description="Увеличивает урон, наносимый вашим питомцем, на 16%. Пока ваш питомец с вами, его и ваша скорость передвижения повышается на 8%. Эффект не суммируется с другими эффектами, повышающими скорость передвижения." lvl="4"/>
        <rank description="Увеличивает урон, наносимый вашим питомцем, на 20%. Пока ваш питомец с вами, его и ваша скорость передвижения повышается на 10%. Эффект не суммируется с другими эффектами, повышающими скорость передвижения." lvl="5"/>
      </talent>
      <talent column="1" icon="ability_hunter_beastmastery" key="2139" name="Повелитель зверей" tier="10">
        <rank description="Вы в совершенстве овладеваете искусством дрессировки, получая возможность приручать экзотических питомцев. Общее количество очков умений питомца увеличивается на 4." lvl="1"/>
      </talent>
    </tree>
    <tree bgImage="HunterMarksmanship" icon="ability_marksmanship" key="Marksmanship" name="Стрельба" order="1">
      <talent column="0" icon="spell_frost_stun" key="1341" name="Улучшенный контузящий выстрел" tier="0">
        <rank description="Увеличивает время действия эффекта головокружения способности &quot;Контузящий выстрел&quot; на 1 с." lvl="1"/>
        <rank description="Увеличивает время действия эффекта головокружения способности &quot;Контузящий выстрел&quot; на 2 с." lvl="2"/>
      </talent>
      <talent column="1" icon="ability_hunter_focusedaim" key="2197" name="Точное наведение" tier="0">
        <rank description="Сокращает задержку применения способности &quot;Верный выстрел&quot; при получении урона на 23% и повышает вашу меткость на 1%." lvl="1"/>
        <rank description="Сокращает задержку применения способности &quot;Верный выстрел&quot; при получении урона на 46% и повышает вашу меткость на 2%." lvl="2"/>
        <rank description="Сокращает задержку применения способности &quot;Верный выстрел&quot; при получении урона на 70% и повышает вашу меткость на 3%." lvl="3"/>
      </talent>
      <talent column="2" icon="ability_searingarrow" key="1344" name="Стрельба на поражение" tier="0">
        <rank description="Повышает вероятность нанесения критического урона оружием дальнего боя на 1%." lvl="1"/>
        <rank description="Повышает вероятность нанесения критического урона оружием дальнего боя на 2%." lvl="2"/>
        <rank description="Повышает вероятность нанесения критического урона оружием дальнего боя на 3%." lvl="3"/>
        <rank description="Повышает вероятность нанесения критического урона оружием дальнего боя на 4%." lvl="4"/>
        <rank description="Повышает вероятность нанесения критического урона оружием дальнего боя на 5%." lvl="5"/>
      </talent>
      <talent column="0" icon="ability_hunter_zenarchery" key="1806" name="Верная цель" tier="1">
        <rank description="Повышает силу атаки дальнего боя на 33% от вашего интеллекта." lvl="1"/>
        <rank description="Повышает силу атаки дальнего боя на 66% от вашего интеллекта." lvl="2"/>
        <rank description="Повышает силу атаки дальнего боя на 100% от вашего интеллекта." lvl="3"/>
      </talent>
      <talent column="1" icon="ability_hunter_snipershot" key="1343" name="Улучшенная метка охотника" tier="1">
        <rank description="Увеличивает бонус силы атаки от способности &quot;Метка охотника&quot; на 10% и снижает затраты маны на ее применение на 33%." lvl="1"/>
        <rank description="Увеличивает бонус силы атаки от способности &quot;Метка охотника&quot; на 20% и снижает затраты маны на ее применение на 66%." lvl="2"/>
        <rank description="Увеличивает бонус силы атаки от способности &quot;Метка охотника&quot; на 30% и снижает затраты маны на ее применение на 100%." lvl="3"/>
      </talent>
      <talent column="2" icon="ability_piercedamage" key="1349" name="Смертоносные выстрелы" tier="1">
        <rank description="Увеличивает дополнительный урон при критическом попадании в дальнем бою на 6%." lvl="1"/>
        <rank description="Увеличивает дополнительный урон при критическом попадании в дальнем бою на 12%." lvl="2"/>
        <rank description="Увеличивает дополнительный урон при критическом попадании в дальнем бою на 18%." lvl="3"/>
        <rank description="Увеличивает дополнительный урон при критическом попадании в дальнем бою на 24%." lvl="4"/>
        <rank description="Увеличивает дополнительный урон при критическом попадании в дальнем бою на 30%." lvl="5"/>
      </talent>
      <talent column="0" icon="ability_hunter_goforthethroat" key="1818" name="Хватай за горло!" tier="2">
        <rank description="Критические удары, наносимые вами в дальнем бою, восстанавливают вашему питомцу 25 тонуса." lvl="1"/>
        <rank description="Критические удары, наносимые вами в дальнем бою, восстанавливают вашему питомцу 50 тонуса." lvl="2"/>
      </talent>
      <talent column="1" icon="ability_impalingbolt" key="1346" name="Улучшенный чародейский выстрел" tier="2">
        <rank description="Увеличивает урон, наносимый способностью &quot;Чародейский выстрел&quot;, на 5%." lvl="1"/>
        <rank description="Увеличивает урон, наносимый способностью &quot;Чародейский выстрел&quot;, на 10%." lvl="2"/>
        <rank description="Увеличивает урон, наносимый способностью &quot;Чародейский выстрел&quot;, на 15%." lvl="3"/>
      </talent>
      <talent column="2" icon="inv_spear_07" key="1345" name="Прицельный выстрел" requires="1349" tier="2">
        <rank description="Меткий выстрел, наносящий цели на 5 ед. урона больше обычного и снижающий эффективность применяемого к ней исцеления на 50% на 10 сек." lvl="1"/>
        <spell castTime="0" cooldown="10000" maxRange="35" minRange="5">
          <power cost="8" type="mana"/>
        </spell>
      </talent>
      <talent column="3" icon="ability_hunter_rapidkilling" key="1819" name="Быстрая расправа" tier="2">
        <rank description="Сокращает время восстановления способности &quot;Быстрая стрельба&quot; на 1 мин. Кроме того, после смерти противника, принесшей опыт или очки чести, способности &quot;Прицельный выстрел&quot;, &quot;Чародейский выстрел&quot; или &quot;Выстрел химеры&quot; при следующем применении нанесут на 10% больше урона. Время действия – 20 сек." lvl="1"/>
        <rank description="Сокращает время восстановления способности &quot;Быстрая стрельба&quot; на 2 мин. Кроме того, после смерти противника, принесшей опыт или очки чести, способности &quot;Прицельный выстрел&quot;, &quot;Чародейский выстрел&quot; или &quot;Выстрел химеры&quot; при следующем применении нанесут на 20% больше урона. Время действия – 20 сек." lvl="2"/>
      </talent>
      <talent column="1" icon="ability_hunter_quickshot" key="1348" name="Смертельные укусы" tier="3">
        <rank description="Увеличивает на 10% урон, наносимый способностями &quot;Укус змеи&quot; и &quot;Укус виверны&quot;. Увеличивает на 10% количество маны, вытягиваемой способностью &quot;Укус гадюки&quot;. Также снижает на 10% вероятность того, что периодические эффекты категории &quot;Укус&quot; будут рассеяны." lvl="1"/>
        <rank description="Увеличивает на 20% урон, наносимый способностями &quot;Укус змеи&quot; и &quot;Укус виверны&quot;. Увеличивает на 20% количество маны, вытягиваемой способностью &quot;Укус гадюки&quot;. Также снижает на 20% вероятность того, что периодические эффекты категории &quot;Укус&quot; будут рассеяны." lvl="2"/>
        <rank description="Увеличивает на 30% урон, наносимый способностями &quot;Укус змеи&quot; и &quot;Укус виверны&quot;. Увеличивает на 30% количество маны, вытягиваемой способностью &quot;Укус гадюки&quot;. Также снижает на 30% вероятность того, что периодические эффекты категории &quot;Укус&quot; будут расcеяны." lvl="3"/>
      </talent>
      <talent column="2" icon="spell_frost_wizardmark" key="1342" name="Эффективность" tier="3">
        <rank description="Снижает затраты маны на способности категорий &quot;Выстрел&quot; и &quot;Укус&quot; на 3%." lvl="1"/>
        <rank description="Снижает затраты маны на способности категорий &quot;Выстрел&quot; и &quot;Укус&quot; на 6%." lvl="2"/>
        <rank description="Снижает затраты маны на способности категорий &quot;Выстрел&quot; и &quot;Укус&quot; на 9%." lvl="3"/>
        <rank description="Снижает затраты маны на способности категорий &quot;Выстрел&quot; и &quot;Укус&quot; на 12%." lvl="4"/>
        <rank description="Снижает затраты маны на способности категорий &quot;Выстрел&quot; и &quot;Укус&quot; на 15%." lvl="5"/>
      </talent>
      <talent column="0" icon="spell_arcane_starfire" key="1351" name="Шокирующий залп" tier="4">
        <rank description="Если ваши способности &quot;Выстрел химеры&quot; и &quot;Залп&quot; попадают в цель, с вероятностью 50% они вызовут у противника головокружение на 4 сек." lvl="1"/>
        <rank description="Если ваши способности &quot;Выстрел химеры&quot; и &quot;Залп&quot; попадают в цель, с вероятностью 100% они вызовут у противника головокружение на 4 сек." lvl="2"/>
      </talent>
      <talent column="1" icon="ability_hunter_readiness" key="1353" name="Готовность" tier="4">
        <rank description="При активации эта способность немедленно обнуляет время до восстановления всех остальных способностей охотника, кроме способности &quot;Звериный гнев&quot;." lvl="1"/>
        <spell castTime="0" cooldown="180000"/>
      </talent>
      <talent column="2" icon="ability_upgrademoonglaive" key="1347" name="Заградительный огонь" tier="4">
        <rank description="Увеличивает урон, наносимый вашими способностями &quot;Залп&quot;, &quot;Град стрел&quot; и &quot;Прицельный выстрел&quot;, на 4%." lvl="1"/>
        <rank description="Увеличивает урон, наносимый вашими способностями &quot;Залп&quot;, &quot;Град стрел&quot; и &quot;Прицельный выстрел&quot;, на 8%." lvl="2"/>
        <rank description="Увеличивает урон, наносимый вашими способностями &quot;Залп&quot;, &quot;Град стрел&quot; и &quot;Прицельный выстрел&quot;, на 12%." lvl="3"/>
      </talent>
      <talent column="0" icon="ability_hunter_combatexperience" key="1804" name="Боевой опыт" tier="5">
        <rank description="Повышает ловкость и интеллект на 2%." lvl="1"/>
        <rank description="Повышает ловкость и интеллект на 4%." lvl="2"/>
      </talent>
      <talent column="3" icon="inv_weapon_rifle_06" key="1362" name="Специализация на оружии дальнего боя" tier="5">
        <rank description="Увеличивает урон, наносимый оружием дальнего боя, на 1%." lvl="1"/>
        <rank description="Увеличивает урон, наносимый оружием дальнего боя, на 3%." lvl="2"/>
        <rank description="Увеличивает урон, наносимый оружием дальнего боя, на 5%." lvl="3"/>
      </talent>
      <talent column="0" icon="ability_hunter_piercingshots" key="2130" name="Пронзающие выстрелы" tier="6">
        <rank description="Критические удары способностей &quot;Прицельный выстрел&quot;, &quot;Верный выстрел&quot; и &quot;Выстрел химеры&quot; вызывают у цели кровотечение, наносящее урон в количестве, равном 10% от урона способности, в течение 8 сек." lvl="1"/>
        <rank description="Критические удары способностей &quot;Прицельный выстрел&quot;, &quot;Верный выстрел&quot; и &quot;Выстрел химеры&quot; вызывают у цели кровотечение, наносящее урон в количестве, равном 20% от урона способности, в течение 8 сек." lvl="2"/>
        <rank description="Критические удары способностей &quot;Прицельный выстрел&quot;, &quot;Верный выстрел&quot; и &quot;Выстрел химеры&quot; вызывают у цели кровотечение, наносящее урон в количестве, равном 30% от урона способности, в течение 8 сек." lvl="3"/>
      </talent>
      <talent column="1" icon="ability_trueshot" key="1361" name="Аура меткого выстрела" requires="1353" tier="6">
        <rank description="Увеличивает силу атаки участников группы или рейда в радиусе 100 м на 10%. Время действия – до отмены." lvl="1"/>
        <spell castTime="0"/>
      </talent>
      <talent column="2" icon="ability_upgrademoonglaive" key="1821" name="Улучшенный заградительный огонь" requires="1347" tier="6">
        <rank description="Повышает вероятность критического удара способностей &quot;Залп&quot; и &quot;Прицельный выстрел&quot; на 4% и сокращает на 33% время, теряемое в случае получения урона при поддержании способности &quot;Град стрел&quot;." lvl="1"/>
        <rank description="Повышает вероятность критического удара способностей &quot;Залп&quot; и &quot;Прицельный выстрел&quot; на 8% и сокращает на 66% время, теряемое в случае получения урона при поддержании способности &quot;Град стрел&quot;." lvl="2"/>
        <rank description="Повышает вероятность критического удара способностей &quot;Залп&quot; и &quot;Прицельный выстрел&quot; на 12% и сокращает на 100% время, теряемое в случае получения урона при поддержании способности &quot;Град стрел&quot;." lvl="3"/>
      </talent>
      <talent column="1" icon="ability_hunter_mastermarksman" key="1807" name="Снайпер" tier="7">
        <rank description="Повышает вероятность нанесения критического удара на 1% и снижает затраты маны на способности &quot;Верный выстрел&quot;, &quot;Прицельный выстрел&quot; и &quot;Выстрел химеры&quot; на 5%." lvl="1"/>
        <rank description="Повышает вероятность нанесения критического удара на 2% и снижает затраты маны на способности &quot;Верный выстрел&quot;, &quot;Прицельный выстрел&quot; и &quot;Выстрел химеры&quot; на 10%." lvl="2"/>
        <rank description="Повышает вероятность нанесения критического удара на 3% и снижает затраты маны на способности &quot;Верный выстрел&quot;, &quot;Прицельный выстрел&quot; и &quot;Выстрел химеры&quot; на 15%." lvl="3"/>
        <rank description="Повышает вероятность нанесения критического удара на 4% и снижает затраты маны на способности &quot;Верный выстрел&quot;, &quot;Прицельный выстрел&quot; и &quot;Выстрел химеры&quot; на 20%." lvl="4"/>
        <rank description="Повышает вероятность нанесения критического удара на 5% и снижает затраты маны на способности &quot;Верный выстрел&quot;, &quot;Прицельный выстрел&quot; и &quot;Выстрел химеры&quot; на 25%." lvl="5"/>
      </talent>
      <talent column="2" icon="ability_hunter_rapidregeneration" key="2131" name="Быстрое возмещение" tier="7">
        <rank description="Под действием эффекта &quot;Быстрая стрельба&quot; у вас восполняется 2% от общего объема маны раз в 3 сек. Под действием эффекта &quot;Быстрое убийство&quot; у вас восполняется 1% от объема маны раз в 2 сек. в течение 6 сек." lvl="1"/>
        <rank description="Под действием эффекта &quot;Быстрая стрельба&quot; у вас восполняется 4% от общего объема маны раз в 3 сек. Под действием эффекта &quot;Быстрое убийство&quot; у вас восполняется 2% от объема маны раз в 2 сек. в течение 6 сек." lvl="2"/>
      </talent>
      <talent column="0" icon="ability_hunter_wildquiver" key="2132" name="Мятежная стрела" tier="8">
        <rank description="Если при автоматической стрельбе ваш выстрел наносит урон, вы с вероятностью 4% делаете дополнительный выстрел, наносящий 80% урона от оружия. Этот урон считается уроном от сил природы. Боеприпасы при этом не расходуются." lvl="1"/>
        <rank description="Если при автоматической стрельбе ваш выстрел наносит урон, вы с вероятностью 8% делаете дополнительный выстрел, наносящий 80% урона от оружия. Этот урон считается уроном от сил природы. Боеприпасы при этом не расходуются." lvl="2"/>
        <rank description="Если при автоматической стрельбе ваш выстрел наносит урон, вы с вероятностью 12% делаете дополнительный выстрел, наносящий 80% урона от оружия. Этот урон считается уроном от сил природы. Боеприпасы при этом не расходуются." lvl="3"/>
      </talent>
      <talent column="1" icon="ability_theblackarrow" key="1808" name="Глушащий выстрел" requires="1807" tier="8">
        <rank description="Выстрел, наносящий 50% урона от оружия и вызывающий у цели немоту на 3 сек. Если противник не является другим игроком, он не сможет произносить заклинания в течение 3 сек." lvl="1"/>
        <spell castTime="0" cooldown="20000" maxRange="35" minRange="5">
          <power cost="6" type="mana"/>
        </spell>
      </talent>
      <talent column="2" icon="ability_hunter_improvedsteadyshot" key="2133" name="Улучшенный верный выстрел" tier="8">
        <rank description="После того, как ваш &quot;Верный выстрел&quot; попадает в цель, с вероятностью 5% следующее применение способности &quot;Прицельный выстрел&quot;, &quot;Чародейский выстрел&quot; или &quot;Выстрел химеры&quot; наносит на 15% больше урона и требует на 20% меньше маны." lvl="1"/>
        <rank description="После того, как ваш &quot;Верный выстрел&quot; попадает в цель, с вероятностью 10% следующее применение способности &quot;Прицельный выстрел&quot;, &quot;Чародейский выстрел&quot; или &quot;Выстрел химеры&quot; наносит на 15% больше урона и требует на 20% меньше маны." lvl="2"/>
        <rank description="После того, как ваш &quot;Верный выстрел&quot; попадает в цель, с вероятностью 15% следующее применение способности &quot;Прицельный выстрел&quot;, &quot;Чародейский выстрел&quot; или &quot;Выстрел химеры&quot; наносит на 15% больше урона и требует на 20% меньше маны." lvl="3"/>
      </talent>
      <talent column="1" icon="ability_hunter_assassinate" key="2134" name="Метка смерти" tier="9">
        <rank description="Увеличивает урон, наносимый отмеченным целям вашими выстрелами и специальными способностями питомца, на 1%. Увеличивает дополнительный урон при критическом ударе способностей &quot;Прицельный выстрел&quot;, &quot;Чародейский выстрел&quot;, &quot;Верный выстрел&quot;, &quot;Убийственный выстрел&quot; и &quot;Выстрел химеры&quot; на 2%." lvl="1"/>
        <rank description="Увеличивает урон, наносимый отмеченным целям вашими выстрелами и специальными способностями питомца, на 2%. Увеличивает дополнительный урон при критическом ударе способностей &quot;Прицельный выстрел&quot;, &quot;Чародейский выстрел&quot;, &quot;Верный выстрел&quot;, &quot;Убийственный выстрел&quot; и &quot;Выстрел химеры&quot; на 4%." lvl="2"/>
        <rank description="Увеличивает урон, наносимый отмеченным целям вашими выстрелами и специальными способностями питомца, на 3%. Увеличивает дополнительный урон при критическом ударе способностей &quot;Прицельный выстрел&quot;, &quot;Чародейский выстрел&quot;, &quot;Верный выстрел&quot;, &quot;Убийственный выстрел&quot; и &quot;Выстрел химеры&quot; на 6%." lvl="3"/>
        <rank description="Увеличивает урон, наносимый отмеченным целям вашими выстрелами и специальными способностями питомца, на 4%. Увеличивает дополнительный урон при критическом ударе способностей &quot;Прицельный выстрел&quot;, &quot;Чародейский выстрел&quot;, &quot;Верный выстрел&quot;, &quot;Убийственный выстрел&quot; и &quot;Выстрел химеры&quot; на 8%." lvl="4"/>
        <rank description="Увеличивает урон, наносимый отмеченным целям вашими выстрелами и специальными способностями питомца, на 5%. Увеличивает дополнительный урон при критическом ударе способностей &quot;Прицельный выстрел&quot;, &quot;Чародейский выстрел&quot;, &quot;Верный выстрел&quot;, &quot;Убийственный выстрел&quot; и &quot;Выстрел химеры&quot; на 10%." lvl="5"/>
      </talent>
      <talent column="1" icon="ability_hunter_chimerashot2" key="2135" name="Выстрел химеры" tier="10">
        <rank description="Вы наносите 125% урона от оружия, обновляя действие текущего &quot;Укуса&quot;. Кроме того, в зависимости от вида &quot;Укуса&quot; активируется дополнительный эффект:&lt;br/&gt;&lt;br/&gt;&quot;Укус змеи&quot; – моментально наносит 40% дополнительного урона спообности.&lt;br/&gt;&lt;br/&gt;&quot;Укус гадюки&quot; – моментально восполняет 60% маны, вытянутой этой способностью.&lt;br/&gt;&lt;br/&gt;&quot;Укус скорпида&quot; – пытается обезоружить противника на 10 сек. Этот эффект срабатывает не чаще, чем раз в минуту." lvl="1"/>
        <spell castTime="0" cooldown="10000" maxRange="35" minRange="5">
          <power cost="12" type="mana"/>
        </spell>
      </talent>
    </tree>
  </talentTrees>
</page>
