<?xml version="1.0" encoding="UTF-8"?><page globalSearch="1" lang="en_gb" requestUrl="/talent-tree.xml">
  <talentTrees>
    <tree bgImage="DruidBalance" icon="spell_nature_starfall" key="Balance" name="Balance" order="0">
      <talent column="1" icon="spell_nature_abolishmagic" key="762" name="Starlight Wrath" tier="0">
        <rank description="Reduces the cast time of your Wrath and Starfire spells by 0.1 sec." lvl="1"/>
        <rank description="Reduces the cast time of your Wrath and Starfire spells by 0.2 sec." lvl="2"/>
        <rank description="Reduces the cast time of your Wrath and Starfire spells by 0.3 sec." lvl="3"/>
        <rank description="Reduces the cast time of your Wrath and Starfire spells by 0.4 sec." lvl="4"/>
        <rank description="Reduces the cast time of your Wrath and Starfire spells by 0.5 sec." lvl="5"/>
      </talent>
      <talent column="2" icon="spell_arcane_arcane03" key="2238" name="Genesis" tier="0">
        <rank description="Increases the damage and healing done by your periodic spell damage and healing effects by 1%." lvl="1"/>
        <rank description="Increases the damage and healing done by your periodic spell damage and healing effects by 2%." lvl="2"/>
        <rank description="Increases the damage and healing done by your periodic spell damage and healing effects by 3%." lvl="3"/>
        <rank description="Increases the damage and healing done by your periodic spell damage and healing effects by 4%." lvl="4"/>
        <rank description="Increases the damage and healing done by your periodic spell damage and healing effects by 5%." lvl="5"/>
      </talent>
      <talent column="0" icon="spell_nature_sentinal" key="783" name="Moonglow" tier="1">
        <rank description="Reduces the Mana cost of your Moonfire, Starfire, Starfall, Wrath, Healing Touch, Nourish, Regrowth and Rejuvenation spells by 3%." lvl="1"/>
        <rank description="Reduces the Mana cost of your Moonfire, Starfire, Starfall, Wrath, Healing Touch, Nourish, Regrowth and Rejuvenation spells by 6%." lvl="2"/>
        <rank description="Reduces the Mana cost of your Moonfire, Starfire, Starfall, Wrath, Healing Touch, Nourish, Regrowth and Rejuvenation spells by 9%." lvl="3"/>
      </talent>
      <talent column="1" icon="inv_staff_01" key="1822" name="Nature's Majesty" tier="1">
        <rank description="Increases the critical strike chance of your Wrath, Starfire, Starfall, Nourish and Healing Touch spells by 2%." lvl="1"/>
        <rank description="Increases the critical strike chance of your Wrath, Starfire, Starfall, Nourish and Healing Touch spells by 4%." lvl="2"/>
      </talent>
      <talent column="3" icon="spell_nature_starfall" key="763" name="Improved Moonfire" tier="1">
        <rank description="Increases the damage and critical strike chance of your Moonfire spell by 5%." lvl="1"/>
        <rank description="Increases the damage and critical strike chance of your Moonfire spell by 10%." lvl="2"/>
      </talent>
      <talent column="0" icon="spell_nature_thorns" key="782" name="Brambles" tier="2">
        <rank description="Damage from your Thorns and Entangling Roots increased by 25% and damage done by your Treants increased by 5%. In addition, damage from your Treants and attacks done to you while you have Barkskin active have a 5% chance to daze the target for 3 sec." lvl="1"/>
        <rank description="Damage from your Thorns and Entangling Roots increased by 50% and damage done by your Treants increased by 10%. In addition, damage from your Treants and attacks done to you while you have Barkskin active have a 10% chance to daze the target for 3 sec." lvl="2"/>
        <rank description="Damage from your Thorns and Entangling Roots increased by 75% and damage done by your Treants increased by 15%. In addition, damage from your Treants and attacks done to you while you have Barkskin active have a 15% chance to daze the target for 3 sec." lvl="3"/>
      </talent>
      <talent column="1" icon="spell_nature_naturesblessing" key="789" name="Nature's Grace" requires="1822" tier="2">
        <rank description="All non-periodic spell criticals have a 33% chance to grace you with a blessing of nature, increasing your spell casting speed by 20% for 3 sec." lvl="1"/>
        <rank description="All non-periodic spell criticals have a 66% chance to grace you with a blessing of nature, increasing your spell casting speed by 20% for 3 sec." lvl="2"/>
        <rank description="All non-periodic spell criticals have a 100% chance to grace you with a blessing of nature, increasing your spell casting speed by 20% for 3 sec." lvl="3"/>
      </talent>
      <talent column="2" icon="spell_nature_natureguardian" key="2240" name="Nature's Splendor" requires="1822" tier="2">
        <rank description="Increases the duration of your Moonfire and Rejuvenation spells by 3 sec, your Regrowth spell by 6 sec, and your Insect Swarm and Lifebloom spells by 2 sec." lvl="1"/>
      </talent>
      <talent column="3" icon="spell_nature_naturetouchgrow" key="764" name="Nature's Reach" tier="2">
        <rank description="Increases the range of your Balance spells and Faerie Fire (Feral) ability by 10%, and reduces the threat generated by your Balance spells by 15%." lvl="1"/>
        <rank description="Increases the range of your Balance spells and Faerie Fire (Feral) ability by 20%, and reduces the threat generated by your Balance spells by 30%." lvl="2"/>
      </talent>
      <talent column="1" icon="spell_nature_purge" key="792" name="Vengeance" tier="3">
        <rank description="Increases the critical strike damage bonus of your Starfire, Starfall, Moonfire, and Wrath spells by 20%." lvl="1"/>
        <rank description="Increases the critical strike damage bonus of your Starfire, Starfall, Moonfire, and Wrath spells by 40%." lvl="2"/>
        <rank description="Increases the critical strike damage bonus of your Starfire, Starfall, Moonfire, and Wrath spells by 60%." lvl="3"/>
        <rank description="Increases the critical strike damage bonus of your Starfire, Starfall, Moonfire, and Wrath spells by 80%." lvl="4"/>
        <rank description="Increases the critical strike damage bonus of your Starfire, Starfall, Moonfire, and Wrath spells by 100%." lvl="5"/>
      </talent>
      <talent column="2" icon="spell_arcane_starfire" key="784" name="Celestial Focus" tier="3">
        <rank description="Reduces the pushback suffered from damaging attacks while casting Starfire, Hibernate and Hurricane by 23% and increases your total spell haste by 1%." lvl="1"/>
        <rank description="Reduces the pushback suffered from damaging attacks while casting Starfire, Hibernate and Hurricane by 46% and increases your total spell haste by 2%." lvl="2"/>
        <rank description="Reduces the pushback suffered from damaging attacks while casting Starfire, Hibernate and Hurricane by 70% and increases your total spell haste by 3%." lvl="3"/>
      </talent>
      <talent column="0" icon="ability_druid_lunarguidance" key="1782" name="Lunar Guidance" tier="4">
        <rank description="Increases your spell power by 4% of your total Intellect." lvl="1"/>
        <rank description="Increases your spell power by 8% of your total Intellect." lvl="2"/>
        <rank description="Increases your spell power by 12% of your total Intellect." lvl="3"/>
      </talent>
      <talent column="1" icon="spell_nature_insectswarm" key="788" name="Insect Swarm" tier="4">
        <rank description="The enemy target is swarmed by insects, decreasing their chance to hit by 3% and causing 144 Nature damage over 12 sec." lvl="1"/>
        <spell castTime="0" maxRange="30">
          <power cost="8" type="mana"/>
        </spell>
      </talent>
      <talent column="2" icon="spell_nature_insectswarm" key="2239" name="Improved Insect Swarm" requires="788" tier="4">
        <rank description="Increases your damage done by your Wrath spell to targets afflicted by your Insect Swarm by 1%, and increases the critical strike chance of your Starfire spell by 1% on targets afflicted by your Moonfire spell." lvl="1"/>
        <rank description="Increases your damage done by your Wrath spell to targets afflicted by your Insect Swarm by 2%, and increases the critical strike chance of your Starfire spell by 2% on targets afflicted by your Moonfire spell." lvl="2"/>
        <rank description="Increases your damage done by your Wrath spell to targets afflicted by your Insect Swarm by 3%, and increases the critical strike chance of your Starfire spell by 3% on targets afflicted by your Moonfire spell." lvl="3"/>
      </talent>
      <talent column="0" icon="ability_druid_dreamstate" key="1784" name="Dreamstate" tier="5">
        <rank description="Regenerate mana equal to 4% of your Intellect every 5 sec, even while casting." lvl="1"/>
        <rank description="Regenerate mana equal to 7% of your Intellect every 5 sec, even while casting." lvl="2"/>
        <rank description="Regenerate mana equal to 10% of your Intellect every 5 sec, even while casting." lvl="3"/>
      </talent>
      <talent column="1" icon="spell_nature_moonglow" key="790" name="Moonfury" tier="5">
        <rank description="Increases the damage done by your Starfire, Moonfire and Wrath spells by 3%." lvl="1"/>
        <rank description="Increases the damage done by your Starfire, Moonfire and Wrath spells by 6%." lvl="2"/>
        <rank description="Increases the damage done by your Starfire, Moonfire and Wrath spells by 10%." lvl="3"/>
      </talent>
      <talent column="2" icon="ability_druid_balanceofpower" key="1783" name="Balance of Power" tier="5">
        <rank description="Increases your chance to hit with all spells by 2% and reduces your damage taken from all spells by 3%." lvl="1"/>
        <rank description="Increases your chance to hit with all spells by 4% and reduces your damage taken from all spells by 6%." lvl="2"/>
      </talent>
      <talent column="1" icon="spell_nature_forceofnature" key="793" name="Moonkin Form" tier="6">
        <rank description="Shapeshift into Moonkin Form.  While in this form the armor contribution from items is increased by 370%, damage taken while stunned is reduced by 15%, and all party and raid members within 100 yards have their spell critical chance increased by 5%.  Single target spell critical strikes in this form have a chance to instantly regenerate 2% of your total mana.  The Moonkin can not cast healing or resurrection spells while shapeshifted.&lt;br/&gt;&lt;br/&gt;The act of shapeshifting frees the caster of Polymorph and Movement Impairing effects." lvl="1"/>
        <spell castTime="0">
          <power cost="13" type="mana"/>
        </spell>
      </talent>
      <talent column="2" icon="ability_druid_improvedmoonkinform" key="1912" name="Improved Moonkin Form" requires="793" tier="6">
        <rank description="Your Moonkin Aura also causes affected targets to gain 1% haste and you to gain 10% of your spirit as additional spell damage." lvl="1"/>
        <rank description="Your Moonkin Aura also causes affected targets to gain 2% haste and you to gain 20% of your spirit as additional spell damage." lvl="2"/>
        <rank description="Your Moonkin Aura also causes affected targets to gain 3% haste and you to gain 30% of your spirit as additional spell damage." lvl="3"/>
      </talent>
      <talent column="3" icon="spell_nature_faeriefire" key="1785" name="Improved Faerie Fire" tier="6">
        <rank description="Your Faerie Fire spell also increases the chance the target will be hit by spell attacks by 1%, and increases the critical strike chance of your damage spells by 1% on targets afflicted by Faerie Fire." lvl="1"/>
        <rank description="Your Faerie Fire spell also increases the chance the target will be hit by spell attacks by 2%, and increases the critical strike chance of your damage spells by 2% on targets afflicted by Faerie Fire." lvl="2"/>
        <rank description="Your Faerie Fire spell also increases the chance the target will be hit by spell attacks by 3%, and increases the critical strike chance of your damage spells by 3% on targets afflicted by Faerie Fire." lvl="3"/>
      </talent>
      <talent column="0" icon="ability_druid_owlkinfrenzy" key="1913" name="Owlkin Frenzy" requires="793" tier="7">
        <rank description="Attacks done to you while in Moonkin form have a 5% chance to cause you to go into a Frenzy, increasing your damage by 10%, cause you to be immune to pushback while casting Balance spells and restore 2% base mana every 2 sec. Lasts 10 sec." lvl="1"/>
        <rank description="Attacks done to you while in Moonkin form have a 10% chance to cause you to go into a Frenzy, increasing your damage by 10%, cause you to be immune to pushback while casting Balance spells and restore 2% base mana every 2 sec. Lasts 10 sec." lvl="2"/>
        <rank description="Attacks done to you while in Moonkin form have a 15% chance to cause you to go into a Frenzy, increasing your damage by 10%, cause you to be immune to pushback while casting Balance spells and restore 2% base mana every 2 sec. Lasts 10 sec." lvl="3"/>
      </talent>
      <talent column="2" icon="ability_druid_twilightswrath" key="1786" name="Wrath of Cenarius" tier="7">
        <rank description="Your Starfire spell gains an additional 4% and your Wrath gains an additional 2% of your bonus damage effects." lvl="1"/>
        <rank description="Your Starfire spell gains an additional 8% and your Wrath gains an additional 4% of your bonus damage effects." lvl="2"/>
        <rank description="Your Starfire spell gains an additional 12% and your Wrath gains an additional 6% of your bonus damage effects." lvl="3"/>
        <rank description="Your Starfire spell gains an additional 16% and your Wrath gains an additional 8% of your bonus damage effects." lvl="4"/>
        <rank description="Your Starfire spell gains an additional 20% and your Wrath gains an additional 10% of your bonus damage effects." lvl="5"/>
      </talent>
      <talent column="0" icon="ability_druid_eclipse" key="1924" name="Eclipse" tier="8">
        <rank description="When you critically hit with Starfire, you have a 33% chance of increasing damage done by Wrath by 40%. When you critically hit with Wrath, you have a 20% chance of increasing your critical strike chance with Starfire by 40%. Each effect lasts 15 sec and each has a separate 30 sec cooldown.  Both effects cannot occur simultaneously." lvl="1"/>
        <rank description="When you critically hit with Starfire, you have a 66% chance of increasing damage done by Wrath by 40%. When you critically hit with Wrath, you have a 40% chance of increasing your critical strike chance with Starfire by 40%. Each effect lasts 15 sec and each has a separate 30 sec cooldown.  Both effects cannot occur simultaneously." lvl="2"/>
        <rank description="When you critically hit with Starfire, you have a 100% chance of increasing damage done by Wrath by 40%. When you critically hit with Wrath, you have a 60% chance of increasing your critical strike chance with Starfire by 40%. Each effect lasts 15 sec and each has a separate 30 sec cooldown.  Both effects cannot occur simultaneously." lvl="3"/>
      </talent>
      <talent column="1" icon="ability_druid_typhoon" key="1923" name="Typhoon" requires="793" tier="8">
        <rank description="You summon a violent Typhoon that does 400 Nature damage when in contact with hostile targets, knocking them back and dazing them for 6 sec." lvl="1"/>
        <spell castTime="0" cooldown="20000" maxRange="30">
          <power cost="25" type="mana"/>
        </spell>
      </talent>
      <talent column="2" icon="ability_druid_forceofnature" key="1787" name="Force of Nature" tier="8">
        <rank description="Summons 3 treants to attack enemy targets for 30 sec." lvl="1"/>
        <spell castTime="0" cooldown="180000" maxRange="30">
          <power cost="12" type="mana"/>
        </spell>
      </talent>
      <talent column="3" icon="ability_druid_galewinds" key="1925" name="Gale Winds" tier="8">
        <rank description="Increases damage done by your Hurricane and Typhoon spells by 15%, and increases the range of your Cyclone spell by 2 yards." lvl="1"/>
        <rank description="Increases damage done by your Hurricane and Typhoon spells by 30%, and increases the range of your Cyclone spell by 4 yards." lvl="2"/>
      </talent>
      <talent column="1" icon="ability_druid_earthandsky" key="1928" name="Earth and Moon" tier="9">
        <rank description="Your Wrath and Starfire spells have a 100% chance to apply the Earth and Moon effect, which increases spell damage taken by 4% for 12 sec.  Also increases your spell damage by 2%." lvl="1"/>
        <rank description="Your Wrath and Starfire spells have a 100% chance to  apply the Earth and Moon effect, which increases spell damage taken by 9% for 12 sec.  Also increases your spell damage by 4%." lvl="2"/>
        <rank description="Your Wrath and Starfire spells have a 100% chance to apply the Earth and Moon effect, which increases spell damage taken by 13% for 12 sec.  Also increases your spell damage by 6%." lvl="3"/>
      </talent>
      <talent column="1" icon="ability_druid_starfall" key="1926" name="Starfall" tier="10">
        <rank description="You summon a flurry of stars from the sky on all targets within 30 yards of the caster, each dealing 145 to 167 Arcane damage. Also causes 26 Arcane damage to all other enemies within 5 yards of the enemy target. Maximum 20 stars. Lasts 10 sec.  Shapeshifting into an animal form or mounting cancels the effect. Any effect which causes you to lose control of your character will suppress the starfall effect." lvl="1"/>
        <spell castTime="0" cooldown="90000">
          <power cost="35" type="mana"/>
        </spell>
      </talent>
    </tree>
    <tree bgImage="DruidFeralCombat" icon="ability_racial_bearform" key="FeralCombat" name="Feral Combat" order="1">
      <talent column="1" icon="ability_hunter_pet_hyena" key="796" name="Ferocity" tier="0">
        <rank description="Reduces the cost of your Maul, Swipe, Claw, Rake and Mangle abilities by 1 Rage or Energy." lvl="1"/>
        <rank description="Reduces the cost of your Maul, Swipe, Claw, Rake and Mangle abilities by 2 Rage or Energy." lvl="2"/>
        <rank description="Reduces the cost of your Maul, Swipe, Claw, Rake and Mangle abilities by 3 Rage or Energy." lvl="3"/>
        <rank description="Reduces the cost of your Maul, Swipe, Claw, Rake and Mangle abilities by 4 Rage or Energy." lvl="4"/>
        <rank description="Reduces the cost of your Maul, Swipe, Claw, Rake and Mangle abilities by 5 Rage or Energy." lvl="5"/>
      </talent>
      <talent column="2" icon="ability_druid_demoralizingroar" key="795" name="Feral Aggression" tier="0">
        <rank description="Increases the attack power reduction of your Demoralizing Roar by 8% and the damage caused by your Ferocious Bite by 3%." lvl="1"/>
        <rank description="Increases the attack power reduction of your Demoralizing Roar by 16% and the damage caused by your Ferocious Bite by 6%." lvl="2"/>
        <rank description="Increases the attack power reduction of your Demoralizing Roar by 24% and the damage caused by your Ferocious Bite by 9%." lvl="3"/>
        <rank description="Increases the attack power reduction of your Demoralizing Roar by 32% and the damage caused by your Ferocious Bite by 12%." lvl="4"/>
        <rank description="Increases the attack power reduction of your Demoralizing Roar by 40% and the damage caused by your Ferocious Bite by 15%." lvl="5"/>
      </talent>
      <talent column="0" icon="ability_ambush" key="799" name="Feral Instinct" tier="1">
        <rank description="Increases the damage done by your Swipe ability by 10% and reduces the chance enemies have to detect you while Prowling." lvl="1"/>
        <rank description="Increases the damage done by your Swipe ability by 20% and reduces the chance enemies have to detect you while Prowling." lvl="2"/>
        <rank description="Increases the damage done by your Swipe ability by 30% and reduces the chance enemies have to detect you while Prowling." lvl="3"/>
      </talent>
      <talent column="1" icon="ability_druid_ravage" key="805" name="Savage Fury" tier="1">
        <rank description="Increases the damage caused by your Claw, Rake, Mangle (Cat), Mangle (Bear), and Maul abilities by 10%." lvl="1"/>
        <rank description="Increases the damage caused by your Claw, Rake, Mangle (Cat), Mangle (Bear), and Maul abilities by 20%." lvl="2"/>
      </talent>
      <talent column="2" icon="inv_misc_pelt_bear_03" key="794" name="Thick Hide" tier="1">
        <rank description="Increases your Armor contribution from cloth and leather items by 4%." lvl="1"/>
        <rank description="Increases your Armor contribution from cloth and leather items by 7%." lvl="2"/>
        <rank description="Increases your Armor contribution from cloth and leather items by 10%." lvl="3"/>
      </talent>
      <talent column="0" icon="spell_nature_spiritwolf" key="807" name="Feral Swiftness" tier="2">
        <rank description="Increases your movement speed by 15% in Cat Form and increases your chance to dodge while in Cat Form, Bear Form and Dire Bear Form by 2%." lvl="1"/>
        <rank description="Increases your movement speed by 30% in Cat Form and increases your chance to dodge while in Cat Form, Bear Form and Dire Bear Form by 4%." lvl="2"/>
      </talent>
      <talent column="1" icon="ability_druid_tigersroar" key="1162" name="Survival Instincts" tier="2">
        <rank description="When activated, this ability temporarily grants you 30% of your maximum health for 20 sec while in Bear Form, Cat Form, or Dire Bear Form.  After the effect expires, the health is lost." lvl="1"/>
      </talent>
      <talent column="2" icon="inv_misc_monsterclaw_04" key="798" name="Sharpened Claws" tier="2">
        <rank description="Increases your critical strike chance while in Bear, Dire Bear or Cat Form by 2%." lvl="1"/>
        <rank description="Increases your critical strike chance while in Bear, Dire Bear or Cat Form by 4%." lvl="2"/>
        <rank description="Increases your critical strike chance while in Bear, Dire Bear or Cat Form by 6%." lvl="3"/>
      </talent>
      <talent column="0" icon="spell_shadow_vampiricaura" key="802" name="Shredding Attacks" tier="3">
        <rank description="Reduces the energy cost of your Shred ability by 9 and the rage cost of your Lacerate ability by 1." lvl="1"/>
        <rank description="Reduces the energy cost of your Shred ability by 18 and the rage cost of your Lacerate ability by 2." lvl="2"/>
      </talent>
      <talent column="1" icon="ability_hunter_pet_cat" key="803" name="Predatory Strikes" tier="3">
        <rank description="Increases your melee attack power in Cat, Bear and Dire Bear Forms by 50% of your level and 7% of any attack power on your equipped weapon.  In addition, your finishing moves have a 7% chance per combo point to make your next Nature spell with a base casting time less than 10 sec. become an instant cast spell." lvl="1"/>
        <rank description="Increases your melee attack power in Cat, Bear and Dire Bear Forms by 100% of your level and 14% of any attack power on your equipped weapon.  In addition, your finishing moves have a 13% chance per combo point to make your next Nature spell with a base casting time less than 10 sec. become an instant cast spell." lvl="2"/>
        <rank description="Increases your melee attack power in Cat, Bear and Dire Bear Forms by 150% of your level and 20% of any attack power on your equipped weapon.  In addition, your finishing moves have a 20% chance per combo point to make your next Nature spell with a base casting time less than 10 sec. become an instant cast spell." lvl="3"/>
      </talent>
      <talent column="2" icon="ability_racial_cannibalize" key="801" name="Primal Fury" requires="798" tier="3">
        <rank description="Gives you a 50% chance to gain an additional 5 Rage anytime you get a critical strike while in Bear and Dire Bear Form and your critical strikes from Cat Form abilities that add combo points  have a 50% chance to add an additional combo point." lvl="1"/>
        <rank description="Gives you a 100% chance to gain an additional 5 Rage anytime you get a critical strike while in Bear and Dire Bear Form and your critical strikes from Cat Form abilities that add combo points  have a 100% chance to add an additional combo point." lvl="2"/>
      </talent>
      <talent column="3" icon="ability_druid_primalprecision" key="1914" name="Primal Precision" requires="798" tier="3">
        <rank description="Increases your expertise by 5, and you are refunded 40% of the energy cost of a finishing move if it fails to land." lvl="1"/>
        <rank description="Increases your expertise by 10, and you are refunded 80% of the energy cost of a finishing move if it fails to land." lvl="2"/>
      </talent>
      <talent column="0" icon="ability_druid_bash" key="797" name="Brutal Impact" tier="4">
        <rank description="Increases the stun duration of your Bash and Pounce abilities by 0.5 sec and decreases the cooldown of Bash by 15 sec." lvl="1"/>
        <rank description="Increases the stun duration of your Bash and Pounce abilities by 1 sec and decreases the cooldown of Bash by 30 sec." lvl="2"/>
      </talent>
      <talent column="2" icon="ability_hunter_pet_bear" key="804" name="Feral Charge" tier="4">
        <rank description="Teaches Feral Charge (Bear) and Feral Charge (Cat).&lt;br/&gt;&lt;br/&gt;Feral Charge (Bear) - Causes you to charge an enemy, immobilizing and interrupting any spell being cast for 4 sec. This ability can be used in Bear Form and Dire Bear Form. 15 second cooldown.&lt;br/&gt;&lt;br/&gt;Feral Charge (Cat) - Causes you to leap behind an enemy, dazing them for 3 sec. 30 second cooldown." lvl="1"/>
      </talent>
      <talent column="3" icon="ability_druid_healinginstincts" key="1792" name="Nurturing Instinct" tier="4">
        <rank description="Increases your healing spells by up to 35% of your Agility, and increases healing done to you by 10% while in Cat form." lvl="1"/>
        <rank description="Increases your healing spells by up to 70% of your Agility, and increases healing done to you by 20% while in Cat form." lvl="2"/>
      </talent>
      <talent column="0" icon="ability_bullrush" key="2242" name="Natural Reaction" tier="5">
        <rank description="Increases your dodge while in Bear Form or Dire Bear Form by 2%, and you regenerate 1 rage every time you dodge while in Bear Form or Dire Bear Form." lvl="1"/>
        <rank description="Increases your dodge while in Bear Form or Dire Bear Form by 4%, and you regenerate 2 rage every time you dodge while in Bear Form or Dire Bear Form." lvl="2"/>
        <rank description="Increases your dodge while in Bear Form or Dire Bear Form by 6%, and you regenerate 3 rage every time you dodge while in Bear Form or Dire Bear Form." lvl="3"/>
      </talent>
      <talent column="1" icon="spell_holy_blessingofagility" key="808" name="Heart of the Wild" requires="803" tier="5">
        <rank description="Increases your Intellect by 4%.  In addition, while in Bear or Dire Bear Form your Stamina is increased by 2% and while in Cat Form your attack power is increased by 2%." lvl="1"/>
        <rank description="Increases your Intellect by 8%.  In addition, while in Bear or Dire Bear Form your Stamina is increased by 4% and while in Cat Form your attack power is increased by 4%." lvl="2"/>
        <rank description="Increases your Intellect by 12%.  In addition, while in Bear or Dire Bear Form your Stamina is increased by 6% and while in Cat Form your attack power is increased by 6%." lvl="3"/>
        <rank description="Increases your Intellect by 16%.  In addition, while in Bear or Dire Bear Form your Stamina is increased by 8% and while in Cat Form your attack power is increased by 8%." lvl="4"/>
        <rank description="Increases your Intellect by 20%.  In addition, while in Bear or Dire Bear Form your Stamina is increased by 10% and while in Cat Form your attack power is increased by 10%." lvl="5"/>
      </talent>
      <talent column="2" icon="ability_druid_enrage" key="1794" name="Survival of the Fittest" tier="5">
        <rank description="Increases all attributes by 2%, reduces the chance you'll be critically hit by melee attacks by 2%, and increases your armor contribution from cloth and leather items in Bear Form and Dire Bear Form by 11%." lvl="1"/>
        <rank description="Increases all attributes by 4%, reduces the chance you'll be critically hit by melee attacks by 4%, and increases your armor contribution from cloth and leather items in Bear Form and Dire Bear Form by 22%." lvl="2"/>
        <rank description="Increases all attributes by 6%, reduces the chance you'll be critically hit by melee attacks by 6%, and increases your armor contribution from cloth and leather items in Bear Form and Dire Bear Form by 33%." lvl="3"/>
      </talent>
      <talent column="1" icon="spell_nature_unyeildingstamina" key="809" name="Leader of the Pack" tier="6">
        <rank description="While in Cat, Bear or Dire Bear Form, the Leader of the Pack increases ranged and melee critical chance of all party and raid members within 100 yards by 5%." lvl="1"/>
      </talent>
      <talent column="2" icon="spell_nature_unyeildingstamina" key="1798" name="Improved Leader of the Pack" requires="809" tier="6">
        <rank description="Your Leader of the Pack ability also causes affected targets to heal themselves for 2% of their total health when they critically hit with a melee or ranged attack.  The healing effect cannot occur more than once every 6 sec.  In addition, you gain 4% of your maximum mana when you benefit from this heal." lvl="1"/>
        <rank description="Your Leader of the Pack ability also causes affected targets to heal themselves for 4% of their total health when they critically hit with a melee or ranged attack.  The healing effect cannot occur more than once every 6 sec.  In addition, you gain 8% of your maximum mana when you benefit from this heal." lvl="2"/>
      </talent>
      <talent column="3" icon="ability_druid_primaltenacity" key="1793" name="Primal Tenacity" tier="6">
        <rank description="Reduces the duration of fear effects by 10%, reduces all damage taken while stunned by 10% while in Cat Form." lvl="1"/>
        <rank description="Reduces the duration of fear effects by 20%, reduces all damage taken while stunned by 20% while in Cat Form." lvl="2"/>
        <rank description="Reduces the duration of fear effects by 30%, reduces all damage taken while stunned by 30% while in Cat Form." lvl="3"/>
      </talent>
      <talent column="0" icon="ability_druid_challangingroar" key="2241" name="Protector of the Pack" requires="809" tier="7">
        <rank description="Increases your attack power by 2% and reduces the damage you take by 4%, while in Bear or Dire Bear Form." lvl="1"/>
        <rank description="Increases your attack power by 4% and reduces the damage you take by 8%, while in Bear or Dire Bear Form." lvl="2"/>
        <rank description="Increases your attack power by 6% and reduces the damage you take by 12%, while in Bear or Dire Bear Form." lvl="3"/>
      </talent>
      <talent column="2" icon="ability_druid_predatoryinstincts" key="1795" name="Predatory Instincts" tier="7">
        <rank description="While in Cat Form increases your damage from melee critical strikes by 3% and reduces the damage taken from area of effect attacks by 10%." lvl="1"/>
        <rank description="While in Cat Form increases your damage from melee critical strikes by 7% and reduces the damage taken from area of effect attacks by 20%." lvl="2"/>
        <rank description="While in Cat Form increases your damage from melee critical strikes by 10% and reduces the damage taken from area of effect attacks by 30%." lvl="3"/>
      </talent>
      <talent column="3" icon="ability_druid_infectedwound" key="1919" name="Infected Wounds" tier="7">
        <rank description="Your Shred, Maul, and Mangle attacks cause an Infected Wound in the target. The Infected Wound reduces the movement speed of the target by 16% and the attack speed by 6%. Lasts 12 sec." lvl="1"/>
        <rank description="Your Shred, Maul, and Mangle attacks cause an Infected Wound in the target. The Infected Wound reduces the movement speed of the target by 34% and the attack speed by 14%. Lasts 12 sec." lvl="2"/>
        <rank description="Your Shred, Maul, and Mangle attacks cause an Infected Wound in the target. The Infected Wound reduces the movement speed of the target by 50% and the attack speed by 20%. Lasts 12 sec." lvl="3"/>
      </talent>
      <talent column="0" icon="ability_druid_kingofthejungle" key="1921" name="King of the Jungle" tier="8">
        <rank description="While using your Enrage ability in Bear Form or Dire Bear Form, your damage is increased by 5%, and your Tiger's Fury ability also instantly restores 20 energy.  In addition, the mana cost of Bear Form, Cat Form, and Dire Bear Form is reduced by 20%." lvl="1"/>
        <rank description="While using your Enrage ability in Bear Form or Dire Bear Form, your damage is increased by 10%, and your Tiger's Fury ability also instantly restores 40 energy.  In addition, the mana cost of Bear Form, Cat Form, and Dire Bear Form is reduced by 40%." lvl="2"/>
        <rank description="While using your Enrage ability in Bear Form or Dire Bear Form, your damage is increased by 15%, and your Tiger's Fury ability also instantly restores 60 energy.  In addition, the mana cost of Bear Form, Cat Form, and Dire Bear Form is reduced by 60%." lvl="3"/>
      </talent>
      <talent column="1" icon="ability_druid_mangle2" key="1796" name="Mangle" requires="809" tier="8">
        <rank description="Mangle the target, inflicting damage and causing the target to take additional damage from bleed effects for 1 min.  This ability can be used in Cat Form or Dire Bear Form." lvl="1"/>
      </talent>
      <talent column="2" icon="ability_druid_mangle2" key="1920" name="Improved Mangle" requires="1796" tier="8">
        <rank description="Reduces the cooldown of your Mangle (Bear) ability by 0.5 sec., and reduces the energy cost of your Mangle (Cat) ability by 2." lvl="1"/>
        <rank description="Reduces the cooldown of your Mangle (Bear) ability by 1.0 sec., and reduces the energy cost of your Mangle (Cat) ability by 4." lvl="2"/>
        <rank description="Reduces the cooldown of your Mangle (Bear) ability by 1.5 sec., and reduces the energy cost of your Mangle (Cat) ability by 6." lvl="3"/>
      </talent>
      <talent column="1" icon="ability_druid_primalagression" key="1918" name="Rend and Tear" tier="9">
        <rank description="Increases damage done by your Maul and Shred attacks on bleeding targets by 4%, and increases the critical strike chance of your Ferocious Bite ability on bleeding targets by 5%." lvl="1"/>
        <rank description="Increases damage done by your Maul and Shred attacks on bleeding targets by 8%, and increases the critical strike chance of your Ferocious Bite ability on bleeding targets by 10%." lvl="2"/>
        <rank description="Increases damage done by your Maul and Shred attacks on bleeding targets by 12%, and increases the critical strike chance of your Ferocious Bite ability on bleeding targets by 15%." lvl="3"/>
        <rank description="Increases damage done by your Maul and Shred attacks on bleeding targets by 16%, and increases the critical strike chance of your Ferocious Bite ability on bleeding targets by 20%." lvl="4"/>
        <rank description="Increases damage done by your Maul and Shred attacks on bleeding targets by 20%, and increases the critical strike chance of your Ferocious Bite ability on bleeding targets by 25%." lvl="5"/>
      </talent>
      <talent column="2" icon="ability_druid_rake" key="2266" name="Primal Gore" requires="1918" tier="9">
        <rank description="Grants the periodic damage from your Lacerate and Rip abilities the ability to critically hit." lvl="1"/>
      </talent>
      <talent column="1" icon="ability_druid_berserk" key="1927" name="Berserk" tier="10">
        <rank description="When activated, this ability causes your Mangle (Bear) ability to hit up to 3 targets and have no cooldown, and reduces the energy cost of all your Cat Form abilities by 50%.  Lasts 15 sec.  You cannot use Tiger's Fury while Berserk is active. &lt;br/&gt;&lt;br/&gt;Clears the effect of Fear and makes you immune to Fear for the duration." lvl="1"/>
        <spell castTime="0" cooldown="180000"/>
      </talent>
    </tree>
    <tree bgImage="DruidRestoration" icon="spell_nature_healingtouch" key="Restoration" name="Restoration" order="2">
      <talent column="0" icon="spell_nature_regeneration" key="821" name="Improved Mark of the Wild" tier="0">
        <rank description="Increases the effects of your Mark of the Wild and Gift of the Wild spells by 20%, and increases all of your total attributes by 1%." lvl="1"/>
        <rank description="Increases the effects of your Mark of the Wild and Gift of the Wild spells by 40%, and increases all of your total attributes by 2%." lvl="2"/>
      </talent>
      <talent column="1" icon="spell_nature_healingwavegreater" key="823" name="Nature's Focus" tier="0">
        <rank description="Reduces the pushback suffered from damaging attacks  while casting Healing Touch, Wrath, Entangling Roots, Cyclone, Nourish, Regrowth and Tranquility by 23%." lvl="1"/>
        <rank description="Reduces the pushback suffered from damaging attacks  while casting Healing Touch, Wrath, Entangling Roots, Cyclone, Nourish, Regrowth and Tranquility by 46%." lvl="2"/>
        <rank description="Reduces the pushback suffered from damaging attacks  while casting Healing Touch, Wrath, Entangling Roots, Cyclone, Nourish, Regrowth and Tranquility by 70%." lvl="3"/>
      </talent>
      <talent column="2" icon="spell_holy_blessingofstamina" key="822" name="Furor" tier="0">
        <rank description="Gives you 20% chance to gain 10 Rage when you shapeshift into Bear and Dire Bear Form, and you keep up to 20 of your Energy when you shapeshift into Cat Form, and increases your total Intellect while in Moonkin form by 2%." lvl="1"/>
        <rank description="Gives you 40% chance to gain 10 Rage when you shapeshift into Bear and Dire Bear Form, and you keep up to 40 of your Energy when you shapeshift into Cat Form, and increases your total Intellect while in Moonkin form by 4%." lvl="2"/>
        <rank description="Gives you 60% chance to gain 10 Rage when you shapeshift into Bear and Dire Bear Form, and you keep up to 60 of your Energy when you shapeshift into Cat Form, and increases your total Intellect while in Moonkin form by 6%." lvl="3"/>
        <rank description="Gives you 80% chance to gain 10 Rage when you shapeshift into Bear and Dire Bear Form, and you keep up to 80 of your Energy when you shapeshift into Cat Form, and increases your total Intellect while in Moonkin form by 8%." lvl="4"/>
        <rank description="Gives you 100% chance to gain 10 Rage when you shapeshift into Bear and Dire Bear Form, and you keep up to 100 of your Energy when you shapeshift into Cat Form, and increases your total Intellect while in Moonkin form by 10%." lvl="5"/>
      </talent>
      <talent column="0" icon="spell_nature_healingtouch" key="824" name="Naturalist" tier="1">
        <rank description="Reduces the cast time of your Healing Touch spell by 0.1 sec and increases the damage you deal with physical attacks in all forms by 2%." lvl="1"/>
        <rank description="Reduces the cast time of your Healing Touch spell by 0.2 sec and increases the damage you deal with physical attacks in all forms by 4%." lvl="2"/>
        <rank description="Reduces the cast time of your Healing Touch spell by 0.3 sec and increases the damage you deal with physical attacks in all forms by 6%." lvl="3"/>
        <rank description="Reduces the cast time of your Healing Touch spell by 0.4 sec and increases the damage you deal with physical attacks in all forms by 8%." lvl="4"/>
        <rank description="Reduces the cast time of your Healing Touch spell by 0.5 sec and increases the damage you deal with physical attacks in all forms by 10%." lvl="5"/>
      </talent>
      <talent column="1" icon="ability_eyeoftheowl" key="841" name="Subtlety" tier="1">
        <rank description="Reduces the threat generated by your restoration spells by 10% and reduces the chance your helpful spells, Moonfire, and Insect Swarm will be dispelled by 10%." lvl="1"/>
        <rank description="Reduces the threat generated by your restoration spells by 20% and reduces the chance your helpful spells, Moonfire, and Insect Swarm will be dispelled by 20%." lvl="2"/>
        <rank description="Reduces the threat generated by your restoration spells by 30% and reduces the chance your helpful spells, Moonfire, and Insect Swarm will be dispelled by 30%." lvl="3"/>
      </talent>
      <talent column="2" icon="spell_nature_wispsplode" key="826" name="Natural Shapeshifter" tier="1">
        <rank description="Reduces the mana cost of all shapeshifting by 10%." lvl="1"/>
        <rank description="Reduces the mana cost of all shapeshifting by 20%." lvl="2"/>
        <rank description="Reduces the mana cost of all shapeshifting by 30%." lvl="3"/>
      </talent>
      <talent column="0" icon="spell_frost_windwalkon" key="829" name="Intensity" tier="2">
        <rank description="Allows 17% of your Mana regeneration to continue while casting and causes your Enrage ability to instantly generate 4 rage." lvl="1"/>
        <rank description="Allows 33% of your Mana regeneration to continue while casting and causes your Enrage ability to instantly generate 7 rage." lvl="2"/>
        <rank description="Allows 50% of your Mana regeneration to continue while casting and causes your Enrage ability to instantly generate 10 rage." lvl="3"/>
      </talent>
      <talent column="1" icon="spell_nature_crystalball" key="827" name="Omen of Clarity" tier="2">
        <rank description="Each of the Druid's damage, healing spells and auto attacks has a chance of causing the caster to enter a Clearcasting state.  The Clearcasting state reduces the Mana, Rage or Energy cost of your next damage, healing spell or offensive ability by 100%." lvl="1"/>
      </talent>
      <talent column="2" icon="ability_druid_mastershapeshifter" key="1915" name="Master Shapeshifter" requires="826" tier="2">
        <rank description="Grants an effect which lasts while the Druid is within the respective shapeshift form.&lt;br/&gt;&lt;br/&gt;Bear Form - Increases physical damage by 2%.&lt;br/&gt;&lt;br/&gt;Cat Form - Increases critical strike chance by 2%.&lt;br/&gt;&lt;br/&gt;Moonkin Form - Increases spell damage by 2%.&lt;br/&gt;&lt;br/&gt;Tree of Life Form - Increases healing by 2%." lvl="1"/>
        <rank description="Grants an effect which lasts while the Druid is within the respective shapeshift form.&lt;br/&gt;&lt;br/&gt;Bear Form - Increases physical damage by 4%.&lt;br/&gt;&lt;br/&gt;Cat Form - Increases critical strike chance by 4%.&lt;br/&gt;&lt;br/&gt;Moonkin Form - Increases spell damage by 4%.&lt;br/&gt;&lt;br/&gt;Tree of Life Form - Increases healing by 4%." lvl="2"/>
      </talent>
      <talent column="1" icon="spell_holy_elunesgrace" key="843" name="Tranquil Spirit" tier="3">
        <rank description="Reduces the mana cost of your Healing Touch, Nourish and Tranquility spells by 2%." lvl="1"/>
        <rank description="Reduces the mana cost of your Healing Touch, Nourish and Tranquility spells by 4%." lvl="2"/>
        <rank description="Reduces the mana cost of your Healing Touch, Nourish and Tranquility spells by 6%." lvl="3"/>
        <rank description="Reduces the mana cost of your Healing Touch, Nourish and Tranquility spells by 8%." lvl="4"/>
        <rank description="Reduces the mana cost of your Healing Touch, Nourish and Tranquility spells by 10%." lvl="5"/>
      </talent>
      <talent column="2" icon="spell_nature_rejuvenation" key="830" name="Improved Rejuvenation" tier="3">
        <rank description="Increases the effect of your Rejuvenation spell by 5%." lvl="1"/>
        <rank description="Increases the effect of your Rejuvenation spell by 10%." lvl="2"/>
        <rank description="Increases the effect of your Rejuvenation spell by 15%." lvl="3"/>
      </talent>
      <talent column="0" icon="spell_nature_ravenform" key="831" name="Nature's Swiftness" requires="829" tier="4">
        <rank description="When activated, your next Nature spell with a base casting time less than 10 sec. becomes an instant cast spell." lvl="1"/>
        <spell castTime="0" cooldown="180000"/>
      </talent>
      <talent column="1" icon="spell_nature_protectionformnature" key="828" name="Gift of Nature" tier="4">
        <rank description="Increases the effect of all healing spells by 2%." lvl="1"/>
        <rank description="Increases the effect of all healing spells by 4%." lvl="2"/>
        <rank description="Increases the effect of all healing spells by 6%." lvl="3"/>
        <rank description="Increases the effect of all healing spells by 8%." lvl="4"/>
        <rank description="Increases the effect of all healing spells by 10%." lvl="5"/>
      </talent>
      <talent column="3" icon="spell_nature_tranquility" key="842" name="Improved Tranquility" tier="4">
        <rank description="Reduces threat caused by Tranquility by 50%, and reduces the cooldown by 30%." lvl="1"/>
        <rank description="Reduces threat caused by Tranquility by 100%, and reduces the cooldown by 60%." lvl="2"/>
      </talent>
      <talent column="0" icon="ability_druid_empoweredtouch" key="1788" name="Empowered Touch" tier="5">
        <rank description="Your Healing Touch spell gains an additional 20% and your Nourish spell gains an additional 10% of your bonus healing effects." lvl="1"/>
        <rank description="Your Healing Touch spell gains an additional 40% and your Nourish spell gains an additional 20% of your bonus healing effects." lvl="2"/>
      </talent>
      <talent column="2" icon="spell_nature_resistnature" key="825" name="Nature's Bounty" requires="830" tier="5">
        <rank description="Increases the critical effect chance of your Regrowth and Nourish spells by 5%." lvl="1"/>
        <rank description="Increases the critical effect chance of your Regrowth and Nourish spells by 10%." lvl="2"/>
        <rank description="Increases the critical effect chance of your Regrowth and Nourish spells by 15%." lvl="3"/>
        <rank description="Increases the critical effect chance of your Regrowth and Nourish spells by 20%." lvl="4"/>
        <rank description="Increases the critical effect chance of your Regrowth and Nourish spells by 25%." lvl="5"/>
      </talent>
      <talent column="0" icon="spell_nature_giftofthewaterspirit" key="1797" name="Living Spirit" tier="6">
        <rank description="Increases your total Spirit by 5%." lvl="1"/>
        <rank description="Increases your total Spirit by 10%." lvl="2"/>
        <rank description="Increases your total Spirit by 15%." lvl="3"/>
      </talent>
      <talent column="1" icon="inv_relics_idolofrejuvenation" key="844" name="Swiftmend" requires="828" tier="6">
        <rank description="Consumes a Rejuvenation or Regrowth effect on a friendly target to instantly heal them an amount equal to 12 sec. of Rejuvenation or 18 sec. of Regrowth." lvl="1"/>
        <spell castTime="0" cooldown="15000" maxRange="40">
          <power cost="16" type="mana"/>
        </spell>
      </talent>
      <talent column="2" icon="ability_druid_naturalperfection" key="1790" name="Natural Perfection" tier="6">
        <rank description="Your critical strike chance with all spells is increased by 1% and critical strikes against you give you the Natural Perfection effect reducing all damage taken by 2%.  Stacks up to 3 times.  Lasts 8 sec." lvl="1"/>
        <rank description="Your critical strike chance with all spells is increased by 2% and critical strikes against you give you the Natural Perfection effect reducing all damage taken by 3%.  Stacks up to 3 times.  Lasts 8 sec." lvl="2"/>
        <rank description="Your critical strike chance with all spells is increased by 3% and critical strikes against you give you the Natural Perfection effect reducing all damage taken by 4%.  Stacks up to 3 times.  Lasts 8 sec." lvl="3"/>
      </talent>
      <talent column="1" icon="ability_druid_empoweredrejuvination" key="1789" name="Empowered Rejuvenation" tier="7">
        <rank description="The bonus healing effects of your healing over time spells is increased by 4%." lvl="1"/>
        <rank description="The bonus healing effects of your healing over time spells is increased by 8%." lvl="2"/>
        <rank description="The bonus healing effects of your healing over time spells is increased by 12%." lvl="3"/>
        <rank description="The bonus healing effects of your healing over time spells is increased by 16%." lvl="4"/>
        <rank description="The bonus healing effects of your healing over time spells is increased by 20%." lvl="5"/>
      </talent>
      <talent column="2" icon="ability_druid_giftoftheearthmother" key="1922" name="Living Seed" tier="7">
        <rank description="When you critically heal your target with Swiftmend, Regrowth, Nourish or Healing Touch spell you have a 33% chance to plant a Living Seed on the target for 30% of the amount healed. The Living Seed will bloom when the target is next attacked. Lasts 15 sec." lvl="1"/>
        <rank description="When you critically heal your target with Swiftmend, Regrowth, Nourish or Healing Touch spell you have a 66% chance to plant a Living Seed on the target for 30% of the amount healed. The Living Seed will bloom when the target is next attacked. Lasts 15 sec." lvl="2"/>
        <rank description="When you critically heal your target with Swiftmend, Regrowth, Nourish or Healing Touch spell you have a 100% chance to plant a Living Seed on the target for 30% of the amount healed. The Living Seed will bloom when the target is next attacked. Lasts 15 sec." lvl="3"/>
      </talent>
      <talent column="0" icon="ability_druid_replenish" key="1929" name="Revitalize" tier="8">
        <rank description="Your Rejuvenation and Wild Growth spells have a 5% chance to restore 8 Energy, 4 Rage, 1% Mana or 16 Runic Power per tick." lvl="1"/>
        <rank description="Your Rejuvenation and Wild Growth spells have a 10% chance to restore 8 Energy, 4 Rage, 1% Mana or 16 Runic Power per tick." lvl="2"/>
        <rank description="Your Rejuvenation and Wild Growth spells have a 15% chance to restore 8 Energy, 4 Rage, 1% Mana or 16 Runic Power per tick." lvl="3"/>
      </talent>
      <talent column="1" icon="ability_druid_treeoflife" key="1791" name="Tree of Life" requires="1789" tier="8">
        <rank description="Reduces the mana cost of your healing over time spells by 20% and grants the ability to shapeshift into the Tree of Life. While in this form you increase healing received by 6% for all party and raid members within 100 yards, and you can only cast Restoration spells in addition to Innervate, Barkskin, Nature's Grasp and Thorns spells.&lt;br/&gt;&lt;br/&gt;The act of shapeshifting frees the caster of Polymorph and Movement Impairing effects." lvl="1"/>
      </talent>
      <talent column="2" icon="ability_druid_improvedtreeform" key="1930" name="Improved Tree of Life" requires="1791" tier="8">
        <rank description="Increases your armor contribution from items while in Tree of Life Form by 67%, and increases your healing spell power by 5% of your spirit while in Tree of Life Form." lvl="1"/>
        <rank description="Increases your armor contribution from items while in Tree of Life Form by 133%, and increases your healing spell power by 10% of your spirit while in Tree of Life Form." lvl="2"/>
        <rank description="Increases your armor contribution from items while in Tree of Life Form by 200%, and increases your healing spell power by 15% of your spirit while in Tree of Life Form." lvl="3"/>
      </talent>
      <talent column="0" icon="spell_nature_stoneclawtotem" key="2264" name="Improved Barkskin" tier="9">
        <rank description="Grants 80% additional armor contribution from cloth and leather items while in Travel Form or while not shapeshifted, increases the damage reduction granted by your Barkskin spell by 5% and reduces the chance your Barkskin is dispelled by 35%." lvl="1"/>
        <rank description="Grants 160% additional armor contribution from cloth and leather items while in Travel Form or while not shapeshifted, increases the damage reduction granted by your Barkskin spell by 10% and reduces the chance your Barkskin is dispelled by 70%." lvl="2"/>
      </talent>
      <talent column="2" icon="ability_druid_manatree" key="1916" name="Gift of the Earthmother" tier="9">
        <rank description="Increases your total spell haste by 2% and reduces the base cooldown of your Lifebloom spell by 2%." lvl="1"/>
        <rank description="Increases your total spell haste by 4% and reduces the base cooldown of your Lifebloom spell by 4%." lvl="2"/>
        <rank description="Increases your total spell haste by 6% and reduces the base cooldown of your Lifebloom spell by 6%." lvl="3"/>
        <rank description="Increases your total spell haste by 8% and reduces the base cooldown of your Lifebloom spell by 8%." lvl="4"/>
        <rank description="Increases your total spell haste by 10% and reduces the base cooldown of your Lifebloom spell by 10%." lvl="5"/>
      </talent>
      <talent column="1" icon="ability_druid_flourish" key="1917" name="Wild Growth" requires="1791" tier="10">
        <rank description="Heals up to 5 friendly party or raid members within 15 yards of the target for 686 over 7 sec. The amount healed is applied quickly at first, and slows down as the Wild Growth reaches its full duration." lvl="1"/>
        <spell castTime="0" cooldown="6000" maxRange="40">
          <power cost="23" type="mana"/>
        </spell>
      </talent>
    </tree>
  </talentTrees>
</page>
