<?xml version="1.0" encoding="UTF-8"?><page globalSearch="1" lang="de_de" requestUrl="/talent-tree.xml">
  <talentTrees>
    <tree bgImage="ShamanEnhancement" icon="spell_nature_lightningshield" key="Enhancement" name="Verstärk." order="1">
      <talent column="0" icon="spell_nature_earthbindtotem" key="610" name="Stärkungstotems" tier="0">
        <rank description="Erhöht den Effekt Eures Totems der Erdstärke und Totem der Flammenzunge um 5%." lvl="1"/>
        <rank description="Erhöht den Effekt Eures Totems der Erdstärke und Totems der Flammenzunge um 10%." lvl="2"/>
        <rank description="Erhöht den Effekt Eures Totems der Erdstärke und Totems der Flammenzunge um 15%." lvl="3"/>
      </talent>
      <talent column="1" icon="spell_nature_stoneclawtotem" key="2101" name="Griff der Erde" tier="0">
        <rank description="Erhöht die Gesundheit Eures Totems der Steinklaue um 25% und den Radius Eures Totems der Erdbindung um 10%. Zudem wird die Abklingzeit beider Totems um 15% verringert." lvl="1"/>
        <rank description="Erhöht die Gesundheit Eures Totems der Steinklaue um 50% und den Radius Eures Totems der Erdbindung um 20%. Zudem wird die Abklingzeit beider Totems um 30% verringert." lvl="2"/>
      </talent>
      <talent column="2" icon="spell_shadow_grimward" key="614" name="Wissen der Ahnen" tier="0">
        <rank description="Erhöht Eure Intelligenz um 2%." lvl="1"/>
        <rank description="Erhöht Eure Intelligenz um 4%." lvl="2"/>
        <rank description="Erhöht Eure Intelligenz um 6%." lvl="3"/>
        <rank description="Erhöht Eure Intelligenz um 8%." lvl="4"/>
        <rank description="Erhöht Eure Intelligenz um 10%." lvl="5"/>
      </talent>
      <talent column="0" icon="spell_nature_stoneskintotem" key="609" name="Wächtertotems" tier="1">
        <rank description="Erhöht den von Eurem Totem der Steinhaut gewährten Rüstungswert um 10%. Verringert die Abklingzeit Eures Totems der Erdung um 1 Sek." lvl="1"/>
        <rank description="Erhöht den von Eurem Totem der Steinhaut gewährten Rüstungswert um 20%. Verringert die Abklingzeit Eures Totems der Erdung um 2 Sek." lvl="2"/>
      </talent>
      <talent column="1" icon="ability_thunderbolt" key="613" name="Donnernde Stöße" tier="1">
        <rank description="Erhöht Eure kritische Trefferchance mit allen Angriffen und Zaubern um 1%." lvl="1"/>
        <rank description="Erhöht Eure kritische Trefferchance mit allen Angriffen und Zaubern um 2%." lvl="2"/>
        <rank description="Erhöht Eure kritische Trefferchance mit allen Angriffen und Zaubern um 3%." lvl="3"/>
        <rank description="Erhöht Eure kritische Trefferchance mit allen Angriffen und Zaubern um 4%." lvl="4"/>
        <rank description="Erhöht Eure kritische Trefferchance mit allen Angriffen und Zaubern um 5%." lvl="5"/>
      </talent>
      <talent column="2" icon="spell_nature_spiritwolf" key="605" name="Verbesserter Geisterwolf" tier="1">
        <rank description="Verringert die Zauberzeit Eures Zaubers 'Geisterwolf' um 1 Sek." lvl="1"/>
        <rank description="Verringert die Zauberzeit Eures Zaubers 'Geisterwolf' um 2 Sek." lvl="2"/>
      </talent>
      <talent column="3" icon="spell_nature_lightningshield" key="607" name="Verbesserte Schilde" tier="1">
        <rank description="Erhöht den Schaden der Aufladungen Eures Blitzschlagschilds um 5%, erhöht das durch die Aufladungen Eures Wasserschilds gewonnene Mana um 5% und erhöht den von den Aufladungen Eures Erdschilds geheilten Wert um 5%." lvl="1"/>
        <rank description="Erhöht den Schaden der Aufladungen Eures Blitzschlagschilds um 10%, erhöht das durch die Aufladungen Eures Wasserschilds gewonnene Mana um 10% und erhöht den von den Aufladungen Eures Erdschilds geheilten Wert um 10%." lvl="2"/>
        <rank description="Erhöht den Schaden der Aufladungen Eures Blitzschlagschilds um 15%, erhöht das durch die Aufladungen Eures Wasserschilds gewonnene Mana um 15% und erhöht den von den Aufladungen Eures Erdschilds geheilten Wert um 15%." lvl="3"/>
      </talent>
      <talent column="0" icon="spell_fire_flametounge" key="611" name="Elementarwaffen" tier="2">
        <rank description="Erhöht den vom Effekt von 'Waffe des Windzorns' verursachten Schaden um 13%, erhöht den Zauberschaden von 'Waffe der Flammenzunge' um 10% und den Heilbonus von 'Waffe der Lebensgeister' um 10%." lvl="1"/>
        <rank description="Erhöht den vom Effekt von 'Waffe des Windzorns' verursachten Schaden um 27%, erhöht den Zauberschaden von 'Waffe der Flammenzunge' um 20% und den Heilbonus von 'Waffe der Lebensgeister' um 20%." lvl="2"/>
        <rank description="Erhöht den vom Effekt von 'Waffe des Windzorns' verursachten Schaden um 40%, erhöht den Zauberschaden von 'Waffe der Flammenzunge' um 30% und den Heilbonus von 'Waffe der Lebensgeister' um 30%." lvl="3"/>
      </talent>
      <talent column="2" icon="spell_nature_elementalabsorption" key="617" name="Schamanistischer Fokus" tier="2">
        <rank description="Verringert die Manakosten Eurer Schockzauber um 45%." lvl="1"/>
      </talent>
      <talent column="3" icon="spell_nature_mirrorimage" key="601" name="Vorahnung" tier="2">
        <rank description="Erhöht Eure Ausweichchance um 1% und verringert die Dauer aller auf Euch wirkenden Entwaffnungseffekte um 16%. Dieser Effekt ist mit anderen Effekten, welche die Entwaffnungsdauer verringern, nicht stapelbar." lvl="1"/>
        <rank description="Erhöht Eure Ausweichchance um 2% und verringert die Dauer aller auf Euch wirkenden Entwaffnungseffekte um 25%. Dieser Effekt ist mit anderen Effekten, welche die Entwaffnungsdauer verringern, nicht stapelbar." lvl="2"/>
        <rank description="Erhöht Eure Ausweichchance um 3% und verringert die Dauer aller auf Euch wirkenden Entwaffnungseffekte um 50%. Dieser Effekt ist mit anderen Effekten, welche die Entwaffnungsdauer verringern, nicht stapelbar." lvl="3"/>
      </talent>
      <talent column="1" icon="ability_ghoulfrenzy" key="602" name="Schlaghagel" requires="613" tier="3">
        <rank description="Erhöht Euer Angriffstempo für die nächsten 3 Waffenschwünge um 6%, nachdem Ihr einen kritischen Treffer zugefügt habt." lvl="1"/>
        <rank description="Erhöht Euer Angriffstempo für die nächsten 3 Waffenschwünge um 12%, nachdem Ihr einen kritischen Treffer zugefügt habt." lvl="2"/>
        <rank description="Erhöht Euer Angriffstempo für die nächsten 3 Waffenschwünge um 18%, nachdem Ihr einen kritischen Treffer zugefügt habt." lvl="3"/>
        <rank description="Erhöht Euer Angriffstempo für die nächsten 3 Waffenschwünge um 24%, nachdem Ihr einen kritischen Treffer zugefügt habt." lvl="4"/>
        <rank description="Erhöht Euer Angriffstempo für die nächsten 3 Waffenschwünge um 30%, nachdem Ihr einen kritischen Treffer zugefügt habt." lvl="5"/>
      </talent>
      <talent column="2" icon="spell_holy_devotion" key="615" name="Zähigkeit" tier="3">
        <rank description="Erhöht Eure Ausdauer um 2% und verringert die Dauer von auf Euch wirkenden bewegungsverlangsamenden Effekten um 6%." lvl="1"/>
        <rank description="Erhöht Eure Ausdauer um 4% und verringert die Dauer von auf Euch wirkenden bewegungsverlangsamenden Effekten um 12%." lvl="2"/>
        <rank description="Erhöht Eure Ausdauer um 6% und verringert die Dauer von auf Euch wirkenden bewegungsverlangsamenden Effekten um 18%." lvl="3"/>
        <rank description="Erhöht Eure Ausdauer um 8% und verringert die Dauer von auf Euch wirkenden bewegungsverlangsamenden Effekten um 24%." lvl="4"/>
        <rank description="Erhöht Eure Ausdauer um 10% und verringert die Dauer von auf Euch wirkenden bewegungsverlangsamenden Effekten um 30%." lvl="5"/>
      </talent>
      <talent column="0" icon="spell_nature_windfury" key="1647" name="Verbessertes Totem des Windzorns" tier="4">
        <rank description="Erhöht die von Eurem Totem des Windzorns gewährte Erhöhung des Nahkampfangriffstempos um 2%." lvl="1"/>
        <rank description="Erhöht die von Eurem Totem des Windzorns gewährte Erhöhung des Nahkampfangriffstempos um 4%." lvl="2"/>
      </talent>
      <talent column="1" icon="ability_parry" key="616" name="Waffen der Geister" tier="4">
        <rank description="Gewährt Euch eine Chance, feindliche Nahkampfangriffe zu parieren, und verringert jegliche verursachte Bedrohung um 30%." lvl="1"/>
      </talent>
      <talent column="2" icon="spell_nature_bloodlust" key="2083" name="Geistige Gewandtheit" tier="4">
        <rank description="Erhöht Eure Angriffskraft um 33% Eurer Intelligenz." lvl="1"/>
        <rank description="Erhöht Eure Angriffskraft um 66% Eurer Intelligenz." lvl="2"/>
        <rank description="Erhöht Eure Angriffskraft um 100% Eurer Intelligenz." lvl="3"/>
      </talent>
      <talent column="0" icon="spell_nature_unleashedrage" key="1689" name="Entfesselte Wut" tier="5">
        <rank description="Erhöht Eure Waffenkunde um 3. Erhöht die Angriffskraft aller Gruppen- und Schlachtzugsmitglieder im Umkreis von 100 Metern um den Schamanen um 4%." lvl="1"/>
        <rank description="Erhöht Eure Waffenkunde um 6. Erhöht die Angriffskraft aller Gruppen- und Schlachtzugsmitglieder im Umkreis von 100 Metern um den Schamanen um 7%." lvl="2"/>
        <rank description="Erhöht Eure Waffenkunde um 9. Erhöht die Angriffskraft aller Gruppen- und Schlachtzugsmitglieder im Umkreis von 100 Metern um den Schamanen um 10%." lvl="3"/>
      </talent>
      <talent column="2" icon="ability_hunter_swiftstrike" key="1643" name="Waffenbeherrschung" tier="5">
        <rank description="Erhöht den Schaden, den Ihr mit allen Waffen zufügt, um 4%." lvl="1"/>
        <rank description="Erhöht den Schaden, den Ihr mit allen Waffen zufügt, um 7%." lvl="2"/>
        <rank description="Erhöht den Schaden, den Ihr mit allen Waffen zufügt, um 10%." lvl="3"/>
      </talent>
      <talent column="3" icon="spell_fire_bluecano" key="2263" name="Gefrorene Kraft" tier="5">
        <rank description="Erhöht den Schaden Eurer Zauber 'Blitzschlag', 'Kettenblitzschlag' und 'Lavapeitsche' sowie aller Schockzauber um 5%, wenn das Ziel unter dem Effekt Eures Frostbrandangriffs steht. Zusätzlich hat Euer Zauber 'Frostschock' eine Chance von 50%, Ziele 5 Sek.. lang an Ort und Stelle festzufrieren, wenn sie sich 15 Meter oder weiter entfernt von Euch befinden." lvl="1"/>
        <rank description="Erhöht den Schaden Eurer Zauber 'Blitzschlag', 'Kettenblitzschlag' und 'Lavapeitsche' sowie aller Schockzauber um 10%, wenn das Ziel unter dem Effekt Eures Frostbrandangriffs steht. Zusätzlich hat Euer Zauber 'Frostschock' eine Chance von 100%, Ziele 5 Sek.. lang an Ort und Stelle festzufrieren, wenn sie sich 15 Meter oder weiter entfernt von Euch befinden." lvl="2"/>
      </talent>
      <talent column="0" icon="ability_dualwieldspecialization" key="1692" name="Beidhändigkeitsspezialisierung" requires="1690" tier="6">
        <rank description="Erhöht Eure Trefferchance beim beidhändigen Führen von Waffen um zusätzliche 2%." lvl="1"/>
        <rank description="Erhöht Eure Trefferchance beim beidhändigen Führen von Waffen um zusätzliche 4%." lvl="2"/>
        <rank description="Erhöht Eure Trefferchance beim beidhändigen Führen von Waffen um zusätzliche 6%." lvl="3"/>
      </talent>
      <talent column="1" icon="ability_dualwield" key="1690" name="Beidhändigkeit" requires="616" tier="6">
        <rank description="Ermöglicht die Verwendung von einhändigen Waffen und Schildhandwaffen in der Schildhand." lvl="1"/>
      </talent>
      <talent column="2" icon="ability_shaman_stormstrike" key="901" name="Sturmschlag" tier="6">
        <rank description="Greift das Ziel sofort mit beiden Waffen an. Zusätzlich werden die nächsten 4 Quellen des Naturschadens, den das Ziel durch den Schamanen erleidet, um 20% erhöht. Hält 12 Sek. lang an." lvl="1"/>
        <spell castTime="0" cooldown="8000" maxRange="5">
          <power cost="8" type="mana"/>
        </spell>
      </talent>
      <talent column="0" icon="spell_shaman_staticshock" key="2055" name="Statischer Schock" tier="7">
        <rank description="Ihr habt eine Chance von 2%, Euer Ziel mit einer Aufladung Eures Blitzschlagschildes zu treffen, wenn Ihr mit Nahkampfangriffen oder -fähigkeiten Schaden verursacht. Euer Blitzschlagschild gewinnt zusätzlich 2 Aufladungen." lvl="1"/>
        <rank description="Ihr habt eine Chance von 4%, Euer Ziel mit einer Aufladung Eures Blitzschlagschildes zu treffen, wenn Ihr mit Nahkampfangriffen oder -fähigkeiten Schaden verursacht. Euer Blitzschlagschild gewinnt zusätzlich 4 Aufladungen." lvl="2"/>
        <rank description="Ihr habt eine Chance von 6%, Euer Ziel mit einer Aufladung Eures Blitzschlagschildes zu treffen, wenn Ihr mit Nahkampfangriffen oder -fähigkeiten Schaden verursacht. Euer Blitzschlagschild gewinnt zusätzlich 6 Aufladungen." lvl="3"/>
      </talent>
      <talent column="1" icon="ability_shaman_lavalash" key="2249" name="Lavapeitsche" requires="1690" tier="7">
        <rank description="Lädt Eure Schildhandwaffe mit Lava auf, verursacht sofort 100% Waffenschaden der Schildhandwaffe. Der Schaden ist um 25% erhöht, wenn Eure Schildhandwaffe mit 'Flammenzunge' verzaubert ist." lvl="1"/>
        <spell castTime="0" cooldown="6000" maxRange="5">
          <power cost="4" type="mana"/>
        </spell>
      </talent>
      <talent column="2" icon="spell_shaman_improvedstormstrike" key="2054" name="Verbesserter Sturmschlag" requires="901" tier="7">
        <rank description="Wenn Ihr die Fähigkeit 'Sturmschlag' nutzt, besteht eine Chance von 50%, dass Ihr sofort 20% Eures Grundmanas gewinnt." lvl="1"/>
        <rank description="Wenn Ihr die Fähigkeit 'Sturmschlag' nutzt, besteht eine Chance von 100%, dass Ihr sofort 20% Eures Grundmanas gewinnt." lvl="2"/>
      </talent>
      <talent column="0" icon="spell_nature_mentalquickness" key="1691" name="Geistige Schnelligkeit" tier="8">
        <rank description="Verringert die Manakosten Eurer spontanen Schamanenzauber um 2% und erhöht Eure Zaubermacht um einen Betrag, der 10% Eurer Angriffskraft entspricht." lvl="1"/>
        <rank description="Verringert die Manakosten Eurer spontanen Schamanenzauber um 4% und erhöht Eure Zaubermacht um einen Betrag, der 20% Eurer Angriffskraft entspricht." lvl="2"/>
        <rank description="Verringert die Manakosten Eurer spontanen Schamanenzauber um 6% und erhöht Eure Zaubermacht um einen Betrag, der 30% Eurer Angriffskraft entspricht." lvl="3"/>
      </talent>
      <talent column="1" icon="spell_nature_shamanrage" key="1693" name="Schamanistische Wut" tier="8">
        <rank description="Reduziert sämtlichen erlittenen Schaden um 30% und gewährt erfolgreichen Nahkampfangriffen die Chance, Mana entsprechend 15% Eurer Angriffskraft zu regenerieren. Dieser Zauber kann genutzt werden, während Betäubungseffekte auf Euch wirken. Hält 15 Sek. lang an." lvl="1"/>
        <spell castTime="0" cooldown="60000"/>
      </talent>
      <talent column="2" icon="spell_nature_earthelemental_totem" key="2056" name="Irdische Kraft" tier="8">
        <rank description="Jeder Puls Eures Totems der Erdbindung hat eine Chance von 50%, jegliche auf Euch oder nahe befreundete Ziele wirkende Verlangsamungseffekte zu entfernen und Euer Zauber 'Erdschock' verringert das Angriffstempo von Gegnern um zusätzliche 5%." lvl="1"/>
        <rank description="Jeder Puls Eures Totems der Erdbindung hat eine Chance von 100%, jegliche auf Euch oder nahe befreundete Ziele wirkende Verlangsamungseffekte zu entfernen und Euer Zauber 'Erdschock' verringert das Angriffstempo von Gegnern um zusätzliche 10%." lvl="2"/>
      </talent>
      <talent column="1" icon="spell_shaman_maelstromweapon" key="2057" name="Waffe des Mahlstroms" tier="9">
        <rank description="Wenn Ihr mit einer Nahkampfwaffe Schaden verursacht, besteht eine Chance, dass die Zauberzeit Eures nächsten Wirkens von 'Blitzschlag', 'Kettenblitzschlag', 'Geringe Welle der Heilung', 'Kettenheilung', 'Welle der Heilung' oder 'Verhexen' um 20% verringert wird. Bis zu 5-mal stapelbar. Hält 30 Sek. lang an." lvl="1"/>
        <rank description="Wenn Ihr mit einer Nahkampfwaffe Schaden verursacht, besteht eine Chance (höher als bei Rang 1), dass die Zauberzeit Eures nächsten Wirkens von 'Blitzschlag', 'Kettenblitzschlag', 'Geringe Welle der Heilung', 'Kettenheilung', 'Welle der Heilung' oder 'Verhexen' um 20% verringert wird. Bis zu 5-mal stapelbar. Hält 30 Sek. lang an." lvl="2"/>
        <rank description="Wenn Ihr mit einer Nahkampfwaffe Schaden verursacht, besteht eine Chance (höher als bei Rang 2), dass die Zauberzeit Eures nächsten Wirkens von 'Blitzschlag', 'Kettenblitzschlag', 'Geringe Welle der Heilung', 'Kettenheilung', 'Welle der Heilung' oder 'Verhexen' um 20% verringert wird. Bis zu 5-mal stapelbar. Hält 30 Sek. lang an." lvl="3"/>
        <rank description="Wenn Ihr mit einer Nahkampfwaffe Schaden verursacht, besteht eine Chance (höher als bei Rang 3), dass die Zauberzeit Eures nächsten Wirkens von 'Blitzschlag', 'Kettenblitzschlag', 'Geringe Welle der Heilung', 'Kettenheilung', 'Welle der Heilung' oder 'Verhexen' um 20% verringert wird. Bis zu 5-mal stapelbar. Hält 30 Sek. lang an." lvl="4"/>
        <rank description="Wenn Ihr mit einer Nahkampfwaffe Schaden verursacht, besteht eine Chance (höher als bei Rang 4), dass die Zauberzeit Eures nächsten Wirkens von 'Blitzschlag', 'Kettenblitzschlag', 'Geringe Welle der Heilung', 'Kettenheilung', 'Welle der Heilung' oder 'Verhexen' um 20% verringert wird. Bis zu 5-mal stapelbar. Hält 30 Sek. lang an." lvl="5"/>
      </talent>
      <talent column="1" icon="spell_shaman_feralspirit" key="2058" name="Wildgeist" tier="10">
        <rank description="Beschwört zwei Schattenwölfe, die unter dem Befehl des Schamanen stehen. Hält 45 Sek. lang an." lvl="1"/>
        <spell castTime="0" cooldown="180000" maxRange="30">
          <power cost="12" type="mana"/>
        </spell>
      </talent>
    </tree>
    <tree bgImage="ShamanElementalCombat" icon="spell_nature_lightning" key="Elemental" name="Elementar" order="0">
      <talent column="1" icon="spell_nature_wispsplode" key="564" name="Konvektion" tier="0">
        <rank description="Verringert die Manakosten Eurer Schockzauber sowie Eurer Zauber 'Blitzschlag', 'Kettenblitzschlag', 'Lavaeruption' und 'Windstoß' um 2%." lvl="1"/>
        <rank description="Verringert die Manakosten Eurer Schockzauber sowie Eurer Zauber 'Blitzschlag', 'Kettenblitzschlag', 'Lavaeruption' und 'Windstoß' um 4%." lvl="2"/>
        <rank description="Verringert die Manakosten Eurer Schockzauber sowie Eurer Zauber 'Blitzschlag', 'Kettenblitzschlag', 'Lavaeruption' und 'Windstoß' um 6%." lvl="3"/>
        <rank description="Verringert die Manakosten Eurer Schockzauber sowie Eurer Zauber 'Blitzschlag', 'Kettenblitzschlag', 'Lavaeruption' und 'Windstoß' um 8%." lvl="4"/>
        <rank description="Verringert die Manakosten Eurer Schockzauber sowie Eurer Zauber 'Blitzschlag', 'Kettenblitzschlag', 'Lavaeruption' und 'Windstoß' um 10%." lvl="5"/>
      </talent>
      <talent column="2" icon="spell_fire_fireball" key="563" name="Erschütterung" tier="0">
        <rank description="Erhöht den Schaden Eurer Schockzauber sowie Eurer Zauber 'Blitzschlag', 'Kettenblitzschlag', 'Gewitter' und 'Lavaeruption' um 1%." lvl="1"/>
        <rank description="Erhöht den Schaden Eurer Schockzauber sowie Eurer Zauber 'Blitzschlag', 'Kettenblitzschlag', 'Gewitter' und 'Lavaeruption' um 2%." lvl="2"/>
        <rank description="Erhöht den Schaden Eurer Schockzauber sowie Eurer Zauber 'Blitzschlag', 'Kettenblitzschlag', 'Gewitter' und 'Lavaeruption' um 3%." lvl="3"/>
        <rank description="Erhöht den Schaden Eurer Schockzauber sowie Eurer Zauber 'Blitzschlag', 'Kettenblitzschlag', 'Gewitter' und 'Lavaeruption' um 4%." lvl="4"/>
        <rank description="Erhöht den Schaden Eurer Schockzauber sowie Eurer Zauber 'Blitzschlag', 'Kettenblitzschlag', 'Gewitter' und 'Lavaeruption' um 5%." lvl="5"/>
      </talent>
      <talent column="0" icon="spell_fire_immolation" key="561" name="Ruf der Flamme" tier="1">
        <rank description="Erhöht den Schaden Eurer Feuertotems und Eures Zaubers 'Feuernova' um 5% sowie den von Eurem Zauber 'Lavaeruption' verursachten Schaden um 2%." lvl="1"/>
        <rank description="Erhöht den Schaden Eurer Feuertotems und Eures Zaubers 'Feuernova' um 10% sowie den von Eurem Zauber 'Lavaeruption' verursachten Schaden um 4%." lvl="2"/>
        <rank description="Erhöht den Schaden Eurer Feuertotems und Eures Zaubers 'Feuernova' um 15% sowie den von Eurem Zauber 'Lavaeruption' verursachten Schaden um 6%." lvl="3"/>
      </talent>
      <talent column="1" icon="spell_nature_spiritarmor" key="1640" name="Schutz der Elemente" tier="1">
        <rank description="Verringert jeglichen erlittenen Schaden um 2%." lvl="1"/>
        <rank description="Verringert jeglichen erlittenen Schaden um 4%." lvl="2"/>
        <rank description="Verringert jeglichen erlittenen Schaden um 6%." lvl="3"/>
      </talent>
      <talent column="2" icon="spell_fire_elementaldevastation" key="1645" name="Elementarverwüstung" tier="1">
        <rank description="Kritische Treffer Eurer unregelmäßigen Offensivzauber erhöhen 10 Sek. lang die Chance auf einen kritischen Treffer mit Nahkampfangriffen um 3%." lvl="1"/>
        <rank description="Kritische Treffer Eurer unregelmäßigen Offensivzauber erhöhen 10 Sek. lang die Chance auf einen kritischen Treffer mit Nahkampfangriffen um 6%." lvl="2"/>
        <rank description="Kritische Treffer Eurer unregelmäßigen Offensivzauber erhöhen 10 Sek. lang die Chance auf einen kritischen Treffer mit Nahkampfangriffen um 9%." lvl="3"/>
      </talent>
      <talent column="0" icon="spell_frost_frostward" key="575" name="Nachklingen" tier="2">
        <rank description="Verringert die Abklingzeit Eurer Schockzauber sowie von 'Windstoß' um 0.2 Sek." lvl="1"/>
        <rank description="Verringert die Abklingzeit Eurer Schockzauber sowie von 'Windstoß' um 0.4 Sek." lvl="2"/>
        <rank description="Verringert die Abklingzeit Eurer Schockzauber sowie von 'Windstoß' um 0.6 Sek." lvl="3"/>
        <rank description="Verringert die Abklingzeit Eurer Schockzauber sowie von 'Windstoß' um 0.8 Sek." lvl="4"/>
        <rank description="Verringert die Abklingzeit Eurer Schockzauber sowie von 'Windstoß' um 1 Sek." lvl="5"/>
      </talent>
      <talent column="1" icon="spell_shadow_manaburn" key="574" name="Elementarfokus" tier="2">
        <rank description="Versetzt Euch in einen Freizauberzustand, nachdem Ihr mit einem Feuer-, Frost- oder Naturschadenszauber einen unregelmäßigen kritischen Treffer erzielt habt. Der Freizauberzustand verringert die Manakosten Eurer nächsten 2 Schadens- oder Heilzauber um 40%." lvl="1"/>
      </talent>
      <talent column="2" icon="spell_fire_volcano" key="565" name="Elementarfuror" tier="2">
        <rank description="Erhöht den kritischen Schadensbonus Eurer Feuer-, Frost- und Naturzauber sowie des Totems der Verbrennung und des Totems des glühenden Magmas um 20%." lvl="1"/>
        <rank description="Erhöht den kritischen Schadensbonus Eurer Feuer-, Frost- und Naturzauber sowie des Totems der Verbrennung und des Totems des glühenden Magmas um 40%." lvl="2"/>
        <rank description="Erhöht den kritischen Schadensbonus Eurer Feuer-, Frost- und Naturzauber sowie des Totems der Verbrennung und des Totems des glühenden Magmas um 60%." lvl="3"/>
        <rank description="Erhöht den kritischen Schadensbonus Eurer Feuer-, Frost- und Naturzauber sowie des Totems der Verbrennung und des Totems des glühenden Magmas um 80%." lvl="4"/>
        <rank description="Erhöht den kritischen Schadensbonus Eurer Feuer-, Frost- und Naturzauber sowie des Totems der Verbrennung und des Totems des glühenden Magmas um 100%." lvl="5"/>
      </talent>
      <talent column="0" icon="spell_fire_sealoffire" key="567" name="Verbesserte Feuernova" tier="3">
        <rank description="Erhöht den verursachten Schaden Eures Zaubers 'Feuernova' um 10% und verringert seine Abklingzeit um 2 Sek." lvl="1"/>
        <rank description="Erhöht den verursachten Schaden Eures Zaubers 'Feuernova' um 20% und verringert seine Abklingzeit um 4 Sek." lvl="2"/>
      </talent>
      <talent column="3" icon="spell_shadow_soulleech_2" key="1642" name="Auge des Sturms" tier="3">
        <rank description="Verringert die durch erlittenen Schaden verursachte Zauberzeiterhöhung beim Wirken der Zauber 'Blitzschlag', 'Kettenblitzschlag', Lavaeruption' und 'Verhexen' um 23%." lvl="1"/>
        <rank description="Verringert die durch erlittenen Schaden verursachte Zauberzeiterhöhung beim Wirken der Zauber 'Blitzschlag', 'Kettenblitzschlag', Lavaeruption' und 'Verhexen' um 46%." lvl="2"/>
        <rank description="Verringert die durch erlittenen Schaden verursachte Zauberzeiterhöhung beim Wirken der Zauber 'Blitzschlag', 'Kettenblitzschlag', 'Lavaeruption' und 'Verhexen' um 70%." lvl="3"/>
      </talent>
      <talent column="0" icon="spell_nature_stormreach" key="1641" name="Elementare Reichweite" tier="4">
        <rank description="Erhöht die Reichweite Eurer Zauber 'Blitzschlag', 'Kettenblitzschlag', 'Feuernova' und 'Lavaeruption' um 3 Meter, erhöht den Radius Eures Zaubers 'Gewitter' um 10% und erhöht die Reichweite des Zaubers 'Flammenschock' um 7 Meter." lvl="1"/>
        <rank description="Erhöht die Reichweite Eurer Zauber 'Blitzschlag', 'Kettenblitzschlag', 'Feuernova' und 'Lavaeruption' um 6 Meter, erhöht den Radius Eures Zaubers 'Gewitter' um 20% und erhöht die Reichweite des Zaubers 'Flammenschock' um 15 Meter." lvl="2"/>
      </talent>
      <talent column="1" icon="spell_nature_callstorm" key="562" name="Ruf des Donners" requires="574" tier="4">
        <rank description="Erhöht die kritische Trefferchance Eurer Zauber 'Blitzschlag', 'Kettenblitzschlag' und 'Gewitter' um zusätzliche 5%." lvl="1"/>
      </talent>
      <talent column="3" icon="spell_nature_unrelentingstorm" key="1682" name="Unerbittlicher Sturm" tier="4">
        <rank description="Regeneriert alle 5 Sek. Mana entsprechend 4% Eurer Intelligenz, selbst während des Zauberwirkens." lvl="1"/>
        <rank description="Regeneriert alle 5 Sek. Mana entsprechend 8% Eurer Intelligenz, selbst während des Zauberwirkens." lvl="2"/>
        <rank description="Regeneriert alle 5 Sek. Mana entsprechend 12% Eurer Intelligenz, selbst während des Zauberwirkens." lvl="3"/>
      </talent>
      <talent column="0" icon="spell_nature_elementalprecision_1" key="1685" name="Elementare Präzision" tier="5">
        <rank description="Erhöht Eure Trefferchance mit Feuer-, Frost- und Naturzaubern um 1%. Außerdem wird die von Euren Feuer-, Frost- und Naturzaubern verursachte Bedrohung um 10% verringert." lvl="1"/>
        <rank description="Erhöht Eure Trefferchance mit Feuer-, Frost- und Naturzaubern um 2%. Außerdem wird die von Euren Feuer-, Frost- und Naturzaubern verursachte Bedrohung um 20% verringert." lvl="2"/>
        <rank description="Erhöht Eure Trefferchance mit Feuer-, Frost- und Naturzaubern um 3%. Außerdem wird die von Euren Feuer-, Frost- und Naturzaubern verursachte Bedrohung um 30% verringert." lvl="3"/>
      </talent>
      <talent column="2" icon="spell_lightning_lightningbolt01" key="721" name="Blitzschlagbeherrschung" requires="565" tier="5">
        <rank description="Verringert die Zauberzeit Eurer Zauber 'Blitzschlag', 'Kettenblitzschlag' und 'Lavaeruption' um 0.1 Sek." lvl="1"/>
        <rank description="Verringert die Zauberzeit Eurer Zauber 'Blitzschlag', 'Kettenblitzschlag' und 'Lavaeruption' um 0.2 Sek." lvl="2"/>
        <rank description="Verringert die Zauberzeit Eurer Zauber 'Blitzschlag', 'Kettenblitzschlag' und 'Lavaeruption' um 0.3 Sek." lvl="3"/>
        <rank description="Verringert die Zauberzeit Eurer Zauber 'Blitzschlag', 'Kettenblitzschlag' und 'Lavaeruption' um 0.4 Sek." lvl="4"/>
        <rank description="Verringert die Zauberzeit Eurer Zauber 'Blitzschlag', 'Kettenblitzschlag' und 'Lavaeruption' um 0.5 Sek." lvl="5"/>
      </talent>
      <talent column="1" icon="spell_nature_wispheal" key="573" name="Elementarbeherrschung" requires="562" tier="6">
        <rank description="Bei Aktivierung wird Euer nächstes Wirken von 'Blitzschlag', 'Kettenblitzschlag' oder 'Lavaeruption' zu einem Spontanzauber. Zusätzlich wird Euer Zaubertempo 15 Sek. lang um 15% erhöht. 'Elementarbeherrschung' und 'Schnelligkeit der Natur' unterliegen derselben Abklingzeit." lvl="1"/>
      </talent>
      <talent column="2" icon="spell_shaman_stormearthfire" key="2052" name="Sturm, Erde und Feuer" tier="6">
        <rank description="Verringert die Abklingzeit Eures Zaubers 'Kettenblitzschlag' um 0,75 Sek. Zudem hat Euer Totem der Erdbindung hat eine Chance von 33%, Ziele 5 Sek. lang festzuwurzeln, wenn es aufgestellt wird, und der regelmäßige Schaden Eures Zaubers 'Flammenschock' wird um 20% erhöht." lvl="1"/>
        <rank description="Verringert die Abklingzeit Eures Zaubers 'Kettenblitzschlag' um 1,5 Sek. Zudem hat Euer Totem der Erdbindung hat eine Chance von 66%, Ziele 5 Sek. lang festzuwurzeln, wenn es aufgestellt wird, und der regelmäßige Schaden Eures Zaubers 'Flammenschock' wird um 40% erhöht." lvl="2"/>
        <rank description="Verringert die Abklingzeit Eures Zaubers 'Kettenblitzschlag' um 2,5 Sek. Zudem hat Euer Totem der Erdbindung hat eine Chance von 100%, Ziele 5 Sek. lang festzuwurzeln, wenn es aufgestellt wird, und der regelmäßige Schaden Eures Zaubers 'Flammenschock' wird um 60% erhöht." lvl="3"/>
      </talent>
      <talent column="0" icon="spell_fire_blueflamering" key="2262" name="Donnernde Echos" tier="7">
        <rank description="Verringert die Abklingzeit Eurer Zauber 'Flammenschock' und 'Frostschock' um zusätzliche 1 Sek. und erhöht ihren direkten Schaden um zusätzliche 10%." lvl="1"/>
        <rank description="Verringert die Abklingzeit Eurer Zauber 'Flammenschock' und 'Frostschock' um zusätzliche 2 Sek. und erhöht ihren direkten Schaden um zusätzliche 20%." lvl="2"/>
      </talent>
      <talent column="1" icon="spell_shaman_elementaloath" key="2049" name="Elementarer Schwur" requires="573" tier="7">
        <rank description="Ist der Freizaubereffekt Eures Talents 'Elementarfokus' aktiv, wird Euer Zauberschaden um 5% erhöht. Zusätzlich wird die kritische Zaubertrefferchance aller Gruppen- und Schlachtzugsmitglieder innerhalb von 100 Metern um 3% erhöht." lvl="1"/>
        <rank description="Ist der Freizaubereffekt Eures Talents 'Elementarfokus' aktiv, wird Euer Zauberschaden um 10% erhöht. Zusätzlich wird die kritische Zaubertrefferchance aller Gruppen- und Schlachtzugsmitglieder innerhalb von 100 Metern um 5% erhöht." lvl="2"/>
      </talent>
      <talent column="2" icon="spell_nature_lightningoverload" key="1686" name="Blitzüberladung" tier="7">
        <rank description="Verleiht Euren Zaubern 'Blitzschlag' und 'Kettenblitzschlag' eine Chance von 11%, einen zweiten, identischen Zauber auf das gleiche Ziel auszulösen, ohne zusätzliche Kosten. Dieser verursacht nur halben Schaden und keine Bedrohung." lvl="1"/>
        <rank description="Verleiht Euren Zaubern 'Blitzschlag' und 'Kettenblitzschlag' eine Chance von 22%, einen zweiten, identischen Zauber auf das gleiche Ziel auszulösen, ohne zusätzliche Kosten. Dieser verursacht nur halben Schaden und keine Bedrohung." lvl="2"/>
        <rank description="Verleiht Euren Zaubern 'Blitzschlag' und 'Kettenblitzschlag' eine Chance von 33%, einen zweiten, identischen Zauber auf das gleiche Ziel auszulösen, ohne zusätzliche Kosten. Dieser verursacht nur halben Schaden und keine Bedrohung." lvl="3"/>
      </talent>
      <talent column="0" icon="spell_shaman_astralshift" key="2050" name="Astralwandler" tier="8">
        <rank description="Wenn Betäubungs-, Furcht- oder Stilleeffekte auf Euch wirken, werdet Ihr zum Teil in die astrale Ebene verschoben und verringert somit den erlittenen Schaden für die Dauer des Betäubungs-, Furcht- oder Stilleeffektes um 10%." lvl="1"/>
        <rank description="Wenn Betäubungs-, Furcht- oder Stilleeffekte auf Euch wirken, werdet Ihr zum Teil in die astrale Ebene verschoben und verringert somit den erlittenen Schaden für die Dauer des Betäubungs-, Furcht- oder Stilleeffektes um 20%." lvl="2"/>
        <rank description="Wenn Betäubungs-, Furcht- oder Stilleeffekte auf Euch wirken, werdet Ihr zum Teil in die astrale Ebene verschoben und verringert somit den erlittenen Schaden für die Dauer des Betäubungs-, Furcht- oder Stilleeffektes um 30%." lvl="3"/>
      </talent>
      <talent column="1" icon="spell_fire_totemofwrath" key="1687" name="Totem des Ingrimms" tier="8">
        <rank description="Beschwört ein Totem des Ingrimms mit 5 Gesundheit zu Füßen des Zaubernden. Das Totem erhöht die Zaubermacht aller Gruppen- und Schlachtzugsmitglieder um 100 und erhöht die kritische Trefferchance aller Angriffe gegen alle Feinde im Umkreis von 40 Metern um 3%. Hält 5 Min. lang an." lvl="1"/>
        <spell castTime="0">
          <power cost="5" type="mana"/>
        </spell>
      </talent>
      <talent column="2" icon="spell_shaman_lavaflow" key="2051" name="Lavastrom" tier="8">
        <rank description="Erhöht den kritischen Schadensbonus von 'Lavaeruption' um zusätzlich 6%, und wenn Euer Zauber 'Flammenschock' gebannt wird, wird Euer Zaubertempo 6 Sek. lang um 10% erhöht." lvl="1"/>
        <rank description="Erhöht den kritischen Schadensbonus von 'Lavaeruption' um zusätzlich 12%, und wenn Euer Zauber 'Flammenschock' gebannt wird, wird Euer Zaubertempo 6 Sek. lang um 20% erhöht." lvl="2"/>
        <rank description="Erhöht den kritischen Schadensbonus von 'Lavaeruption' um zusätzlich 24%, und wenn Euer Zauber 'Flammenschock' gebannt wird, wird Euer Zaubertempo 6 Sek. lang um 30% erhöht." lvl="3"/>
      </talent>
      <talent column="1" icon="spell_unused2" key="2252" name="Schamanismus" tier="9">
        <rank description="Euren Zaubern 'Blitzschlag' und 'Kettenblitzschlag' werden zusätzliche 4%, Eurem Zauber 'Lavaeruption' zusätzliche 5% Eurer Bonusschadenseffekte gewährt." lvl="1"/>
        <rank description="Euren Zaubern 'Blitzschlag' und 'Kettenblitzschlag' werden zusätzliche 8%, Eurem Zauber 'Lavaeruption' zusätzliche 10% Eurer Bonusschadenseffekte gewährt." lvl="2"/>
        <rank description="Euren Zaubern 'Blitzschlag' und 'Kettenblitzschlag' werden zusätzliche 12%, Eurem Zauber 'Lavaeruption' zusätzliche 15% Eurer Bonusschadenseffekte gewährt." lvl="3"/>
        <rank description="Euren Zaubern 'Blitzschlag' und 'Kettenblitzschlag' werden zusätzliche 16%, Eurem Zauber 'Lavaeruption' zusätzliche 20% Eurer Bonusschadenseffekte gewährt." lvl="4"/>
        <rank description="Euren Zaubern 'Blitzschlag' und 'Kettenblitzschlag' werden zusätzliche 20%, Eurem Zauber 'Lavaeruption' zusätzliche 25% Eurer Bonusschadenseffekte gewährt." lvl="5"/>
      </talent>
      <talent column="1" icon="spell_shaman_thunderstorm" key="2053" name="Gewitter" tier="10">
        <rank description="Ihr ruft einen Blitzschlag hernieder, der Euch auflädt und bei allen Feinden im Umkreis von 10 Metern Schaden verursacht. Stellt 8% Eures Manas wieder her, alle Feinde erleiden 551 bis 629 Naturschaden und werden 20 Meter zurückgestoßen. Dieser Zauber kann genutzt werden, während ein Betäubungseffekt auf Euch wirkt." lvl="1"/>
      </talent>
    </tree>
    <tree bgImage="ShamanRestoration" icon="spell_nature_magicimmunity" key="Restoration" name="Wiederherst." order="2">
      <talent column="1" icon="spell_nature_magicimmunity" key="586" name="Verbesserte Welle der Heilung" tier="0">
        <rank description="Verringert die Zauberzeit Eures Zaubers 'Welle der Heilung' um 0.1 Sek." lvl="1"/>
        <rank description="Verringert die Zauberzeit Eures Zaubers 'Welle der Heilung' um 0.2 Sek." lvl="2"/>
        <rank description="Verringert die Zauberzeit Eures Zaubers 'Welle der Heilung' um 0.3 Sek." lvl="3"/>
        <rank description="Verringert die Zauberzeit Eures Zaubers 'Welle der Heilung' um 0.4 Sek." lvl="4"/>
        <rank description="Verringert die Zauberzeit Eures Zaubers 'Welle der Heilung' um 0.5 Sek." lvl="5"/>
      </talent>
      <talent column="2" icon="spell_nature_moonglow" key="595" name="Totemfokus" tier="0">
        <rank description="Verringert die Manakosten Eurer Totems um 5%." lvl="1"/>
        <rank description="Verringert die Manakosten Eurer Totems um 10%." lvl="2"/>
        <rank description="Verringert die Manakosten Eurer Totems um 15%." lvl="3"/>
        <rank description="Verringert die Manakosten Eurer Totems um 20%." lvl="4"/>
        <rank description="Verringert die Manakosten Eurer Totems um 25%." lvl="5"/>
      </talent>
      <talent column="0" icon="spell_nature_reincarnation" key="589" name="Verbesserte Reinkarnation" tier="1">
        <rank description="Verringert die Abklingzeit Eures Zaubers 'Reinkarnation' um 7 Minuten und erhöht die Gesundheit und das Mana, über das Ihr direkt nach der Reinkarnation verfügt, um 10%." lvl="1"/>
        <rank description="Verringert die Abklingzeit Eures Zaubers 'Reinkarnation' um 15 Minuten und erhöht die Gesundheit und das Mana, über das Ihr direkt nach der Reinkarnation verfügt, um 20%." lvl="2"/>
      </talent>
      <talent column="1" icon="spell_nature_healingtouch" key="1646" name="Geschick der Heilung" tier="1">
        <rank description="Verringert die durch Eure Heilzauber verursachte Bedrohung um 5% und die Chance, dass sowohl Eure hilfreichen Zauber als auch Effekte, die Schaden im Laufe der Zeit verursachen, gebannt werden, um 10%." lvl="1"/>
        <rank description="Verringert die durch Eure Heilzauber verursachte Bedrohung um 10% und die Chance, dass sowohl Eure hilfreichen Zauber als auch Effekte, die Schaden im Laufe der Zeit verursachen, gebannt werden, um 20%." lvl="2"/>
        <rank description="Verringert die durch Eure Heilzauber verursachte Bedrohung um 15% und die Chance, dass sowohl Eure hilfreichen Zauber als auch Effekte, die Schaden im Laufe der Zeit verursachen, gebannt werden, um 30%." lvl="3"/>
      </talent>
      <talent column="2" icon="spell_frost_manarecharge" key="593" name="Gezeitenfokus" tier="1">
        <rank description="Verringert die Manakosten Eurer Heilzauber um 1%." lvl="1"/>
        <rank description="Verringert die Manakosten Eurer Heilzauber um 2%." lvl="2"/>
        <rank description="Verringert die Manakosten Eurer Heilzauber um 3%." lvl="3"/>
        <rank description="Verringert die Manakosten Eurer Heilzauber um 4%." lvl="4"/>
        <rank description="Verringert die Manakosten Eurer Heilzauber um 5%." lvl="5"/>
      </talent>
      <talent column="0" icon="ability_shaman_watershield" key="583" name="Verbesserter Wasserschild" tier="2">
        <rank description="Wenn Ihr mit 'Welle der Heilung' oder 'Springflut' einen kritischen Effekt erzielt, besteht eine Chance von 33%, dass Ihr sofort Mana gewinnt, als wäre eine Kugel des Wasserschilds verbraucht worden. Wenn Ihr mit 'Geringe Welle der Heilung' einen kritischen Effekt erzielt, liegt die Chance, diesen Effekt auszulösen, bei 20% und bei 10%, wenn Ihr mit 'Kettenheilung' einen kritischen Effekt erzielt." lvl="1"/>
        <rank description="Wenn Ihr mit 'Welle der Heilung' oder 'Springflut' einen kritischen Effekt erzielt, besteht eine Chance von 66%, dass Ihr sofort Mana gewinnt, als wäre eine Kugel des Wasserschilds verbraucht worden. Wenn Ihr mit 'Geringe Welle der Heilung' einen kritischen Effekt erzielt, liegt die Chance, diesen Effekt auszulösen, bei 40% und bei 20%, wenn Ihr mit 'Kettenheilung' einen kritischen Effekt erzielt." lvl="2"/>
        <rank description="Wenn Ihr mit 'Welle der Heilung' oder 'Springflut' einen kritischen Effekt erzielt, besteht eine Chance von 100%, dass Ihr sofort Mana gewinnt, als wäre eine Kugel des Wasserschilds verbraucht worden. Wenn Ihr mit 'Geringe Welle der Heilung' einen kritischen Effekt erzielt, liegt die Chance, diesen Effekt auszulösen, bei 60% und bei 30%, wenn Ihr mit 'Kettenheilung' einen kritischen Effekt erzielt." lvl="3"/>
      </talent>
      <talent column="1" icon="spell_nature_healingwavelesser" key="587" name="Heilfokus" tier="2">
        <rank description="Verringert die durch erlittenen Schaden verursachte Zauberzeiterhöhung beim Wirken von Schamanenheilzaubern um 23%." lvl="1"/>
        <rank description="Verringert die durch erlittenen Schaden verursachte Zauberzeiterhöhung beim Wirken von Schamanenheilzaubern um 46%." lvl="2"/>
        <rank description="Verringert die durch erlittenen Schaden verursachte Zauberzeiterhöhung beim Wirken von Schamanenheilzaubern um 70%." lvl="3"/>
      </talent>
      <talent column="2" icon="spell_frost_frostbolt" key="582" name="Kraft der Gezeiten" tier="2">
        <rank description="Erhöht die Chance auf einen kritischen Effekt Eurer Zauber 'Welle der Heilung', 'Geringe Welle der Heilung' und 'Kettenheilung' um 60%. Jede kritische Heilung verringert die Chance um 20%. Hält 20 Sek. lang an." lvl="1"/>
        <spell castTime="0" cooldown="180000"/>
      </talent>
      <talent column="3" icon="spell_nature_undyingstrength" key="581" name="Heilung der Ahnen" tier="2">
        <rank description="Verringert den erlittenen körperlichen Schaden eines Ziels 15 Sek. lang um 3%, nachdem es einen kritischen Effekt von einem Eurer Heilzauber erhalten hat." lvl="1"/>
        <rank description="Verringert den erlittenen körperlichen Schaden eines Ziels 15 Sek. lang um 7%, nachdem es einen kritischen Effekt von einem Eurer Heilzauber erhalten hat." lvl="2"/>
        <rank description="Verringert den erlittenen körperlichen Schaden eines Ziels 15 Sek. lang um 10%, nachdem es einen kritischen Effekt von einem Eurer Heilzauber erhalten hat." lvl="3"/>
      </talent>
      <talent column="1" icon="spell_nature_manaregentotem" key="588" name="Regenerationstotems" tier="3">
        <rank description="Erhöht den Effekt Eures Totems der Manaquelle um 7% und den durch Euer Totem des heilenden Flusses geheilten Wert um 15%." lvl="1"/>
        <rank description="Erhöht den Effekt Eures Totems der Manaquelle um 12% und den durch Euer Totem des heilenden Flusses geheilten Wert um 30%." lvl="2"/>
        <rank description="Erhöht den Effekt Eures Totems der Manaquelle um 20% und den durch Euer Totem des heilenden Flusses geheilten Wert um 45%." lvl="3"/>
      </talent>
      <talent column="2" icon="spell_nature_tranquility" key="594" name="Gezeitenbeherrschung" tier="3">
        <rank description="Erhöht die Chance für einen kritischen Effekt Eurer Heil- und Blitzschlagzauber um 1%." lvl="1"/>
        <rank description="Erhöht die Chance für einen kritischen Effekt Eurer Heil- und Blitzschlagzauber um 2%." lvl="2"/>
        <rank description="Erhöht die Chance für einen kritischen Effekt Eurer Heil- und Blitzschlagzauber um 3%." lvl="3"/>
        <rank description="Erhöht die Chance für einen kritischen Effekt Eurer Heil- und Blitzschlagzauber um 4%." lvl="4"/>
        <rank description="Erhöht die Chance für einen kritischen Effekt Eurer Heil- und Blitzschlagzauber um 5%." lvl="5"/>
      </talent>
      <talent column="0" icon="spell_nature_healingway" key="1648" name="Pfad der Heilung" tier="4">
        <rank description="Erhöht den von Eurem Zauber 'Welle der Heilung' geheilten Wert um 8%." lvl="1"/>
        <rank description="Erhöht den von Eurem Zauber 'Welle der Heilung' geheilten Wert um 16%." lvl="2"/>
        <rank description="Erhöht den von Eurem Zauber 'Welle der Heilung' geheilten Wert um 25%." lvl="3"/>
      </talent>
      <talent column="2" icon="spell_nature_ravenform" key="591" name="Schnelligkeit der Natur" tier="4">
        <rank description="Bei Aktivierung wird Euer nächster Naturzauber mit einer Zauberzeit von weniger als 10 Sek. ein Spontanzauber. 'Schnelligkeit der Natur' und 'Elementarbeherrschung' unterliegen derselben Abklingzeit." lvl="1"/>
      </talent>
      <talent column="3" icon="spell_nature_focusedmind" key="1695" name="Fokussierte Gedanken" tier="4">
        <rank description="Verringert die Wirkungsdauer jeglicher Stille- und Unterbrechungseffekte gegen den Schamanen um 10%. Dieser Effekt ist nicht mit anderen Effekten dieser Art stapelbar." lvl="1"/>
        <rank description="Verringert die Wirkungsdauer jeglicher Stille- und Unterbrechungseffekte gegen den Schamanen um 20%. Dieser Effekt ist nicht mit anderen Effekten dieser Art stapelbar." lvl="2"/>
        <rank description="Verringert die Wirkungsdauer jeglicher Stille- und Unterbrechungseffekte gegen den Schamanen um 30%. Dieser Effekt ist nicht mit anderen Effekten dieser Art stapelbar." lvl="3"/>
      </talent>
      <talent column="2" icon="spell_frost_wizardmark" key="592" name="Läuterung" tier="5">
        <rank description="Erhöht die Wirksamkeit Eurer Heilzauber um 2%." lvl="1"/>
        <rank description="Erhöht die Wirksamkeit Eurer Heilzauber um 4%." lvl="2"/>
        <rank description="Erhöht die Wirksamkeit Eurer Heilzauber um 6%." lvl="3"/>
        <rank description="Erhöht die Wirksamkeit Eurer Heilzauber um 8%." lvl="4"/>
        <rank description="Erhöht die Wirksamkeit Eurer Heilzauber um 10%." lvl="5"/>
      </talent>
      <talent column="0" icon="spell_nature_natureguardian" key="1699" name="Wächter der Natur" tier="6">
        <rank description="Wenn Ihr einen Angriff erleidet, der Eure Gesundheit unter 30% senkt, wird Eure maximale Gesundheit 10 Sek. lang um 3% erhöht und Eure Bedrohung gegenüber dem Angreifer verringert. 30 Sek. Abklingzeit." lvl="1"/>
        <rank description="Wenn Ihr einen Angriff erleidet, der Eure Gesundheit unter 30% senkt, wird Eure maximale Gesundheit 10 Sek. lang um 6% erhöht und Eure Bedrohung gegenüber dem Angreifer verringert. 30 Sek. Abklingzeit." lvl="2"/>
        <rank description="Wenn Ihr einen Angriff erleidet, der Eure Gesundheit unter 30% senkt, wird Eure maximale Gesundheit 10 Sek. lang um 9% erhöht und Eure Bedrohung gegenüber dem Angreifer verringert. 30 Sek. Abklingzeit." lvl="3"/>
        <rank description="Wenn Ihr einen Angriff erleidet, der Eure Gesundheit unter 30% senkt, wird Eure maximale Gesundheit 10 Sek. lang um 12% erhöht und Eure Bedrohung gegenüber dem Angreifer verringert. 30 Sek. Abklingzeit." lvl="4"/>
        <rank description="Wenn Ihr einen Angriff erleidet, der Eure Gesundheit unter 30% senkt, wird Eure maximale Gesundheit 10 Sek. lang um 15% erhöht und Eure Bedrohung gegenüber dem Angreifer verringert. 30 Sek. Abklingzeit." lvl="5"/>
      </talent>
      <talent column="1" icon="spell_frost_summonwaterelemental" key="590" name="Totem der Manaflut" requires="588" tier="6">
        <rank description="Beschwört ein Totem der Manaflut mit 10% der Gesundheit des Zaubernden zu seinen Füßen, das für Gruppenmitglieder in einem Umkreis von 30 Metern alle 3 Sek. 6% des gesamten Manas wiederherstellt. Hält 12 Sek. lang an." lvl="1"/>
      </talent>
      <talent column="2" icon="ability_shaman_cleansespirit" key="2084" name="Geistläuterung" requires="592" tier="6">
        <rank description="Läutert den Geist eines befreundeten Ziels, entfernt einen Gift-, einen Krankheits- und einen Flucheffekt." lvl="1"/>
        <spell castTime="0" maxRange="40">
          <power cost="7" type="mana"/>
        </spell>
      </talent>
      <talent column="0" icon="spell_shaman_blessingofeternals" key="2060" name="Segen der Ewigen" tier="7">
        <rank description="Erhöht die Chance auf kritische Effekte Eurer Zauber um 2% und erhöht die Chance, bei einem Ziel mit 35% Gesundheit oder weniger den Effekt von 'Lebensgeister', der Heilung über Zeit verursacht, auszulösen um 40%." lvl="1"/>
        <rank description="Erhöht die Chance auf kritische Effekte Eurer Zauber um 4% und erhöht die Chance, bei einem Ziel mit 35% Gesundheit oder weniger den Effekt von 'Lebensgeister', der Heilung über Zeit verursacht, auszulösen um 80%." lvl="2"/>
      </talent>
      <talent column="1" icon="spell_nature_healingwavegreater" key="1697" name="Verbesserte Kettenheilung" tier="7">
        <rank description="Erhöht den durch 'Kettenheilung' geheilten Wert um 10%." lvl="1"/>
        <rank description="Erhöht den durch 'Kettenheilung' geheilten Wert um 20%." lvl="2"/>
      </talent>
      <talent column="2" icon="spell_nature_natureblessing" key="1696" name="Segen der Natur" tier="7">
        <rank description="Erhöht Eure Heilung um einen Betrag, der 5% Eurer Intelligenz entspricht." lvl="1"/>
        <rank description="Erhöht Eure Heilung um einen Betrag, der 10% Eurer Intelligenz entspricht." lvl="2"/>
        <rank description="Erhöht Eure Heilung um einen Betrag, der 15% Eurer Intelligenz entspricht." lvl="3"/>
      </talent>
      <talent column="0" icon="spell_shaman_ancestralawakening" key="2061" name="Erwachen der Ahnen" tier="8">
        <rank description="Erzielt Ihr mit 'Welle der Heilung', 'Geringe Welle der Heilung' oder 'Springflut' einen kritischen Effekt, wird ein Ahnengeist beschworen, der sofort das Gruppen- oder Schlachtzugsmitglied mit der geringsten Gesundheit innerhalb von 40 Metern um 10% des von Euch geheilten Wertes heilt." lvl="1"/>
        <rank description="Erzielt Ihr mit 'Welle der Heilung', 'Geringe Welle der Heilung' oder 'Springflut' einen kritischen Effekt, wird ein Ahnengeist beschworen, der sofort das Gruppen- oder Schlachtzugsmitglied mit der geringsten Gesundheit innerhalb von 40 Metern um 20% des von Euch geheilten Wertes heilt." lvl="2"/>
        <rank description="Erzielt Ihr mit 'Welle der Heilung', 'Geringe Welle der Heilung' oder 'Springflut' einen kritischen Effekt, wird ein Ahnengeist beschworen, der sofort das Gruppen- oder Schlachtzugsmitglied mit der geringsten Gesundheit innerhalb von 40 Metern um 30% des von Euch geheilten Wertes heilt." lvl="3"/>
      </talent>
      <talent column="1" icon="spell_nature_skinofearth" key="1698" name="Erdschild" tier="8">
        <rank description="Schützt das Ziel mit einem Erdschild, der die erhöhte Zauberdauer oder verringerte Kanalisierungsdauer durch erlittenen Schaden um 30% verringert und Angriffe das geschützte Ziel um 150 heilen lässt. Dieser Effekt tritt nur einmal alle paar Sekunden auf. 6 Aufladungen. Hält 10 Min. lang an. Der Erdschild kann immer nur auf einem Ziel gleichzeitig aktiv sein, und auf jedem Ziel kann nur ein Elementarschild aktiv sein." lvl="1"/>
        <spell castTime="0" maxRange="40">
          <power cost="15" type="mana"/>
        </spell>
      </talent>
      <talent column="2" icon="spell_nature_skinofearth" key="2059" name="Verbesserter Erdschild" requires="1698" tier="8">
        <rank description="Erhöht die Aufladungen Eures Zaubers 'Erdschild' um 1 und erhöht seine verursachte Heilung um 5%." lvl="1"/>
        <rank description="Erhöht die Aufladungen Eures Zaubers 'Erdschild' um 2 und erhöht seine verursachte Heilung um 10%." lvl="2"/>
      </talent>
      <talent column="1" icon="spell_shaman_tidalwaves" key="2063" name="Flutwellen" tier="9">
        <rank description="Beim Wirken von 'Kettenheilung' oder 'Springflut' besteht eine Chance von 20%, dass die Zauberzeit von 'Welle der Heilung' um 30% verringert und die Chance auf einen kritischen Effekt von 'Geringe Welle der Heilung' um 25% erhöht wird. Bleibt aktiv, bis zwei Zauber dieser Art gewirkt wurden. Zusätzlich werden die Bonusheilungseffekte von 'Welle der Heilung' um 4% und von 'Geringe Welle der Heilung' um 2% erhöht." lvl="1"/>
        <rank description="Beim Wirken von 'Kettenheilung' oder 'Springflut' besteht eine Chance von 40%, dass die Zauberzeit von 'Welle der Heilung' um 30% verringert und die Chance auf einen kritischen Effekt von 'Geringe Welle der Heilung' um 25% erhöht wird. Bleibt aktiv, bis zwei Zauber dieser Art gewirkt wurden. Zusätzlich werden die Bonusheilungseffekte von 'Welle der Heilung' um 8% und von 'Geringe Welle der Heilung' um 4% erhöht." lvl="2"/>
        <rank description="Beim Wirken von 'Kettenheilung' oder 'Springflut' besteht eine Chance von 60%, dass die Zauberzeit von 'Welle der Heilung' um 30% verringert und die Chance auf einen kritischen Effekt von 'Geringe Welle der Heilung' um 25% erhöht wird. Bleibt aktiv, bis zwei Zauber dieser Art gewirkt wurden. Zusätzlich werden die Bonusheilungseffekte von 'Welle der Heilung' um 12% und von 'Geringe Welle der Heilung' um 6% erhöht." lvl="3"/>
        <rank description="Beim Wirken von 'Kettenheilung' oder 'Springflut' besteht eine Chance von 80%, dass die Zauberzeit von 'Welle der Heilung' um 30% verringert und die Chance auf einen kritischen Effekt von 'Geringe Welle der Heilung' um 25% erhöht wird. Bleibt aktiv, bis zwei Zauber dieser Art gewirkt wurden. Zusätzlich werden die Bonusheilungseffekte von 'Welle der Heilung' um 16% und von 'Geringe Welle der Heilung' um 8% erhöht." lvl="4"/>
        <rank description="Beim Wirken von 'Kettenheilung' oder 'Springflut' besteht eine Chance von 100%, dass die Zauberzeit von 'Welle der Heilung' um 30% verringert und die Chance auf einen kritischen Effekt von 'Geringe Welle der Heilung' um 25% erhöht wird. Bleibt aktiv, bis zwei Zauber dieser Art gewirkt wurden. Zusätzlich werden die Bonusheilungseffekte von 'Welle der Heilung' um 20% und von 'Geringe Welle der Heilung' um 10% erhöht." lvl="5"/>
      </talent>
      <talent column="1" icon="spell_nature_riptide" key="2064" name="Springflut" tier="10">
        <rank description="Heilt ein freundliches Ziel um 639 bis 691 und im Verlauf von 15 Sek. um weitere 665 Gesundheit. Euer nächstes Wirken von 'Kettenheilung' innerhalb von 15 Sek., das dieses Ziel als Hauptziel hat, zehrt den Effekt auf, der Heilung über Zeit verursacht, und erhöht den von 'Kettenheilung' geheilten Wert um 25%." lvl="1"/>
        <spell castTime="0" cooldown="6000" maxRange="40">
          <power cost="18" type="mana"/>
        </spell>
      </talent>
    </tree>
  </talentTrees>
</page>
