<?xml version="1.0" encoding="UTF-8"?><page globalSearch="1" lang="es_es" requestUrl="/talent-tree.xml">
  <talentTrees>
    <tree bgImage="WarriorFury" icon="ability_warrior_innerrage" key="Fury" name="Furia" order="1">
      <talent column="0" icon="inv_shoulder_22" key="2250" name="Armado hasta los dientes" tier="0">
        <rank description="Aumenta tu poder de ataque 1 p. por cada 108 p. de tu valor de armadura." lvl="1"/>
        <rank description="Aumenta tu poder de ataque 2 p. por cada 108 p. de tu valor de armadura." lvl="2"/>
        <rank description="Aumenta tu poder de ataque 3 p. por cada 108 p. de tu valor de armadura." lvl="3"/>
      </talent>
      <talent column="1" icon="spell_nature_purge" key="158" name="Voz retumbante" tier="0">
        <rank description="Aumenta el área de efecto y duración de tu Grito de batalla, Grito desmoralizador y Grito de orden un 25%." lvl="1"/>
        <rank description="Aumenta el área de efecto y duración de tu Grito de batalla, Grito desmoralizador y Grito de orden un 50%." lvl="2"/>
      </talent>
      <talent column="2" icon="ability_rogue_eviscerate" key="157" name="Crueldad" tier="0">
        <rank description="Aumenta la probabilidad de conseguir un golpe crítico con armas cuerpo a cuerpo un 1%." lvl="1"/>
        <rank description="Aumenta la probabilidad de conseguir un golpe crítico con armas cuerpo a cuerpo un 2%." lvl="2"/>
        <rank description="Aumenta la probabilidad de conseguir un golpe crítico con armas cuerpo a cuerpo un 3%." lvl="3"/>
        <rank description="Aumenta la probabilidad de conseguir un golpe crítico con armas cuerpo a cuerpo un 4%." lvl="4"/>
        <rank description="Aumenta la probabilidad de conseguir un golpe crítico con armas cuerpo a cuerpo un 5%." lvl="5"/>
      </talent>
      <talent column="1" icon="ability_warrior_warcry" key="161" name="Grito desmoralizador mejorado" tier="1">
        <rank description="Aumenta un 8% la reducción de poder de ataque cuerpo a cuerpo de tu Grito desmoralizador." lvl="1"/>
        <rank description="Aumenta un 16% la reducción de poder de ataque cuerpo a cuerpo de tu Grito desmoralizador." lvl="2"/>
        <rank description="Aumenta un 24% la reducción de poder de ataque cuerpo a cuerpo de tu Grito desmoralizador." lvl="3"/>
        <rank description="Aumenta un 32% la reducción de poder de ataque cuerpo a cuerpo de tu Grito desmoralizador." lvl="4"/>
        <rank description="Aumenta un 40% la reducción de poder de ataque cuerpo a cuerpo de tu Grito desmoralizador." lvl="5"/>
      </talent>
      <talent column="2" icon="spell_nature_stoneclawtotem" key="159" name="Cólera desbocada" tier="1">
        <rank description="Te da la posibilidad de generar un punto de ira extra cuando infliges daño cuerpo a cuerpo con un arma." lvl="1"/>
        <rank description="Te da la posibilidad de generar un punto de ira extra cuando infliges daño cuerpo a cuerpo con un arma. Ocurre más a menudo que Cólera desbocada (Rango 1)." lvl="2"/>
        <rank description="Te da la posibilidad de generar un punto de ira extra cuando infliges daño cuerpo a cuerpo con un arma. Ocurre más a menudo que Cólera desbocada (Rango 2)." lvl="3"/>
        <rank description="Te da la posibilidad de generar un punto de ira extra cuando infliges daño cuerpo a cuerpo con un arma. Ocurre más a menudo que Cólera desbocada (Rango 3)." lvl="4"/>
        <rank description="Te da la posibilidad de generar un punto de ira extra cuando infliges daño cuerpo a cuerpo con un arma. Ocurre más a menudo que Cólera desbocada (Rango 4)." lvl="5"/>
      </talent>
      <talent column="0" icon="ability_warrior_cleave" key="166" name="Rajar mejorado" tier="2">
        <rank description="Aumenta el daño extra de tu facultad Rajar un 40%." lvl="1"/>
        <rank description="Aumenta el daño extra de tu facultad Rajar un 80%." lvl="2"/>
        <rank description="Aumenta el daño extra de tu facultad Rajar un 120%." lvl="3"/>
      </talent>
      <talent column="1" icon="spell_shadow_deathscream" key="160" name="Aullido perforador" tier="2">
        <rank description="Provoca que todos los enemigos en un radio de 10 m queden atontados, reduciendo la velocidad de movimiento un 50% durante 6 s." lvl="1"/>
        <spell castTime="0">
          <power cost="10" type="rage"/>
        </spell>
      </talent>
      <talent column="2" icon="spell_shadow_summonimp" key="661" name="Manía sangrienta" tier="2">
        <rank description="Regenera un 2% de tu salud total durante 6 s después de ser víctima de un golpe crítico." lvl="1"/>
        <rank description="Regenera un 4% de tu salud total durante 6 s después de ser víctima de un golpe crítico." lvl="2"/>
        <rank description="Regenera un 6% de tu salud total durante 6 s después de ser víctima de un golpe crítico." lvl="3"/>
      </talent>
      <talent column="3" icon="spell_nature_focusedmind" key="154" name="Presencia de orden" tier="2">
        <rank description="Aumenta un 5% el bonus de poder de ataque cuerpo a cuerpo de tu Grito de batalla y el bonus de salud de tu Grito de orden." lvl="1"/>
        <rank description="Aumenta un 10% el bonus de poder de ataque cuerpo a cuerpo de tu Grito de batalla y el bonus de salud de tu Grito de orden." lvl="2"/>
        <rank description="Aumenta un 15% el bonus de poder de ataque cuerpo a cuerpo de tu Grito de batalla y el bonus de salud de tu Grito de orden." lvl="3"/>
        <rank description="Aumenta un 20% el bonus de poder de ataque cuerpo a cuerpo de tu Grito de batalla y el bonus de salud de tu Grito de orden." lvl="4"/>
        <rank description="Aumenta un 25% el bonus de poder de ataque cuerpo a cuerpo de tu Grito de batalla y el bonus de salud de tu Grito de orden." lvl="5"/>
      </talent>
      <talent column="0" icon="ability_dualwield" key="1581" name="Especialización en doble empuñadura" tier="3">
        <rank description="Aumenta un 5% el daño infligido con tu arma secundaria." lvl="1"/>
        <rank description="Aumenta un 10% el daño infligido con tu arma secundaria." lvl="2"/>
        <rank description="Aumenta un 15% el daño infligido con tu arma secundaria." lvl="3"/>
        <rank description="Aumenta un 20% el daño infligido con tu arma secundaria." lvl="4"/>
        <rank description="Aumenta un 25% el daño infligido con tu arma secundaria." lvl="5"/>
      </talent>
      <talent column="1" icon="inv_sword_48" key="1542" name="Ejecutar mejorado" tier="3">
        <rank description="Reduce el coste de ira de tu facultad Ejecutar 2 p." lvl="1"/>
        <rank description="Reduce el coste de ira de tu facultad Ejecutar 5 p." lvl="2"/>
      </talent>
      <talent column="2" icon="spell_shadow_unholyfrenzy" key="155" name="Enfurecer" tier="3">
        <rank description="Te da un 30% de probabilidad de recibir un 2% de bonus de daño durante 12 s después de ser víctima de un ataque dañino. Este efecto no se acumula con Equipo de demolición." lvl="1"/>
        <rank description="Te da un 30% de probabilidad de recibir un 4% de bonus de daño durante 12 s después de ser víctima de un ataque dañino. Este efecto no se acumula con Equipo de demolición." lvl="2"/>
        <rank description="Te da un 30% de probabilidad de recibir un 6% de bonus de daño durante 12 s después de ser víctima de un ataque dañino. Este efecto no se acumula con Equipo de demolición." lvl="3"/>
        <rank description="Te da un 30% de probabilidad de recibir un 8% de bonus de daño durante 12 s después de ser víctima de un ataque dañino. Este efecto no se acumula con Equipo de demolición." lvl="4"/>
        <rank description="Te da un 30% de probabilidad de recibir un 10% de bonus de daño durante 12 s después de ser víctima de un ataque dañino. Este efecto no se acumula con Equipo de demolición." lvl="5"/>
      </talent>
      <talent column="0" icon="ability_marksmanship" key="1657" name="Precisión" tier="4">
        <rank description="Aumenta tu probabilidad de golpear con armas cuerpo a cuerpo un 1%." lvl="1"/>
        <rank description="Aumenta tu probabilidad de golpear con armas cuerpo a cuerpo un 2%." lvl="2"/>
        <rank description="Aumenta tu probabilidad de golpear con armas cuerpo a cuerpo un 3%." lvl="3"/>
      </talent>
      <talent column="1" icon="spell_shadow_deathpact" key="165" name="Deseo de muerte" tier="4">
        <rank description="Cuando está activo te enfureces, aumenta tu daño físico un 20% pero aumenta todo el daño recibido un 5%. Dura 30 s." lvl="1"/>
        <spell castTime="0" cooldown="180000">
          <power cost="10" type="rage"/>
        </spell>
      </talent>
      <talent column="2" icon="ability_rogue_sprint" key="1543" name="Interceptar mejorado" tier="4">
        <rank description="Reduce el tiempo de reutilización de tu facultad Interceptar 5 s." lvl="1"/>
        <rank description="Reduce el tiempo de reutilización de tu facultad Interceptar 10 s." lvl="2"/>
      </talent>
      <talent column="0" icon="spell_nature_ancestralguardian" key="1541" name="Ira rabiosa mejorada" tier="5">
        <rank description="La facultad Ira rabiosa genera 10 p. de ira al usarla." lvl="1"/>
        <rank description="La facultad Ira rabiosa genera 20 p. de ira al usarla." lvl="2"/>
      </talent>
      <talent column="2" icon="ability_ghoulfrenzy" key="156" name="Aluvión" tier="5">
        <rank description="Aumenta tu velocidad de ataque un 5% en tus 3 próximos golpes después de asestar un golpe crítico cuerpo a cuerpo." lvl="1"/>
        <rank description="Aumenta tu velocidad de ataque un 10% en tus 3 próximos golpes después de asestar un golpe crítico cuerpo a cuerpo." lvl="2"/>
        <rank description="Aumenta tu velocidad de ataque un 15% en tus 3 próximos golpes después de asestar un golpe crítico cuerpo a cuerpo." lvl="3"/>
        <rank description="Aumenta tu velocidad de ataque un 20% en tus 3 próximos golpes después de asestar un golpe crítico cuerpo a cuerpo." lvl="4"/>
        <rank description="Aumenta tu velocidad de ataque un 25% en tus 3 próximos golpes después de asestar un golpe crítico cuerpo a cuerpo." lvl="5"/>
      </talent>
      <talent column="0" icon="ability_warrior_endlessrage" key="1864" name="Intensificar ira" tier="6">
        <rank description="Reduce el tiempo de reutilización de tus facultades Ira sangrienta, Ira rabiosa, Temeridad y Deseo de muerte un 11%." lvl="1"/>
        <rank description="Reduce el tiempo de reutilización de tus facultades Ira sangrienta, Ira rabiosa, Temeridad y Deseo de muerte un 22%." lvl="2"/>
        <rank description="Reduce el tiempo de reutilización de tus facultades Ira sangrienta, Ira rabiosa, Temeridad y Deseo de muerte un 33%." lvl="3"/>
      </talent>
      <talent column="1" icon="spell_nature_bloodlust" key="167" name="Sed de sangre" requires="165" tier="6">
        <rank description="Ataca instantáneamente al objetivo infligiéndole 13 p. de daño. Además, los siguientes 3 ataques cuerpo a cuerpo que alcancen al objetivo restaurarán el 1% de salud máxima. Este efecto dura 8 s. El daño se basa en tu poder de ataque." lvl="1"/>
        <spell castTime="0" cooldown="4000" maxRange="5">
          <power cost="20" type="rage"/>
        </spell>
      </talent>
      <talent column="3" icon="ability_whirlwind" key="1655" name="Torbellino mejorado" tier="6">
        <rank description="Aumenta el daño de tu facultad Torbellino un 10%." lvl="1"/>
        <rank description="Aumenta el daño de tu facultad Torbellino un 20%." lvl="2"/>
      </talent>
      <talent column="0" icon="ability_warrior_furiousresolve" key="1865" name="Ataques furiosos" tier="7">
        <rank description="Tus ataques normales cuerpo a cuerpo tienen la posibilidad de reducir toda la sanación realizada al objetivo un 25% durante 10 s. Puede acumularse hasta 2 veces." lvl="1"/>
        <rank description="Tus ataques normales cuerpo a cuerpo tienen la posibilidad de reducir toda la sanación realizada al objetivo un 25% durante 10 s. Puede acumularse hasta 2 veces. Ocurre más a menudo que Ataques furiosos (Rango 1)." lvl="2"/>
      </talent>
      <talent column="3" icon="ability_racial_avatar" key="1658" name="Actitud rabiosa mejorada" tier="7">
        <rank description="Aumenta la fuerza un 4% y reduce la amenaza generada un 2% estando en actitud rabiosa." lvl="1"/>
        <rank description="Aumenta la fuerza un 8% y reduce la amenaza generada un 4% estando en actitud rabiosa." lvl="2"/>
        <rank description="Aumenta la fuerza un 12% y reduce la amenaza generada un 6% estando en actitud rabiosa." lvl="3"/>
        <rank description="Aumenta la fuerza un 16% y reduce la amenaza generada un 8% estando en actitud rabiosa." lvl="4"/>
        <rank description="Aumenta la fuerza un 20% y reduce la amenaza generada un 10% estando en actitud rabiosa." lvl="5"/>
      </talent>
      <talent column="0" icon="ability_heroicleap" key="1868" name="Furia heroica" tier="8">
        <rank description="Quita todos los efectos inmovilizadores y reinicia el tiempo de reutilización de tu facultad Interceptar." lvl="1"/>
        <spell castTime="0" cooldown="45000"/>
      </talent>
      <talent column="1" icon="ability_warrior_rampage" key="1659" name="Desenfreno" requires="167" tier="8">
        <rank description="Aumenta la probabilidad de golpe crítico a distancia y cuerpo a cuerpo de todos los miembros del grupo o banda en un radio de 100 m un 5%." lvl="1"/>
      </talent>
      <talent column="2" icon="ability_warrior_bloodsurge" key="1866" name="Oleada de sangre" requires="167" tier="8">
        <rank description="Tu Golpe heroico, Sed de Sangre y Torbellino tienen un 7% de probabilidad de provocar que tu siguiente Embate sea de lanzamiento instantáneo durante 5 s." lvl="1"/>
        <rank description="Tu Golpe heroico, Sed de Sangre y Torbellino tienen un 13% de probabilidad de provocar que tu siguiente Embate sea de lanzamiento instantáneo durante 5 s." lvl="2"/>
        <rank description="Tu Golpe heroico, Sed de Sangre y Torbellino tienen un 20% de probabilidad de provocar que tu siguiente Embate sea de lanzamiento instantáneo durante 5 s." lvl="3"/>
      </talent>
      <talent column="1" icon="ability_warrior_intensifyrage" key="2234" name="Furia interminable" tier="9">
        <rank description="Aumenta el daño infligido por tu Embate, Torbellino y Sed de sangre un 2%." lvl="1"/>
        <rank description="Aumenta el daño infligido por tu Embate, Torbellino y Sed de sangre un 4%." lvl="2"/>
        <rank description="Aumenta el daño infligido por tu Embate, Torbellino y Sed de sangre un 6%." lvl="3"/>
        <rank description="Aumenta el daño infligido por tu Embate, Torbellino y Sed de sangre un 8%." lvl="4"/>
        <rank description="Aumenta el daño infligido por tu Embate, Torbellino y Sed de sangre un 10%." lvl="5"/>
      </talent>
      <talent column="1" icon="ability_warrior_titansgrip" key="1867" name="Empuñadura de titán" tier="10">
        <rank description="Te permite equipar hachas, mazas y espadas de dos manos en una mano. Si equipas un arma de dos manos en una sola mano, el daño físico infligido se reduce un 10%." lvl="1"/>
      </talent>
    </tree>
    <tree bgImage="WarriorArms" icon="ability_rogue_eviscerate" key="Arms" name="Armas" order="0">
      <talent column="0" icon="ability_rogue_ambush" key="124" name="Golpe heroico mejorado" tier="0">
        <rank description="Reduce el coste de tu facultad Golpe heroico 1 p. de ira." lvl="1"/>
        <rank description="Reduce el coste de tu facultad Golpe heroico 2 p. de ira." lvl="2"/>
        <rank description="Reduce el coste de tu facultad Golpe heroico 3 p. de ira." lvl="3"/>
      </talent>
      <talent column="1" icon="ability_parry" key="130" name="Desvío" tier="0">
        <rank description="Aumenta tu probabilidad de parar un 1%." lvl="1"/>
        <rank description="Aumenta tu probabilidad de parar un 2%." lvl="2"/>
        <rank description="Aumenta tu probabilidad de parar un 3%." lvl="3"/>
        <rank description="Aumenta tu probabilidad de parar un 4%." lvl="4"/>
        <rank description="Aumenta tu probabilidad de parar un 5%." lvl="5"/>
      </talent>
      <talent column="2" icon="ability_gouge" key="127" name="Desgarrar mejorado" tier="0">
        <rank description="Aumenta el daño por sangrado de tu facultad Desgarrar un 10%." lvl="1"/>
        <rank description="Aumenta el daño por sangrado de tu facultad Desgarrar un 20%." lvl="2"/>
      </talent>
      <talent column="0" icon="ability_warrior_charge" key="126" name="Cargar mejorado" tier="1">
        <rank description="Aumenta la ira generada por tu facultad Cargar 5 p." lvl="1"/>
        <rank description="Aumenta la ira generada por tu facultad Cargar 10 p." lvl="2"/>
      </talent>
      <talent column="1" icon="spell_magic_magearmor" key="641" name="Voluntad de hierro" tier="1">
        <rank description="Reduce la duración de todos los efectos de Aturdir y de Embelesamiento que se usen contra ti un 7%." lvl="1"/>
        <rank description="Reduce la duración de todos los efectos de Aturdir y de Embelesamiento que se usen contra ti un 14%." lvl="2"/>
        <rank description="Reduce la duración de todos los efectos de Aturdir y de Embelesamiento que se usen contra ti un 20%." lvl="3"/>
      </talent>
      <talent column="2" icon="spell_nature_enchantarmor" key="128" name="Maestría táctica" tier="1">
        <rank description="Retienes hasta 5 p. de ira extra cuando cambias de actitud. También aumenta mucho la amenaza generada por tus facultades Sed de sangre y Golpe mortal cuando estás en actitud defensiva." lvl="1"/>
        <rank description="Retienes hasta 10 p. de ira extra cuando cambias de actitud. También aumenta mucho la amenaza generada por tus facultades Sed de sangre y Golpe mortal cuando estás en actitud defensiva (más eficaz que el Rango 1)." lvl="2"/>
        <rank description="Retienes hasta 15 p. de ira extra cuando cambias de actitud. También aumenta mucho la amenaza generada por tus facultades Sed de sangre y Golpe mortal cuando estás en actitud defensiva (más eficaz que el Rango 2)." lvl="3"/>
      </talent>
      <talent column="0" icon="inv_sword_05" key="131" name="Abrumar mejorado" tier="2">
        <rank description="Aumenta un 25% la probabilidad de golpe crítico de tu facultad Abrumar." lvl="1"/>
        <rank description="Aumenta un 50% la probabilidad de golpe crítico de tu facultad Abrumar." lvl="2"/>
      </talent>
      <talent column="1" icon="spell_holy_blessingofstamina" key="137" name="Control de inquina" tier="2">
        <rank description="Genera 1 p. de ira cada 3 s." lvl="1"/>
      </talent>
      <talent column="2" icon="ability_searingarrow" key="662" name="Empalar" tier="2">
        <rank description="Aumenta un 10% el bonus de daño por golpe crítico de tus facultades." lvl="1"/>
        <rank description="Aumenta un 20% el bonus de daño por golpe crítico de tus facultades." lvl="2"/>
      </talent>
      <talent column="3" icon="ability_backstab" key="121" name="Heridas profundas" requires="662" tier="2">
        <rank description="Tus golpes críticos hacen sangrar al enemigo e infligen un 16% de tu daño medio de arma cuerpo a cuerpo durante 6 s." lvl="1"/>
        <rank description="Tus golpes críticos hacen sangrar al enemigo e infligen un 32% de tu daño medio de arma cuerpo a cuerpo durante 6 s." lvl="2"/>
        <rank description="Tus golpes críticos hacen sangrar al enemigo e infligen un 48% de tu daño medio de arma cuerpo a cuerpo durante 6 s." lvl="3"/>
      </talent>
      <talent column="1" icon="inv_axe_09" key="136" name="Especialización en armas de dos manos" tier="3">
        <rank description="Aumenta un 2% el daño infligido con las armas cuerpo a cuerpo de dos manos." lvl="1"/>
        <rank description="Aumenta un 4% el daño infligido con las armas cuerpo a cuerpo de dos manos." lvl="2"/>
        <rank description="Aumenta un 6% el daño infligido con las armas cuerpo a cuerpo de dos manos." lvl="3"/>
      </talent>
      <talent column="2" icon="ability_rogue_hungerforblood" key="2232" name="Gusto por la sangre" tier="3">
        <rank description="Cada vez que tu facultad Desgarrar inflige daño, tienes un 33% de probabilidad de permitir el uso de tu facultad Abrumar durante 9 s. 1 carga. Este efecto no podrá ocurrir más de una vez cada 6 s." lvl="1"/>
        <rank description="Cada vez que tu facultad Desgarrar inflige daño, tienes un 66% de probabilidad de permitir el uso de tu facultad Abrumar durante 9 s. 1 carga. Este efecto no podrá ocurrir más de una vez cada 6 s." lvl="2"/>
        <rank description="Cada vez que tu facultad Desgarrar inflige daño, tienes un 100% de probabilidad de permitir el uso de tu facultad Abrumar durante 9 s. 1 carga. Este efecto no podrá ocurrir más de una vez cada 6 s." lvl="3"/>
      </talent>
      <talent column="0" icon="inv_axe_06" key="132" name="Especialización en hachas y armas de asta" tier="4">
        <rank description="Aumenta la probabilidad de que consigas asestar un golpe crítico y el daño crítico infligido con hachas y armas de asta un 1%." lvl="1"/>
        <rank description="Aumenta la probabilidad de que consigas asestar un golpe crítico y el daño crítico infligido con hachas y armas de asta un 2%." lvl="2"/>
        <rank description="Aumenta la probabilidad de que consigas asestar un golpe crítico y el daño crítico infligido con hachas y armas de asta un 3%." lvl="3"/>
        <rank description="Aumenta la probabilidad de que consigas asestar un golpe crítico y el daño crítico infligido con hachas y armas de asta un 4%." lvl="4"/>
        <rank description="Aumenta la probabilidad de que consigas asestar un golpe crítico y el daño crítico infligido con hachas y armas de asta un 5%." lvl="5"/>
      </talent>
      <talent column="1" icon="ability_rogue_slicedice" key="133" name="Golpes de barrido" tier="4">
        <rank description="Tus próximos 5 ataques cuerpo a cuerpo golpean a un oponente cercano adicional." lvl="1"/>
        <spell castTime="0" cooldown="30000">
          <power cost="30" type="rage"/>
        </spell>
      </talent>
      <talent column="2" icon="inv_mace_01" key="125" name="Especialización en mazas" tier="4">
        <rank description="Tus ataques con mazas ignoran hasta el 3% de la armadura de tu oponente." lvl="1"/>
        <rank description="Tus ataques con mazas ignoran hasta el 6% de la armadura de tu oponente." lvl="2"/>
        <rank description="Tus ataques con mazas ignoran hasta el 9% de la armadura de tu oponente." lvl="3"/>
        <rank description="Tus ataques con mazas ignoran hasta el 12% de la armadura de tu oponente." lvl="4"/>
        <rank description="Tus ataques con mazas ignoran hasta el 15% de la armadura de tu oponente." lvl="5"/>
      </talent>
      <talent column="3" icon="inv_sword_27" key="123" name="Especialización en espadas" tier="4">
        <rank description="Te da un 2% de probabilidad de conseguir un ataque extra sobre el mismo objetivo después de infligirle daño con tu espada. Este efecto no puede tener lugar más de una vez cada 6 s." lvl="1"/>
        <rank description="Te da un 4% de probabilidad de conseguir un ataque extra sobre el mismo objetivo después de infligirle daño con tu espada. Este efecto no puede tener lugar más de una vez cada 6 s." lvl="2"/>
        <rank description="Te da un 6% de probabilidad de conseguir un ataque extra sobre el mismo objetivo después de infligirle daño con tu espada. Este efecto no puede tener lugar más de una vez cada 6 s." lvl="3"/>
        <rank description="Te da un 8% de probabilidad de conseguir un ataque extra sobre el mismo objetivo después de infligirle daño con tu espada. Este efecto no puede tener lugar más de una vez cada 6 s." lvl="4"/>
        <rank description="Te da un 10% de probabilidad de conseguir un ataque extra sobre el mismo objetivo después de infligirle daño con tu espada. Este efecto no puede tener lugar más de una vez cada 6 s." lvl="5"/>
      </talent>
      <talent column="0" icon="ability_warrior_weaponmastery" key="134" name="Maestría en armas" tier="5">
        <rank description="Reduce la posibilidad de que tus ataques sean esquivados un 1% y reduce la duración de todos los efectos de Desarmar que se usan contra ti un 25%. No se acumula con otros efectos de reducción de duración de Desarmar." lvl="1"/>
        <rank description="Reduce la posibilidad de que tus ataques sean esquivados un 2% y reduce la duración de todos los efectos de Desarmar que se usan contra ti un 50%. No se acumula con otros efectos de reducción de duración de Desarmar." lvl="2"/>
      </talent>
      <talent column="2" icon="ability_shockwave" key="129" name="Seccionar mejorado" tier="5">
        <rank description="Da a tu facultad Seccionar un 5% de probabilidad de inmovilizar el objetivo durante 5 s." lvl="1"/>
        <rank description="Da a tu facultad Seccionar un 10% de probabilidad de inmovilizar el objetivo durante 5 s." lvl="2"/>
        <rank description="Da a tu facultad Seccionar un 15% de probabilidad de inmovilizar el objetivo durante 5 s." lvl="3"/>
      </talent>
      <talent column="3" icon="ability_warrior_bloodnova" key="1859" name="Trauma" tier="5">
        <rank description="Tus golpes críticos cuerpo a cuerpo aumentan la eficacia de los efectos de sangrado sobre el objetivo un 15% durante 1 min." lvl="1"/>
        <rank description="Tus golpes críticos cuerpo a cuerpo aumentan la eficacia de los efectos de sangrado sobre el objetivo un 30% durante 1 min." lvl="2"/>
      </talent>
      <talent column="0" icon="ability_hunter_harass" key="1663" name="Segundo aliento" tier="6">
        <rank description="Cada vez que recibes un golpe con un efecto de aturdimiento o inmovilizador, generas 10 p. de ira y un 5% de tu salud total durante 10 s." lvl="1"/>
        <rank description="Cada vez que recibes un golpe con un efecto de aturdimiento o inmovilizador, generas 20 p. de ira y un 10% de tu salud total durante 10 s." lvl="2"/>
      </talent>
      <talent column="1" icon="ability_warrior_savageblow" key="135" name="Golpe mortal" requires="133" tier="6">
        <rank description="Un golpe sanguinario que inflige daño con arma más 85 p. y hiere al objetivo, lo que reduce la eficacia de cualquier sanación un 50% durante 10 s." lvl="1"/>
        <spell castTime="0" cooldown="6000" maxRange="5">
          <power cost="30" type="rage"/>
        </spell>
      </talent>
      <talent column="2" icon="ability_warrior_offensivestance" key="1862" name="Fuerza de armas" tier="6">
        <rank description="Aumenta tu fuerza y aguante totales un 2% y tu pericia 2 p." lvl="1"/>
        <rank description="Aumenta tu fuerza y aguante totales un 4% y tu pericia 4 p." lvl="2"/>
      </talent>
      <talent column="3" icon="ability_warrior_decisivestrike" key="2233" name="Embate mejorado" tier="6">
        <rank description="Reduce el tiempo de golpe de tu facultad Embate 0.5 s." lvl="1"/>
        <rank description="Reduce el tiempo de golpe de tu facultad Embate 1 s." lvl="2"/>
      </talent>
      <talent column="0" icon="ability_warrior_bullrush" key="2283" name="Fuerza irresistible" tier="7">
        <rank description="Tu facultad Cargar ahora se puede usar en combate, pero el tiempo de reutilización de Cargar aumenta 5 s. Tras Cargar, tus próximos Embate o Golpe mortal tienen un 25% extra de probabilidad de infligir un golpe crítico si se usan en 10 s." lvl="1"/>
      </talent>
      <talent column="1" icon="ability_warrior_savageblow" key="1824" name="Golpe mortal mejorado" requires="135" tier="7">
        <rank description="Aumenta el daño infligido por tu facultad Golpe mortal un 3% y reduce el tiempo de reutilización 0.3 s." lvl="1"/>
        <rank description="Aumenta el daño infligido por tu facultad Golpe mortal un 6% y reduce el tiempo de reutilización 0.7 s." lvl="2"/>
        <rank description="Aumenta el daño infligido por tu facultad Golpe mortal un 10% y reduce el tiempo de reutilización 1 s." lvl="3"/>
      </talent>
      <talent column="2" icon="ability_warrior_unrelentingassault" key="1860" name="Asalto inexorable" tier="7">
        <rank description="Reduce el tiempo de reutilización de tus facultades Abrumar y Revancha 2 s y aumenta el daño infligido por ambas facultades un 10%. Además, si golpeas a un jugador con Abrumar mientras está lanzando algún hechizo, su daño mágico y su sanación se reducirán un 25% durante 6 s." lvl="1"/>
        <rank description="Reduce el tiempo de reutilización de tus facultades Abrumar y Revancha 4 s y aumenta el daño infligido por ambas facultades un 20%. Además, si golpeas a un jugador con Abrumar mientras está lanzando algún hechizo, su daño mágico y su sanación se reducirán un 50% durante 6 s." lvl="2"/>
      </talent>
      <talent column="0" icon="ability_warrior_improveddisciplines" key="1662" name="Muerte súbita" tier="8">
        <rank description="Tus golpes cuerpo a cuerpo tienen un 3% de probabilidad de permitir el uso de Ejecutar sin importar el estado de salud del objetivo. Además, conservas al menos 3 p. de ira tras usar Ejecutar." lvl="1"/>
        <rank description="Tus golpes cuerpo a cuerpo tienen un 6% de probabilidad de permitir el uso de Ejecutar sin importar el estado de salud del objetivo. Además, conservas al menos 7 p. de ira tras usar Ejecutar." lvl="2"/>
        <rank description="Tus golpes cuerpo a cuerpo tienen un 9% de probabilidad de permitir el uso de Ejecutar sin importar el estado de salud del objetivo. Además, conservas al menos 10 p. de ira tras usar Ejecutar." lvl="3"/>
      </talent>
      <talent column="1" icon="ability_warrior_endlessrage" key="1661" name="Ira interminable" tier="8">
        <rank description="Generas un 25% más de ira del daño infligido." lvl="1"/>
      </talent>
      <talent column="2" icon="ability_warrior_bloodfrenzy" key="1664" name="Frenesí sangriento" tier="8">
        <rank description="Aumenta tu velocidad de ataque cuerpo a cuerpo un 5%. Además, tus facultades Desgarrar y Heridas profundas también aumentan todo el daño físico recibido por ese objetivo un 2%." lvl="1"/>
        <rank description="Aumenta tu velocidad de ataque cuerpo a cuerpo un 10%. Además, tus facultades Desgarrar y Heridas profundas también aumentan todo el daño físico recibido por ese objetivo un 4%." lvl="2"/>
      </talent>
      <talent column="1" icon="ability_warrior_trauma" key="2231" name="Equipo de demolición" tier="9">
        <rank description="Tus golpes críticos cuerpo a cuerpo te enfurecen y aumentan todo el daño que infliges un 2% durante 12 s. Este efecto no se acumula con Enfurecer." lvl="1"/>
        <rank description="Tus golpes críticos cuerpo a cuerpo te enfurecen y aumentan todo el daño que infliges un 4% durante 12 s. Este efecto no se acumula con Enfurecer." lvl="2"/>
        <rank description="Tus golpes críticos cuerpo a cuerpo te enfurecen y aumentan todo el daño que infliges un 6% durante 12 s. Este efecto no se acumula con Enfurecer." lvl="3"/>
        <rank description="Tus golpes críticos cuerpo a cuerpo te enfurecen y aumentan todo el daño que infliges un 8% durante 12 s. Este efecto no se acumula con Enfurecer." lvl="4"/>
        <rank description="Tus golpes críticos cuerpo a cuerpo te enfurecen y aumentan todo el daño que infliges un 10% durante 12 s. Este efecto no se acumula con Enfurecer." lvl="5"/>
      </talent>
      <talent column="1" icon="ability_warrior_bladestorm" key="1863" name="Filotormenta" tier="10">
        <rank description="Lanza un Torbellino instantáneamente hasta a 4 objetivos cercanos y durante los siguientes 6 s realizarás un ataque con Torbellino cada 1 s. Mientras estés bajo los efectos de Filotormenta te podrás mover pero no ejecutar ninguna facultad, sentir piedad, remordimiento o miedo y no podrán detenerte a no ser que te maten." lvl="1"/>
        <spell castTime="0" cooldown="90000">
          <power cost="25" type="rage"/>
        </spell>
      </talent>
    </tree>
    <tree bgImage="WarriorProtection" icon="inv_shield_06" key="Protection" name="Protección" order="2">
      <talent column="0" icon="ability_racial_bloodrage" key="142" name="Ira sangrienta mejorada" tier="0">
        <rank description="Aumenta la ira generada por tu Ira sangrienta un 25%." lvl="1"/>
        <rank description="Aumenta la ira generada por tu Ira sangrienta un 50%." lvl="2"/>
      </talent>
      <talent column="1" icon="inv_shield_06" key="1601" name="Especialización en escudos" tier="0">
        <rank description="Aumenta la probabilidad de bloquear ataques con un escudo un 1% y tiene una probabilidad del 20% de generar 5 p. de ira cuando se bloquea, esquiva o para." lvl="1"/>
        <rank description="Aumenta la probabilidad de bloquear ataques con un escudo un 2% y tiene una probabilidad del 40% de generar 5 p. de ira cuando se bloquea, esquiva o para." lvl="2"/>
        <rank description="Aumenta la probabilidad de bloquear ataques con un escudo un 3% y tiene una probabilidad del 60% de generar 5 p. de ira cuando se bloquea, esquiva o para." lvl="3"/>
        <rank description="Aumenta la probabilidad de bloquear ataques con un escudo un 4% y tiene una probabilidad del 80% de generar 5 p. de ira cuando se bloquea, esquiva o para." lvl="4"/>
        <rank description="Aumenta la probabilidad de bloquear ataques con un escudo un 5% y tiene una probabilidad del 100% de generar 5 p. de ira cuando se bloquea, esquiva o para." lvl="5"/>
      </talent>
      <talent column="2" icon="ability_thunderclap" key="141" name="Atronar mejorado" tier="0">
        <rank description="Reduce el coste de tu facultad Atronar 1 p. de ira, aumenta el daño un 10%, y el efecto de ralentización un 4% extra." lvl="1"/>
        <rank description="Reduce el coste de tu facultad Atronar 2 p. de ira, aumenta el daño un 20%, y el efecto de ralentización un 7% extra." lvl="2"/>
        <rank description="Reduce el coste de tu facultad Atronar 4 p. de ira, aumenta el daño un 30%, y el efecto de ralentización un 10% extra." lvl="3"/>
      </talent>
      <talent column="1" icon="ability_warrior_incite" key="144" name="Incitar" tier="1">
        <rank description="Aumenta la probabilidad de golpe crítico de tus facultades Golpe heroico, Atronar y Rajar un 5%." lvl="1"/>
        <rank description="Aumenta la probabilidad de golpe crítico de tus facultades Golpe heroico, Atronar y Rajar un 10%." lvl="2"/>
        <rank description="Aumenta la probabilidad de golpe crítico de tus facultades Golpe heroico, Atronar y Rajar un 15%." lvl="3"/>
      </talent>
      <talent column="2" icon="spell_nature_mirrorimage" key="138" name="Anticipación" tier="1">
        <rank description="Aumenta la probabilidad de esquivar un 1%." lvl="1"/>
        <rank description="Aumenta la probabilidad de esquivar un 2%." lvl="2"/>
        <rank description="Aumenta la probabilidad de esquivar un 3%." lvl="3"/>
        <rank description="Aumenta la probabilidad de esquivar un 4%." lvl="4"/>
        <rank description="Aumenta la probabilidad de esquivar un 5%." lvl="5"/>
      </talent>
      <talent column="0" icon="spell_holy_ashestoashes" key="153" name="Última carga" tier="2">
        <rank description="Cuando se activa, esta facultad otorga temporalmente el 30% de tu salud máxima durante 20 s. Perderás la salud cuando se acabe el efecto." lvl="1"/>
      </talent>
      <talent column="1" icon="ability_warrior_revenge" key="147" name="Revancha mejorada" tier="2">
        <rank description="Aumenta el daño infligido por tu facultad Revancha un 30% y hace que Revancha inflija un 50% a un objetivo adicional." lvl="1"/>
        <rank description="Aumenta el daño infligido por tu facultad Revancha un 60% y hace que Revancha golpee a un objetivo adicional." lvl="2"/>
      </talent>
      <talent column="2" icon="ability_warrior_shieldmastery" key="1654" name="Maestría con escudos" tier="2">
        <rank description="Aumenta tu valor de bloqueo un 15% y reduce el tiempo de reutilización de tu facultad Bloquear con escudo 10 s." lvl="1"/>
        <rank description="Aumenta tu valor de bloqueo un 30% y reduce el tiempo de reutilización de tu facultad Bloquear con escudo 20 s." lvl="2"/>
      </talent>
      <talent column="3" icon="spell_holy_devotion" key="140" name="Consistencia" tier="2">
        <rank description="Aumenta tu valor de armadura de objetos un 2% y reduce la duración de todos los efectos de ralentización de movimiento un 6%." lvl="1"/>
        <rank description="Aumenta tu valor de armadura de objetos un 4% y reduce la duración de todos los efectos de ralentización de movimiento un 12%." lvl="2"/>
        <rank description="Aumenta tu valor de armadura de objetos un 6% y reduce la duración de todos los efectos de ralentización de movimiento un 18%." lvl="3"/>
        <rank description="Aumenta tu valor de armadura de objetos un 8% y reduce la duración de todos los efectos de ralentización de movimiento un 24%." lvl="4"/>
        <rank description="Aumenta tu valor de armadura de objetos un 10% y reduce la duración de todos los efectos de ralentización de movimiento un 30%." lvl="5"/>
      </talent>
      <talent column="0" icon="ability_warrior_shieldreflection" key="2247" name="Reflejo de hechizos mejorado" tier="3">
        <rank description="Reduce un 2% la probabilidad de que te alcancen con hechizos, y cuando la facultad se use reflejará el primer hechizo lanzado contra los 2 miembros del grupo más cercanos en un radio de 20 m." lvl="1"/>
        <rank description="Reduce un 4% la probabilidad de que te alcancen con hechizos, y cuando la facultad se use reflejará el primer hechizo lanzado contra los 4 miembros del grupo más cercanos en un radio de 20 m." lvl="2"/>
      </talent>
      <talent column="1" icon="ability_warrior_disarm" key="151" name="Desarmar mejorado" tier="3">
        <rank description="Reduce el tiempo de reutilización de tu facultad Desarmar 10 s y provoca que el objetivo reciba un 5% de daño extra mientras está desarmado." lvl="1"/>
        <rank description="Reduce el tiempo de reutilización de tu facultad Desarmar 20 s y provoca que el objetivo reciba un 10% de daño extra mientras está desarmado." lvl="2"/>
      </talent>
      <talent column="2" icon="ability_warrior_sunder" key="146" name="Pinchar" tier="3">
        <rank description="Reduce el coste de tus facultades Hender armadura y Devastar 1 p. de ira." lvl="1"/>
        <rank description="Reduce el coste de tus facultades Hender armadura y Devastar 2 p. de ira." lvl="2"/>
        <rank description="Reduce el coste de tus facultades Hender armadura y Devastar 3 p. de ira." lvl="3"/>
      </talent>
      <talent column="0" icon="ability_warrior_shieldwall" key="150" name="Disciplinas mejoradas" tier="4">
        <rank description="Reduce el tiempo de reutilización de tus facultades Muro de escudo, Represalias y Temeridad 30 s." lvl="1"/>
        <rank description="Reduce el tiempo de reutilización de tus facultades Muro de escudo, Represalias y Temeridad 60 s." lvl="2"/>
      </talent>
      <talent column="1" icon="ability_thunderbolt" key="152" name="Arremetida de conmoción" tier="4">
        <rank description="Aturde al enemigo durante 5 s y le inflige 10 p. de daño en base al poder de ataque." lvl="1"/>
        <spell castTime="0" cooldown="30000" maxRange="5">
          <power cost="15" type="rage"/>
        </spell>
      </talent>
      <talent column="2" icon="ability_warrior_shieldbash" key="149" name="Orden de mordaza" tier="4">
        <rank description="Da a tus facultades Azote de escudo y Lanzamiento heroico un 50% de probabilidad de silenciar al objetivo durante 3 s y aumenta el daño de tu facultad Embate con escudo un 5%." lvl="1"/>
        <rank description="Da a tus facultades Azote de escudo y Lanzamiento heroico un 100% de probabilidad de silenciar al objetivo durante 3 s y aumenta el daño de tu facultad Embate con escudo un 10%." lvl="2"/>
      </talent>
      <talent column="2" icon="inv_sword_20" key="702" name="Especialización en armas de una mano" tier="5">
        <rank description="Aumenta un 2% el daño que infliges cuando llevas un arma cuerpo a cuerpo de una mano equipada." lvl="1"/>
        <rank description="Aumenta un 4% el daño que infliges cuando llevas un arma cuerpo a cuerpo de una mano equipada." lvl="2"/>
        <rank description="Aumenta un 6% el daño que infliges cuando llevas un arma cuerpo a cuerpo de una mano equipada." lvl="3"/>
        <rank description="Aumenta un 8% el daño que infliges cuando llevas un arma cuerpo a cuerpo de una mano equipada." lvl="4"/>
        <rank description="Aumenta un 10% el daño que infliges cuando llevas un arma cuerpo a cuerpo de una mano equipada." lvl="5"/>
      </talent>
      <talent column="0" icon="ability_warrior_defensivestance" key="1652" name="Actitud defensiva mejorada" tier="6">
        <rank description="Mientras estás en actitud defensiva, todo el daño con hechizos se reduce un 3% y cuando bloqueas, paras o esquivas un ataque tienes un 50% de probabilidad de enfurecerte, lo que aumenta el daño físico infligido un 5% durante 12 s." lvl="1"/>
        <rank description="Mientras estás en actitud defensiva, todo el daño con hechizos se reduce un 6% y cuando bloqueas, paras o esquivas un ataque tienes un 100% de probabilidad de enfurecerte, lo que aumenta el daño físico infligido un 10% durante 12 s." lvl="2"/>
      </talent>
      <talent column="1" icon="ability_warrior_vigilance" key="148" name="Vigilancia" requires="152" tier="6">
        <rank description="Enfoca tu mirada protectora en un objetivo de grupo o banda, reduciendo un 3% el daño que recibe el objetivo y transfiriéndote un -10% de la amenaza que genera. Además, cada vez que recibe un impacto de un ataque tu tiempo de reutilización de Provocar se reinicia. Dura 30 min. Este efecto solo puede estar activo sobre un objetivo cada vez." lvl="1"/>
        <spell castTime="0" maxRange="30"/>
      </talent>
      <talent column="2" icon="ability_warrior_focusedrage" key="1660" name="Ira enfocada" tier="6">
        <rank description="Reduce el coste de ira de tus facultades ofensivas 1 p." lvl="1"/>
        <rank description="Reduce el coste de ira de tus facultades ofensivas 2 p." lvl="2"/>
        <rank description="Reduce el coste de ira de tus facultades ofensivas 3 p." lvl="3"/>
      </talent>
      <talent column="1" icon="inv_helmet_21" key="1653" name="Vitalidad" tier="7">
        <rank description="Aumenta tu fuerza total un 2%, tu aguante total un 3% y tu pericia un 2 p." lvl="1"/>
        <rank description="Aumenta tu fuerza total un 4%, tu aguante total un 6% y tu pericia un 4 p." lvl="2"/>
        <rank description="Aumenta tu fuerza total un 6%, tu aguante total un 9% y tu pericia un 6 p." lvl="3"/>
      </talent>
      <talent column="2" icon="ability_warrior_safeguard" key="1870" name="Salvaguarda" tier="7">
        <rank description="Reduce el daño recibido por el objetivo de tu facultad Intervenir un 15% durante 6 s." lvl="1"/>
        <rank description="Reduce el daño recibido por el objetivo de tu facultad Intervenir un 30% durante 6 s." lvl="2"/>
      </talent>
      <talent column="0" icon="ability_warrior_warbringer" key="2236" name="Belisario" tier="8">
        <rank description="Tus facultades Cargar, Interceptar e Intervenir ahora se pueden usar en combate y en cualquier actitud. Además, tu  facultad Intervenir eliminará todos los efectos de reducción de movimiento." lvl="1"/>
      </talent>
      <talent column="1" icon="inv_sword_11" key="1666" name="Devastar" tier="8">
        <rank description="Hiende la armadura del objetivo causando el efecto de Hender armadura. Además inflige un 120% de daño con arma más 58 p. en cada aplicación de Hender armadura sobre el objetivo. El efecto de Hender armadura se puede apilar hasta 5 veces." lvl="1"/>
        <spell castTime="0" maxRange="5">
          <power cost="15" type="rage"/>
        </spell>
      </talent>
      <talent column="2" icon="ability_warrior_criticalblock" key="1893" name="Bloqueo crítico" tier="8">
        <rank description="Tus bloqueos realizados tienen un 20% de probabilidad de bloquear el doble de daño de la cantidad normal y aumentan tu probabilidad de asestar un golpe crítico con tu facultad Embate con escudo un 5% extra." lvl="1"/>
        <rank description="Tus bloqueos realizados tienen un 40% de probabilidad de bloquear el doble de daño de la cantidad normal y aumentan tu probabilidad de asestar un golpe crítico con tu facultad Embate con escudo un 10% extra." lvl="2"/>
        <rank description="Tus bloqueos realizados tienen un 60% de probabilidad de bloquear el doble de daño de la cantidad normal y aumentan tu probabilidad de asestar un golpe crítico con tu facultad Embate con escudo un 15% extra." lvl="3"/>
      </talent>
      <talent column="1" icon="ability_warrior_swordandboard" key="1871" name="Escudo y espada" requires="1666" tier="9">
        <rank description="Aumenta la probabilidad de golpe crítico de tu facultad Devastar un 5% y cuando tu facultad Devastar o Revancha inflige daño, tiene un 10% de probabilidad de reiniciar el tiempo de reutilización de Embate con escudo y reducir su coste un 100% durante 5 s." lvl="1"/>
        <rank description="Aumenta la probabilidad de golpe crítico de tu facultad Devastar un 10% y cuando tu facultad Devastar o Revancha inflige daño, tiene un 20% de probabilidad de reiniciar el tiempo de reutilización de Embate con escudo y reducir su coste un 100% durante 5 s." lvl="2"/>
        <rank description="Aumenta la probabilidad de golpe crítico de tu facultad Devastar un 15% y cuando tu facultad Devastar o Revancha inflige daño, tiene un 30% de probabilidad de reiniciar el tiempo de reutilización de Embate con escudo y reducir su coste un 100% durante 5 s." lvl="3"/>
      </talent>
      <talent column="2" icon="inv_shield_31" key="2246" name="Escudo de daño" tier="9">
        <rank description="Cuando recibes daño de un ataque cuerpo a cuerpo, o cuando lo bloqueas, causas daño igual al 10% de tu valor de bloqueo." lvl="1"/>
        <rank description="Cuando recibes daño de un ataque cuerpo a cuerpo, o cuando lo bloqueas, causas daño igual al 20% de tu valor de bloqueo." lvl="2"/>
      </talent>
      <talent column="1" icon="ability_warrior_shockwave" key="1872" name="Ola de choque" tier="10">
        <rank description="Envía una ola de fuerza frente al guerrero, que inflige 20 p. de daño (basado en el poder de ataque) y aturde a todos los objetivos enemigos que se encuentren en un radio de 10 m en un cono frontal durante 4 s." lvl="1"/>
        <spell castTime="0" cooldown="20000">
          <power cost="15" type="rage"/>
        </spell>
      </talent>
    </tree>
  </talentTrees>
</page>
