<?xml version="1.0" encoding="UTF-8"?><page globalSearch="1" lang="ru_ru" requestUrl="/talent-tree.xml">
  <talentTrees>
    <tree bgImage="PaladinCombat" icon="spell_holy_auraoflight" key="Retribution" name="Воздаяние" order="2">
      <talent column="1" icon="ability_parry" key="1403" name="Отражение" tier="0">
        <rank description="Повышает вероятность парирования атак на 1%." lvl="1"/>
        <rank description="Повышает вероятность парирования атак на 2%." lvl="2"/>
        <rank description="Повышает вероятность парирования атак на 3%." lvl="3"/>
        <rank description="Повышает вероятность парирования атак на 4%." lvl="4"/>
        <rank description="Повышает вероятность парирования атак на 5%." lvl="5"/>
      </talent>
      <talent column="2" icon="spell_frost_windwalkon" key="1407" name="Благодарение" tier="0">
        <rank description="Снижает затраты маны на мгновенные заклинания на 2%." lvl="1"/>
        <rank description="Снижает затраты маны на мгновенные заклинания на 4%." lvl="2"/>
        <rank description="Снижает затраты маны на мгновенные заклинания на 6%." lvl="3"/>
        <rank description="Снижает затраты маны на мгновенные заклинания на 8%." lvl="4"/>
        <rank description="Снижает затраты маны на мгновенные заклинания на 10%." lvl="5"/>
      </talent>
      <talent column="0" icon="spell_holy_righteousfury" key="1631" name="Беспристрастное правосудие" tier="1">
        <rank description="Сокращает время восстановления заклинаний категории &quot;Правосудие&quot; на 1 с." lvl="1"/>
        <rank description="Сокращает время восстановления заклинаний категории &quot;Правосудие&quot; на 2 с." lvl="2"/>
      </talent>
      <talent column="1" icon="spell_holy_holysmite" key="1464" name="Сердце рыцаря" tier="1">
        <rank description="В дополнение к обычному эффекту ваши заклинания категории &quot;Правосудие&quot; повышают вероятность того, что цели заклинания будет нанесен критический удар, на 1%." lvl="1"/>
        <rank description="В дополнение к обычному эффекту ваши заклинания категории &quot;Правосудие&quot; повышают вероятность того, что цели заклинания будет нанесен критический удар, на 2%." lvl="2"/>
        <rank description="В дополнение к обычному эффекту ваши заклинания категории &quot;Правосудие&quot; повышают вероятность того, что цели заклинания будет нанесен критический удар, на 3%." lvl="3"/>
      </talent>
      <talent column="2" icon="spell_holy_fistofjustice" key="1401" name="Улучшенное благословение могущества" tier="1">
        <rank description="Увеличивает бонус к силе атаки от заклинания &quot;Благословение могущества&quot; на 12%." lvl="1"/>
        <rank description="Увеличивает бонус к силе атаки от заклинания &quot;Благословение могущества&quot; на 25%." lvl="2"/>
      </talent>
      <talent column="0" icon="spell_holy_vindication" key="1633" name="Оправдание" tier="2">
        <rank description="Успешные атаки ближнего боя паладина могут уменьшить силу атаки цели на 23 на 10 сек." lvl="1"/>
        <rank description="Все наносящие урон атаки паладина могут понизить силу атаки противника на 46 на 10 сек." lvl="2"/>
      </talent>
      <talent column="1" icon="spell_holy_retributionaura" key="1411" name="Приговор" tier="2">
        <rank description="Повышает вероятность критического эффекта всех заклинаний и атак на 1%." lvl="1"/>
        <rank description="Повышает вероятность критического эффекта всех заклинаний и атак на 2%." lvl="2"/>
        <rank description="Повышает вероятность критического эффекта всех заклинаний и атак на 3%." lvl="3"/>
        <rank description="Повышает вероятность критического эффекта всех заклинаний и атак на 4%." lvl="4"/>
        <rank description="Повышает вероятность критического эффекта всех заклинаний и атак на 5%." lvl="5"/>
      </talent>
      <talent column="2" icon="ability_warrior_innerrage" key="1481" name="Печать повиновения" tier="2">
        <rank description="Все атаки ближнего боя наносят дополнительно от 1 до 2 ед. урона от светлой магии. При использовании совместно с заклинанием или способностью, наносящей урон по одиночной цели, наносит дополнительный урон от светлой магии еще по двум целям. Длительность – 30 мин.&lt;br/&gt;&lt;br/&gt;Высвободив энергию печати, вы моментально наносите противнику от 3 до 3 ед. урона от светлой магии." lvl="1"/>
        <spell castTime="0">
          <power cost="14" type="mana"/>
        </spell>
      </talent>
      <talent column="3" icon="spell_holy_persuitofjustice" key="1634" name="Погоня за справедливостью" tier="2">
        <rank description="Сокращает время действия обезоруживающих эффектов на вас на 25% и повышает скорость передвижения пешком и верхом на 8%. Эффект не суммируется с другими, влияющими на скорость передвижения." lvl="1"/>
        <rank description="Сокращает время действия обезоруживающих эффектов на вас на 50% и повышает скорость передвижения пешком и верхом на 15%. Эффект не суммируется с другими, влияющими на скорость передвижения." lvl="2"/>
      </talent>
      <talent column="0" icon="spell_holy_eyeforaneye" key="1632" name="Око за око" tier="3">
        <rank description="Наносит атакующему 5% полученного от критических ударов урона. Урон, наносимый способностью &quot;Око за око&quot; не может превышать 50% максимального запаса здоровья паладина." lvl="1"/>
        <rank description="Наносит атакующему 10% полученного от критических ударов урона. Урон, наносимый способностью &quot;Око за око&quot; не может превышать 50% максимального запаса здоровья паладина." lvl="2"/>
      </talent>
      <talent column="2" icon="spell_holy_holysmite" key="1761" name="Освящение печатей" tier="3">
        <rank description="Повышает вероятность критического эффекта всех заклинаний и атак на 1%. Увеличивает урон от заклинаний &quot;Экзорцизм&quot; и &quot;Удар воина Света&quot; на 5%." lvl="1"/>
        <rank description="Повышает вероятность критического эффекта всех заклинаний и атак на 2%. Увеличивает урон от заклинаний &quot;Экзорцизм&quot; и &quot;Удар воина Света&quot; на 10%." lvl="2"/>
        <rank description="Повышает вероятность критического эффекта всех заклинаний и атак на 3%. Увеличивает урон от заклинаний &quot;Экзорцизм&quot; и &quot;Удар воина Света&quot; на 15%." lvl="3"/>
      </talent>
      <talent column="3" icon="spell_holy_crusade" key="1755" name="Священная война" tier="3">
        <rank description="Увеличивает весь наносимый урон на 1%, а урон, наносимый гуманоидам, демонам, нежити и элементалям, – дополнительно на 1%." lvl="1"/>
        <rank description="Увеличивает весь наносимый урон на 2%, а урон, наносимый гуманоидам, демонам, нежити и элементалям, – дополнительно на 2%." lvl="2"/>
        <rank description="Увеличивает весь наносимый урон на 3%, а урон, наносимый гуманоидам, демонам, нежити и элементалям, – дополнительно на 3%." lvl="3"/>
      </talent>
      <talent column="0" icon="inv_hammer_04" key="1410" name="Специализация на двуручном оружии" tier="4">
        <rank description="Увеличивает урон, наносимый двуручным оружием в ближнем бою, на 2%." lvl="1"/>
        <rank description="Увеличивает урон, наносимый двуручным оружием в ближнем бою, на 4%." lvl="2"/>
        <rank description="Увеличивает урон, наносимый двуручным оружием в ближнем бою, на 6%." lvl="3"/>
      </talent>
      <talent column="2" icon="spell_holy_mindvision" key="1756" name="Священное воздаяние" tier="4">
        <rank description="Увеличивает урон, наносимый способностью &quot;Аура воздаяния&quot;, на 50%. Урон, наносимый дружественными целями, находящимися под воздействием любой из ваших аур, увеличивается на 3%." lvl="1"/>
      </talent>
      <talent column="1" icon="ability_racial_avatar" key="1402" name="Отмщение" requires="1411" tier="5">
        <rank description="Увеличивает физический урон и урон от светлой магии на 1% на 30 сек. после нанесения критического удара заклинанием, способностью или оружием ближнего боя. Этот эффект суммируется до 3 раз." lvl="1"/>
        <rank description="Увеличивает физический урон и урон от светлой магии на 2% на 30 сек. после нанесения критического удара заклинанием, способностью или оружием ближнего боя. Этот эффект суммируется до 3 раз." lvl="2"/>
        <rank description="Увеличивает физический урон и урон от светлой магии на 3% на 30 сек. после нанесения критического удара заклинанием, способностью или оружием ближнего боя. Этот эффект суммируется до 3 раз." lvl="3"/>
      </talent>
      <talent column="2" icon="spell_holy_divinepurpose" key="1757" name="Божественный замысел" tier="5">
        <rank description="Снижает вероятность того, что противники попадут в вас своими заклинаниями и атаками дальнего боя, на 2%. Кроме того, ваше заклинание &quot;Длань свободы&quot; с вероятностью 50% снимет с цели эффекты оглушения." lvl="1"/>
        <rank description="Снижает вероятность того, что противники попадут в вас своими заклинаниями и атаками дальнего боя, на 4%. Кроме того, ваше заклинание &quot;Длань свободы&quot; с вероятностью 100% снимет с цели эффекты оглушения." lvl="2"/>
      </talent>
      <talent column="0" icon="ability_paladin_artofwar" key="2176" name="Искусство войны" tier="6">
        <rank description="Увеличивает урон от заклинаний категории &quot;Правосудие&quot;, а также способностей &quot;Удар воина Света&quot; и &quot;Божественная буря&quot;, на 5%. После нанесения критического удара в ближнем бою время произнесения последующего заклинания &quot;Вспышка Света&quot; или &quot;Экзорцизм&quot; сокращается на 0.75 сек." lvl="1"/>
        <rank description="Увеличивает урон от заклинаний категории &quot;Правосудие&quot;, а также способностей &quot;Удар воина Света&quot; и &quot;Божественная буря&quot;, на 10%. После нанесения критического удара в ближнем бою заклинания &quot;Вспышка Света&quot; и &quot;Экзорцизм&quot; могут быть применены мгновенно." lvl="2"/>
      </talent>
      <talent column="1" icon="spell_holy_prayerofhealing" key="1441" name="Покаяние" tier="6">
        <rank description="Вводит противника в состояние глубокой задумчивости, которое лишает его возможности действовать на 1 мин и рассеивает эффект &quot;Праведная месть&quot;. Любой нанесенный урон выводит цель из этого состояния. Действует против демонов, драконов, гуманоидов, великанов и нежити." lvl="1"/>
        <spell castTime="0" cooldown="60000" maxRange="20">
          <power cost="9" type="mana"/>
        </spell>
      </talent>
      <talent column="2" icon="ability_paladin_judgementofthewise" key="1758" name="Мудрое правосудие" tier="6">
        <rank description="С вероятностью 33% ваши заклинания категории &quot;Правосудие&quot;, наносящие урон, наложат на 10 участников группы или рейда эффект &quot;Восполнение&quot;, который восстанавливает им 1% максимального запаса маны раз в 5 сек. в течение 15 сек., а вам мгновенно восстановят 25% от вашего базового запаса маны." lvl="1"/>
        <rank description="С вероятностью 66% ваши заклинания категории &quot;Правосудие&quot;, наносящие урон, наложат на 10 участников группы или рейда эффект &quot;Восполнение&quot;, который восстанавливает им 1% максимального запаса маны раз в 5 сек. в течение 15 сек., а вам мгновенно восстановят 25% от вашего базового запаса маны." lvl="2"/>
        <rank description="С вероятностью 100% ваши заклинания категории &quot;Правосудие&quot;, наносящие урон, наложат на 10 участников группы или рейда эффект &quot;Восполнение&quot;, который восстанавливает им 1% максимального запаса маны раз в 5 сек. в течение 15 сек., а вам мгновенно восстановят 25% от вашего базового запаса маны." lvl="3"/>
      </talent>
      <talent column="1" icon="spell_holy_fanaticism" key="1759" name="Фанатизм" requires="1441" tier="7">
        <rank description="Повышает вероятность нанесения критического удара всеми заклинаниями категории &quot;Правосудие&quot;, способными наносить критический удар, на 6%. Снижает уровень угрозы, создаваемой всеми действиями, на 10%, за исключением случаев нахождения под эффектом &quot;Праведное неистовство&quot;." lvl="1"/>
        <rank description="Повышает вероятность нанесения критического удара всеми заклинаниями категории &quot;Правосудие&quot;, способными наносить критический удар, на 12%. Снижает уровень угрозы, создаваемой всеми действиями, на 20%, за исключением случаев нахождения под эффектом &quot;Праведное неистовство&quot;." lvl="2"/>
        <rank description="Повышает вероятность нанесения критического удара всеми заклинаниями категории &quot;Правосудие&quot;, способными наносить критический удар, на 18%. Снижает уровень угрозы, создаваемой всеми действиями, на 30%, за исключением случаев нахождения под эффектом &quot;Праведное неистовство&quot;." lvl="3"/>
      </talent>
      <talent column="2" icon="ability_paladin_sanctifiedwrath" key="2147" name="Священный гнев" tier="7">
        <rank description="Увеличивает вероятность критического удара заклинания &quot;Молот гнева&quot; на 25%, сокращает время восстановления заклинания &quot;Гнев карателя&quot; на 30 с. Когда вы находитесь под действием заклинания &quot;Гнев карателя&quot;, 25% наносимого вами урона игнорируют все снижающие урон эффекты." lvl="1"/>
        <rank description="Увеличивает вероятность критического удара заклинания &quot;Молот гнева&quot; на 50%, сокращает время восстановления заклинания &quot;Гнев карателя&quot; на 60 с. Когда вы находитесь под действием заклинания &quot;Гнев карателя&quot;, 50% наносимого вами урона игнорируют все снижающие урон эффекты." lvl="2"/>
      </talent>
      <talent column="0" icon="ability_paladin_swiftretribution" key="2148" name="Скорое возмездие" tier="8">
        <rank description="Ваши ауры в дополнение к другим эффектам увеличивают скорость применения заклинаний и скорость атаки в ближнем и дальнем бою на 1%." lvl="1"/>
        <rank description="Ваши ауры в дополнение к другим эффектам увеличивают скорость применения заклинаний и скорость атаки в ближнем и дальнем бою на 2%." lvl="2"/>
        <rank description="Ваши ауры в дополнение к другим эффектам увеличивают скорость применения заклинаний и скорость атаки в ближнем и дальнем бою на 3%." lvl="3"/>
      </talent>
      <talent column="1" icon="spell_holy_crusaderstrike" key="1823" name="Удар воина Света" tier="8">
        <rank description="Мгновенный удар, наносящий 75% урона от оружия." lvl="1"/>
        <spell castTime="0" cooldown="4000" maxRange="5">
          <power cost="5" type="mana"/>
        </spell>
      </talent>
      <talent column="2" icon="ability_paladin_sheathoflight" key="2179" name="Покров Света" tier="8">
        <rank description="Увеличивает силу заклинаний на 10% от силы атаки. При критическом эффекте ваших целительных заклинаний цель дополнительно восстанавливает 20% от объема полученного исцеления в течение 12 с." lvl="1"/>
        <rank description="Увеличивает силу заклинаний на 20% от силы атаки. При критическом эффекте ваших целительных заклинаний цель дополнительно восстанавливает 40% от объема полученного исцеления в течение 12 с." lvl="2"/>
        <rank description="Увеличивает силу заклинаний на 30% от силы атаки. При критическом эффекте ваших целительных заклинаний цель дополнительно восстанавливает 60% от объема полученного исцеления в течение 12 с." lvl="3"/>
      </talent>
      <talent column="1" icon="ability_paladin_righteousvengeance" key="2149" name="Праведная месть" tier="9">
        <rank description="При критическом ударе ваших заклинаний категории &quot;Правосудие&quot;, а также заклинаний &quot;Удар воина Света&quot; и &quot;Божественная буря&quot; противник получает дополнительно 10% урона в течение 8 сек." lvl="1"/>
        <rank description="При критическом ударе ваших заклинаний категории &quot;Правосудие&quot;, а также заклинаний &quot;Удар воина Света&quot; и &quot;Божественная буря&quot; противник получает дополнительно 20% урона в течение 8 сек." lvl="2"/>
        <rank description="При критическом ударе ваших заклинаний категории &quot;Правосудие&quot;, а также заклинаний &quot;Удар воина Света&quot; и &quot;Божественная буря&quot; противник получает дополнительно 30% урона в течение 8 сек." lvl="3"/>
      </talent>
      <talent column="1" icon="ability_paladin_divinestorm" key="2150" name="Божественная буря" tier="10">
        <rank description="Мгновенная атака, наносящая 110% урона от оружия 4 противникам в радиусе 8 м. Заклинание &quot;Божественная буря&quot; исцеляет до 3 членов группы или рейда на 25% от нанесенного урона." lvl="1"/>
        <spell castTime="0" cooldown="10000">
          <power cost="12" type="mana"/>
        </spell>
      </talent>
    </tree>
    <tree bgImage="PaladinProtection" icon="spell_holy_devotionaura" key="Protection" name="Защита" order="1">
      <talent column="1" icon="spell_holy_blindingheal" key="1442" name="Божественность" tier="0">
        <rank description="Увеличивает эффективность ваших исцеляющих заклинаний и действующих на вас исцеляющих заклинаний на 1%." lvl="1"/>
        <rank description="Увеличивает эффективность ваших исцеляющих заклинаний и действующих на вас исцеляющих заклинаний на 2%." lvl="2"/>
        <rank description="Увеличивает эффективность ваших исцеляющих заклинаний и действующих на вас исцеляющих заклинаний на 3%." lvl="3"/>
        <rank description="Увеличивает эффективность ваших исцеляющих заклинаний и действующих на вас исцеляющих заклинаний на 4%." lvl="4"/>
        <rank description="Увеличивает эффективность ваших исцеляющих заклинаний и действующих на вас исцеляющих заклинаний на 5%." lvl="5"/>
      </talent>
      <talent column="2" icon="ability_golemthunderclap" key="2185" name="Божественная сила" tier="0">
        <rank description="Повышает силу на 3%." lvl="1"/>
        <rank description="Повышает силу на 6%." lvl="2"/>
        <rank description="Повышает силу на 9%." lvl="3"/>
        <rank description="Повышает силу на 12%." lvl="4"/>
        <rank description="Повышает силу на 15%." lvl="5"/>
      </talent>
      <talent column="0" icon="spell_holy_stoicism" key="1748" name="Стоицизм" tier="1">
        <rank description="Сокращает время действия эффектов оглушения дополнительно на 10%, снижает вероятность того, что ваши благотворные заклинания и заклинания, наносящие периодический урон, будут рассеяны, на 10%." lvl="1"/>
        <rank description="Сокращает время действия эффектов оглушения дополнительно на 20%, снижает вероятность того, что ваши благотворные заклинания и заклинания, наносящие периодический урон, будут рассеяны, на 20%." lvl="2"/>
        <rank description="Сокращает время действия эффектов оглушения дополнительно на 30%, снижает вероятность того, что ваши благотворные заклинания и заклинания, наносящие периодический урон, будут рассеяны, на 30%." lvl="3"/>
      </talent>
      <talent column="1" icon="spell_holy_sealofprotection" key="1425" name="Помощь стража" tier="1">
        <rank description="Сокращает время восстановления заклинания &quot;Длань защиты&quot; на 60 сек. Увеличивает время действия заклинания &quot;Длань свободы&quot; на 2 сек." lvl="1"/>
        <rank description="Сокращает время восстановления заклинания &quot;Длань защиты&quot; на 2 мин. Увеличивает время действия заклинания &quot;Длань свободы&quot; на 4 сек." lvl="2"/>
      </talent>
      <talent column="2" icon="spell_magic_lesserinvisibilty" key="1629" name="Предчувствие" tier="1">
        <rank description="Повышает вероятность уклонения на 1%." lvl="1"/>
        <rank description="Повышает вероятность уклонения на 2%." lvl="2"/>
        <rank description="Повышает вероятность уклонения на 3%." lvl="3"/>
        <rank description="Повышает вероятность уклонения на 4%." lvl="4"/>
        <rank description="Повышает вероятность уклонения на 5%." lvl="5"/>
      </talent>
      <talent column="0" icon="spell_holy_powerwordbarrier" key="2280" name="Священная жертва" tier="2">
        <rank description="30% всего урона, получаемого членами группы в радиусе 30 м, переправляется паладину (максимальное количество урона – 40% от запаса здоровья паладина, умноженные на количество участников группы). Если в результате уровень здоровья паладина падает ниже 20%, эффект рассеивается. Время действия – 10 сек." lvl="1"/>
        <spell castTime="0" cooldown="120000"/>
      </talent>
      <talent column="1" icon="spell_holy_sealoffury" key="1501" name="Улучшенное праведное неистовство" tier="2">
        <rank description="Когда вы находитесь под действием заклинания &quot;Праведное неистовство&quot;, весь получаемый урон снижается на 2%." lvl="1"/>
        <rank description="Когда вы находитесь под действием заклинания &quot;Праведное неистовство&quot;, весь получаемый урон снижается на 4%." lvl="2"/>
        <rank description="Когда вы находитесь под действием заклинания &quot;Праведное неистовство&quot;, весь получаемый урон снижается на 6%." lvl="3"/>
      </talent>
      <talent column="2" icon="spell_holy_devotion" key="1423" name="Крепость" tier="2">
        <rank description="Увеличивает показатель брони предметов на 2% и сокращает время действия наложенных на вас замедляющих эффектов на 6%." lvl="1"/>
        <rank description="Увеличивает показатель брони предметов на 4% и сокращает время действия наложенных на вас замедляющих эффектов на 12%." lvl="2"/>
        <rank description="Увеличивает показатель брони предметов на 6% и сокращает время действия наложенных на вас замедляющих эффектов на 18%." lvl="3"/>
        <rank description="Увеличивает показатель брони предметов на 8% и сокращает время действия наложенных на вас замедляющих эффектов на 24%." lvl="4"/>
        <rank description="Увеличивает показатель брони предметов на 10% и сокращает время действия наложенных на вас замедляющих эффектов на 30%." lvl="5"/>
      </talent>
      <talent column="0" icon="spell_holy_powerwordbarrier" key="2281" name="Божественный страж" requires="2280" tier="3">
        <rank description="Во время действия заклинания &quot;Священная жертва&quot; урон, получаемый участниками группы или рейда в радиусе 30 м, уменьшается на 10% на 6 сек. Также талант увеличивает время действия заклинания &quot;Священный щит&quot; на 50%, а количество поглощаемого урона – на 10%." lvl="1"/>
        <rank description="Во время действия заклинания &quot;Священная жертва&quot; урон, получаемый участниками группы или рейда в радиусе 30 м, уменьшается на 20% на 6 сек. Также талант увеличивает время действия заклинания &quot;Священный щит&quot; на 100%, а количество поглощаемого урона – на 20%." lvl="2"/>
      </talent>
      <talent column="1" icon="spell_holy_sealofmight" key="1521" name="Улучшенный молот правосудия" tier="3">
        <rank description="Сокращает время восстановления заклинания &quot;Молот правосудия&quot; на 10 сек." lvl="1"/>
        <rank description="Сокращает время восстановления заклинания &quot;Молот правосудия&quot; на 20 сек." lvl="2"/>
      </talent>
      <talent column="2" icon="spell_holy_devotionaura" key="1422" name="Улучшенная аура благочестия" tier="3">
        <rank description="Увеличивает на 17% бонус брони от способности &quot;Аура благочестия&quot;. Усиливает действие исцеляющих эффектов на персонажей, находящихся под действием ваших аур, на 2%." lvl="1"/>
        <rank description="Увеличивает на 34% бонус брони от способности &quot;Аура благочестия&quot;. Усиливает действие исцеляющих эффектов на персонажей, находящихся под действием ваших аур, на 4%." lvl="2"/>
        <rank description="Увеличивает на 50% бонус брони от способности &quot;Аура благочестия&quot;. Усиливает действие исцеляющих эффектов на персонажей, находящихся под действием ваших аур, на 6%." lvl="3"/>
      </talent>
      <talent column="1" icon="spell_nature_lightningshield" key="1431" name="Благословение неприкосновенности" tier="4">
        <rank description="Благословляет дружественную цель, уменьшая любой наносимый ей урон на 3% и повышая ее силу и выносливость на 10%. Эффект длится 10 мин. Когда цель блокирует, парирует атаку ближнего боя или уклоняется от нее, она восполняет 2% своего максимального запаса маны. Каждый паладин единовременно может накладывать на каждого игрока только одно благословение." lvl="1"/>
        <spell castTime="0" maxRange="30">
          <power cost="7" type="mana"/>
        </spell>
      </talent>
      <talent column="2" icon="spell_holy_blessingofstrength" key="1426" name="Расплата" tier="4">
        <rank description="Если вы получаете урон, то с вероятностью 2% в течение следующих 8 сек. до 4 ваших выпадов будут двойными." lvl="1"/>
        <rank description="Если вы получаете урон, то с вероятностью 4% в течение следующих 8 сек. до 4 ваших выпадов будут двойными." lvl="2"/>
        <rank description="Если вы получаете урон, то с вероятностью 6% в течение следующих 8 сек. до 4 ваших выпадов будут двойными." lvl="3"/>
        <rank description="Если вы получаете урон, то с вероятностью 8% в течение следующих 8 сек. до 4 ваших выпадов будут двойными." lvl="4"/>
        <rank description="После получения урона или блокирования атаки с 10%-й вероятностью в течение следующих 8 сек. до 4 ваших выпадов будут двойными." lvl="5"/>
      </talent>
      <talent column="0" icon="spell_holy_divineintervention" key="1750" name="Священный долг" tier="5">
        <rank description="Повышает выносливость на 2%, сокращает время восстановления заклинаний &quot;Божественный щит&quot; и &quot;Божественная защита&quot; на 30 с." lvl="1"/>
        <rank description="Повышает выносливость на 4%, сокращает время восстановления заклинаний &quot;Божественный щит&quot; и &quot;Божественная защита&quot; на 60 с." lvl="2"/>
      </talent>
      <talent column="2" icon="inv_sword_20" key="1429" name="Специализация на одноручном оружии" tier="5">
        <rank description="Когда вы вооружены одноручным оружием ближнего боя, весь наносимый вами урон возрастает на 4%." lvl="1"/>
        <rank description="Когда вы вооружены одноручным оружием ближнего боя, весь наносимый вами урон возрастает на 7%." lvl="2"/>
        <rank description="Когда вы вооружены одноручным оружием ближнего боя, весь наносимый вами урон возрастает на 10%." lvl="3"/>
      </talent>
      <talent column="0" icon="spell_holy_revivechampion" key="2282" name="Духовное созвучие" tier="6">
        <rank description="Восполняет часть маны паладина каждый раз, когда его исцеляют союзники. Эффект действует постоянно, восполняемый объем маны составляет 5% от эффекта исцеления." lvl="1"/>
        <rank description="Восполняет часть маны паладина каждый раз, когда его исцеляют союзники. Эффект действует постоянно, восполняемый объем маны составляет 10% от эффекта исцеления." lvl="2"/>
      </talent>
      <talent column="1" icon="spell_holy_blessingofprotection" key="1430" name="Щит небес" requires="1431" tier="6">
        <rank description="Повышает вероятность блокировать удар на 30% на 10 сек. Если атака блокирована, атакующему наносится 79 ед. урона от светлой магии. При каждом блоке расходуется 1 заряд. 8 зарядов." lvl="1"/>
        <spell castTime="0" cooldown="8000">
          <power cost="10" type="mana"/>
        </spell>
      </talent>
      <talent column="2" icon="spell_holy_ardentdefender" key="1751" name="Ревностный защитник" tier="6">
        <rank description="Если при получении удара уровень вашего здоровья падает ниже 35%, весь получаемый вами урон снижается на 7%. Удары, которые могли бы оказаться смертельными, вместо этого восстанавливают вам до 10% от максимального запаса здоровья (количество восполненного здоровья зависит от защиты). Эффект лечения срабатывает не чаще, чем раз в 2 мин." lvl="1"/>
        <rank description="Если при получении удара уровень вашего здоровья падает ниже 35%, весь получаемый вами урон снижается на 13%. Удары, которые могли бы оказаться смертельными, вместо этого восстанавливают вам до 20% от максимального запаса здоровья (количество восполненного здоровья зависит от защиты). Эффект лечения срабатывает не чаще, чем раз в 2 мин." lvl="2"/>
        <rank description="Если при получении удара уровень вашего здоровья падает ниже 35%, весь получаемый вами урон снижается на 20%. Удары, которые могли бы оказаться смертельными, вместо этого восстанавливают вам до 30% от максимального запаса здоровья (количество восполненного здоровья зависит от защиты). Эффект лечения срабатывает не чаще, чем раз в 2 мин." lvl="3"/>
      </talent>
      <talent column="0" icon="ability_defend" key="1421" name="Оплот" tier="7">
        <rank description="Увеличивает показатель блокирования на 10%. С вероятностью 10% после получения урона в ближнем или дальнем бою вероятность блокировать удар повысится на 10%. Эффект длится 10 сек. или пока 5 ударов не будут блокированы." lvl="1"/>
        <rank description="Увеличивает показатель блокирования на 20%. С вероятностью 10% после получения урона в ближнем или дальнем бою вероятность блокировать удар повысится на 20%. Эффект длится 10 сек. или пока 5 ударов не будут блокированы." lvl="2"/>
        <rank description="Увеличивает показатель блокирования на 30%. С вероятностью 10% после получения урона в ближнем или дальнем бою вероятность блокировать удар повысится на 30%. Эффект длится 10 сек. или пока 5 ударов не будут блокированы." lvl="3"/>
      </talent>
      <talent column="2" icon="spell_holy_weaponmastery" key="1753" name="Боевое мастерство" tier="7">
        <rank description="Повышает ваше мастерство на 2, а выносливость и вероятность критического попадания – на 2%." lvl="1"/>
        <rank description="Повышает ваше мастерство на 4, а выносливость и вероятность критического попадания – на 4%." lvl="2"/>
        <rank description="Повышает ваше мастерство на 6, а выносливость и вероятность критического попадания – на 6%." lvl="3"/>
      </talent>
      <talent column="0" icon="ability_paladin_touchedbylight" key="2195" name="Касание Света" tier="8">
        <rank description="Увеличивает силу заклинаний на 20% от вашей силы, а объем здоровья, восполняемый критическими эффектами ваших целительных заклинаний – на 10%." lvl="1"/>
        <rank description="Увеличивает силу заклинаний на 40% от вашей силы, а объем здоровья, восполняемый критическими эффектами ваших целительных заклинаний – на 20%." lvl="2"/>
        <rank description="Увеличивает силу заклинаний на 60% от вашей силы, а объем здоровья, восполняемый критическими эффектами ваших целительных заклинаний – на 30%." lvl="3"/>
      </talent>
      <talent column="1" icon="spell_holy_avengersshield" key="1754" name="Щит мстителя" requires="1430" tier="8">
        <rank description="Бросает в противника священный щит, наносящий ему от 442 до 538 ед. урона от светлой магии и вызывающий головокружение. Щит затем перескакивает на других находящихся поблизости противников. Способен воздействовать на 3 цели. Время действия – 10 сек." lvl="1"/>
        <spell castTime="0" cooldown="30000" maxRange="30">
          <power cost="26" type="mana"/>
        </spell>
      </talent>
      <talent column="2" icon="ability_paladin_gaurdedbythelight" key="2194" name="Под охраной света" tier="8">
        <rank description="Уменьшает получаемый урон от заклинаний на 3%. С вероятностью 50% время действия заклинания &quot;Святая клятва&quot; обновится при попадании по противнику. Снижает вероятность, что заклинание &quot;Святая клятва&quot; будет развеяно, на 50%." lvl="1"/>
        <rank description="Уменьшает получаемый урон от заклинаний на 6%. С вероятностью 100% время действия заклинания &quot;Святая клятва&quot; обновится при попадании по противнику. Снижает вероятность, что заклинание &quot;Святая клятва&quot; будет развеяно, на 100%." lvl="2"/>
      </talent>
      <talent column="1" icon="ability_paladin_shieldofthetemplar" key="2204" name="Щит храмовника" requires="1754" tier="9">
        <rank description="Уменьшает весь получаемый урон на 1%. С вероятностью 33% что заклинание &quot;Щит мстителя&quot; также заставит цели замолчать на 3 сек." lvl="1"/>
        <rank description="Уменьшает весь получаемый урон на 2%. С вероятностью 66% что заклинание &quot;Щит мстителя&quot; также заставит цели замолчать на 3 сек." lvl="2"/>
        <rank description="Уменьшает весь получаемый урон на 3%. С вероятностью 100% что заклинание &quot;Щит мстителя&quot; также заставит цели замолчать на 3 сек." lvl="3"/>
      </talent>
      <talent column="2" icon="ability_paladin_judgementsofthejust" key="2200" name="Правосудие праведников" tier="9">
        <rank description="Сокращает время восстановления заклинания &quot;Молот правосудия&quot; на 5 сек., увеличивает время действия заклинания &quot;Печать справедливости&quot; на 0.5 сек. Заклинания категории &quot;Правосудие&quot; уменьшают скорость атаки ближнего боя цели на 10%." lvl="1"/>
        <rank description="Сокращает время восстановления заклинания &quot;Молот правосудия&quot; на 10 сек., увеличивает время действия заклинания &quot;Печать справедливости&quot; на 1 сек. Заклинания категории &quot;Правосудие&quot; уменьшают скорость атаки ближнего боя цели на 20%." lvl="2"/>
      </talent>
      <talent column="1" icon="ability_paladin_hammeroftherighteous" key="2196" name="Молот праведника" tier="10">
        <rank description="Поражает светлой магией текущую цель и до 2 находящихся поблизости целей. Величина наносимого урона равна урону в секунду от оружия в правой руке, умноженному на 4." lvl="1"/>
        <spell castTime="0" cooldown="6000" maxRange="5">
          <power cost="6" type="mana"/>
        </spell>
      </talent>
    </tree>
    <tree bgImage="PaladinHoly" icon="spell_holy_holybolt" key="Holy" name="Свет" order="0">
      <talent column="1" icon="spell_arcane_blink" key="1432" name="Средоточие духа" tier="0">
        <rank description="Сокращает задержку произнесения заклинаний &quot;Свет небес&quot; и &quot;Вспышка Света&quot; при получении урона на 14%.&quot;" lvl="1"/>
        <rank description="Сокращает задержку произнесения заклинаний &quot;Свет небес&quot; и &quot;Вспышка Света&quot; при получении урона на 28%.&quot;" lvl="2"/>
        <rank description="Сокращает задержку произнесения заклинаний &quot;Свет небес&quot; и &quot;Вспышка Света&quot; при получении урона на 42%." lvl="3"/>
        <rank description="Сокращает задержку произнесения заклинаний &quot;Свет небес&quot; и &quot;Вспышка Света&quot; при получении урона на 56%.&quot;" lvl="4"/>
        <rank description="Сокращает задержку произнесения заклинаний &quot;Свет небес&quot; и &quot;Вспышка Света&quot; при получении урона на 70%.&quot;" lvl="5"/>
      </talent>
      <talent column="2" icon="ability_thunderbolt" key="1463" name="Печать безупречности" tier="0">
        <rank description="Увеличивает урон, наносимый вашими способностями &quot;Печать праведности&quot;, &quot;Печать мщения&quot;, &quot;Печать порчи&quot; и связанными с ними эффектами правосудия, на 3%." lvl="1"/>
        <rank description="Увеличивает урон, наносимый вашими способностями &quot;Печать праведности&quot;, &quot;Печать мщения&quot;, &quot;Печать порчи&quot; и связанными с ними эффектами правосудия, на 6%." lvl="2"/>
        <rank description="Увеличивает урон, наносимый вашими способностями &quot;Печать праведности&quot;, &quot;Печать мщения&quot;, &quot;Печать порчи&quot; и связанными с ними эффектами правосудия, на 9%." lvl="3"/>
        <rank description="Увеличивает урон, наносимый вашими способностями &quot;Печать праведности&quot;, &quot;Печать мщения&quot;, &quot;Печать порчи&quot; и связанными с ними эффектами правосудия, на 12%." lvl="4"/>
        <rank description="Увеличивает урон, наносимый вашими способностями &quot;Печать праведности&quot;, &quot;Печать мщения&quot;, &quot;Печать порчи&quot; и связанными с ними эффектами правосудия, на 15%." lvl="5"/>
      </talent>
      <talent column="0" icon="spell_holy_holybolt" key="1444" name="Исцеляющий Свет" tier="1">
        <rank description="Увеличивает количество здоровья, восстанавливаемое заклинаниями &quot;Свет небес&quot; и &quot;Вспышка Света&quot;, а также эффективность заклинания &quot;Шок небес&quot;, на 4%." lvl="1"/>
        <rank description="Увеличивает количество здоровья, восстанавливаемое заклинаниями &quot;Свет небес&quot; и &quot;Вспышка Света&quot;, а также эффективность заклинания &quot;Шок небес&quot;, на 8%." lvl="2"/>
        <rank description="Увеличивает количество здоровья, восстанавливаемое заклинаниями &quot;Свет небес&quot; и &quot;Вспышка Света&quot;, а также эффективность заклинания &quot;Шок небес&quot;, на 12%." lvl="3"/>
      </talent>
      <talent column="1" icon="spell_nature_sleep" key="1449" name="Божественный интеллект" tier="1">
        <rank description="Повышает интеллект на 2%." lvl="1"/>
        <rank description="Повышает интеллект на 4%." lvl="2"/>
        <rank description="Повышает интеллект на 6%." lvl="3"/>
        <rank description="Повышает интеллект на 8%." lvl="4"/>
        <rank description="Повышает интеллект на 10%." lvl="5"/>
      </talent>
      <talent column="2" icon="spell_holy_unyieldingfaith" key="1628" name="Непоколебимая вера" tier="1">
        <rank description="Сокращает время действия эффектов страха и дезориентации на 15%." lvl="1"/>
        <rank description="Сокращает время действия эффектов страха и дезориентации на 30%." lvl="2"/>
      </talent>
      <talent column="0" icon="spell_holy_auramastery" key="1435" name="Мастер аур" tier="2">
        <rank description="Цели, на которые воздействует ваша аура сосредоточенности, становятся невосприимчивыми к немоте и эффектам прерывания заклинаний. Эффективность других аур возрастает на 100%. Время действия – 6 сек." lvl="1"/>
        <spell castTime="0" cooldown="120000"/>
      </talent>
      <talent column="1" icon="spell_holy_greaterheal" key="1461" name="Свечение" tier="2">
        <rank description="При критическом эффекте заклинаний &quot;Вспышка Света&quot;, &quot;Свет небес&quot; и критическом исцеляющем эффекте заклинания &quot;Шок небес&quot; вы с вероятностью 20% восполняете 30% базовой стоимости заклинания." lvl="1"/>
        <rank description="При критическом эффекте заклинаний &quot;Вспышка Света&quot;, &quot;Свет небес&quot; и критическом исцеляющем эффекте заклинания &quot;Шок небес&quot; вы с вероятностью 40% восполняете 30% базовой стоимости заклинания." lvl="2"/>
        <rank description="При критическом эффекте заклинаний &quot;Вспышка Света&quot;, &quot;Свет небес&quot; и критическом исцеляющем эффекте заклинания &quot;Шок небес&quot; вы с вероятностью 60% восполняете 30% базовой стоимости заклинания." lvl="3"/>
        <rank description="При критическом эффекте заклинаний &quot;Вспышка Света&quot;, &quot;Свет небес&quot; и критическом исцеляющем эффекте заклинания &quot;Шок небес&quot; вы с вероятностью 80% восполняете 30% базовой стоимости заклинания." lvl="4"/>
        <rank description="При критическом эффекте заклинаний &quot;Вспышка Света&quot;, &quot;Свет небес&quot; и критическом исцеляющем эффекте заклинания &quot;Шок небес&quot; вы с вероятностью 100% восполняете 30% базовой стоимости заклинания." lvl="5"/>
      </talent>
      <talent column="2" icon="spell_holy_layonhands" key="1443" name="Улучшенное возложение рук" tier="2">
        <rank description="Цель заклинания &quot;Возложение рук&quot; получает на 10% меньше физического урона в течение 15 сек. Сокращает время восстановления заклинания &quot;Возложение рук&quot; на 2 мин." lvl="1"/>
        <rank description="Цель заклинания &quot;Возложение рук&quot; получает на 20% меньше физического урона в течение 15 сек. Сокращает время восстановления заклинания &quot;Возложение рук&quot; на 4 мин." lvl="2"/>
      </talent>
      <talent column="0" icon="spell_holy_mindsooth" key="1450" name="Улучшенная аура сосредоточенности" tier="3">
        <rank description="Повышает эффективность способности &quot;Аура сосредоточенности&quot; на 5% и сокращает время действия всех эффектов немоты и прерывания, накладываемых на находящегося под воздействием ауры участника группы, на 10%. Сокращение времени действия не суммируется с другими подобными эффектами." lvl="1"/>
        <rank description="Повышает эффективность способности &quot;Аура сосредоточенности&quot; на 10% и сокращает время действия всех эффектов немоты и прерывания, накладываемых на находящегося под воздействием ауры участника группы, на 20%. Сокращение времени действия не суммируется с другими подобными эффектами." lvl="2"/>
        <rank description="Повышает эффективность способности &quot;Аура сосредоточенности&quot; на 15% и сокращает время действия всех эффектов немоты и прерывания, накладываемых на находящегося под воздействием ауры участника группы, на 30%. Сокращение времени действия не суммируется с другими подобными эффектами." lvl="3"/>
      </talent>
      <talent column="2" icon="spell_holy_sealofwisdom" key="1446" name="Улучшенное благословение мудрости" tier="3">
        <rank description="Повышает эффективность заклинания &quot;Благословение мудрости&quot; на 10%." lvl="1"/>
        <rank description="Повышает эффективность заклинания &quot;Благословение мудрости&quot; на 20%." lvl="2"/>
      </talent>
      <talent column="3" icon="ability_paladin_blessedhands" key="2198" name="Благословляющая длань" tier="3">
        <rank description="Снижает затраты маны на заклинания &quot;Длань свободы&quot;, &quot;Длань жертвенности&quot; и &quot;Длань спасения&quot; на 15%. Повышает эффективность заклинания &quot;Длань спасения&quot; на 50%, а &quot;Длань жертвенности&quot; – на 5%." lvl="1"/>
        <rank description="Снижает затраты маны на заклинания &quot;Длань свободы&quot;, &quot;Длань жертвенности&quot; и &quot;Длань спасения&quot; на 30%. Повышает эффективность заклинания &quot;Длань спасения&quot; на 100%, а &quot;Длань жертвенности&quot; – на 10%." lvl="2"/>
      </talent>
      <talent column="0" icon="spell_holy_pureofheart" key="1742" name="Чистота сердца" tier="4">
        <rank description="Сокращает время действия эффектов проклятий, болезней и ядов на 15%." lvl="1"/>
        <rank description="Сокращает время действия эффектов проклятий, болезней и ядов на 30%." lvl="2"/>
      </talent>
      <talent column="1" icon="spell_holy_heal" key="1433" name="Божественное одобрение" requires="1461" tier="4">
        <rank description="При использовании увеличивает вероятность критического эффекта вашего следующего заклинания &quot;Свет небес&quot;, &quot;Вспышка Света&quot; или &quot;Шок небес&quot; на 100%." lvl="1"/>
        <spell castTime="0" cooldown="120000">
          <power cost="3" type="mana"/>
        </spell>
      </talent>
      <talent column="2" icon="spell_holy_healingaura" key="1465" name="Свет посвящения" tier="4">
        <rank description="Повышает вероятность критического эффекта заклинаний &quot;Свет небес&quot; и &quot;Шок небес&quot; на 2%." lvl="1"/>
        <rank description="Повышает вероятность критического эффекта заклинаний &quot;Свет небес&quot; и &quot;Шок небес&quot; на 4%." lvl="2"/>
        <rank description="Повышает вероятность критического эффекта заклинаний &quot;Свет небес&quot; и &quot;Шок небес&quot; на 6%." lvl="3"/>
      </talent>
      <talent column="0" icon="spell_holy_purifyingpower" key="1743" name="Очищающая сила" tier="5">
        <rank description="Снижает затраты маны на заклинания &quot;Очищение&quot;, &quot;Омовение&quot; и &quot;Освящение&quot; на 5% и сокращает время восстановления заклинаний &quot;Экзорцизм&quot; и &quot;Гнев небес&quot; на 17%." lvl="1"/>
        <rank description="Снижает затраты маны на заклинания &quot;Очищение&quot;, &quot;Омовение&quot; и &quot;Освящение&quot; на 10% и сокращает время восстановления заклинаний &quot;Экзорцизм&quot; и &quot;Гнев небес&quot; на 33%." lvl="2"/>
      </talent>
      <talent column="2" icon="spell_holy_power" key="1627" name="Священная сила" tier="5">
        <rank description="Повышает вероятность критического эффекта ваших заклинаний светлой магии на 1%." lvl="1"/>
        <rank description="Повышает вероятность критического эффекта ваших заклинаний светлой магии на 2%." lvl="2"/>
        <rank description="Повышает вероятность критического эффекта ваших заклинаний светлой магии на 3%." lvl="3"/>
        <rank description="Повышает вероятность критического эффекта ваших заклинаний светлой магии на 4%." lvl="4"/>
        <rank description="Повышает вероятность критического эффекта ваших заклинаний светлой магии на 5%." lvl="5"/>
      </talent>
      <talent column="0" icon="spell_holy_lightsgrace" key="1745" name="Благоволение Света" tier="6">
        <rank description="С вероятностью 33% ваше заклинание &quot;Свет небес&quot; сократит время произнесения следующего заклинания &quot;Свет небес&quot; на 0.5 сек. Время действия – 15 сек." lvl="1"/>
        <rank description="С вероятностью 66% ваше заклинание &quot;Свет небес&quot; сократит время произнесения следующего заклинания &quot;Свет небес&quot; на 0.5 сек. Время действия – 15 сек." lvl="2"/>
        <rank description="С вероятностью 100% ваше заклинание &quot;Свет небес&quot; сократит время произнесения следующего заклинания &quot;Свет небес&quot; на 0.5 сек. Время действия – 15 сек." lvl="3"/>
      </talent>
      <talent column="1" icon="spell_holy_searinglight" key="1502" name="Шок небес" requires="1433" tier="6">
        <rank description="Взрывает цель с помощью энергии светлой магии, нанося 314 - 340 ед. урона от светлой магии противнику или восстанавливая 481 - 519 ед. здоровья союзнику." lvl="1"/>
        <spell castTime="0" cooldown="6000" maxRange="20">
          <power cost="18" type="mana"/>
        </spell>
      </talent>
      <talent column="2" icon="spell_holy_blessedlife" key="1744" name="Благоверная жизнь" tier="6">
        <rank description="Все атаки с вероятностью 4% наносят вам только половину урона." lvl="1"/>
        <rank description="Все атаки с вероятностью 7% наносят вам только половину урона." lvl="2"/>
        <rank description="Все атаки с вероятностью 10% наносят вам только половину урона." lvl="3"/>
      </talent>
      <talent column="0" icon="ability_paladin_sacredcleansing" key="2190" name="Священное очищение" tier="7">
        <rank description="Заклинание &quot;Очищение&quot; с вероятностью 10% повышает сопротивление цели болезням, ядам и магии на 30% на 10 сек." lvl="1"/>
        <rank description="Заклинание &quot;Очищение&quot; с вероятностью 20% повышает сопротивление цели болезням, ядам и магии на 30% на 10 сек." lvl="2"/>
        <rank description="Заклинание &quot;Очищение&quot; с вероятностью 30% повышает сопротивление цели болезням, ядам и магии на 30% на 10 сек." lvl="3"/>
      </talent>
      <talent column="2" icon="spell_holy_holyguidance" key="1746" name="Святое покровительство" tier="7">
        <rank description="Увеличивает вашу силу заклинаний на 4% от вашего интеллекта." lvl="1"/>
        <rank description="Увеличивает вашу силу заклинаний на 8% от вашего интеллекта." lvl="2"/>
        <rank description="Увеличивает вашу силу заклинаний на 12% от вашего интеллекта." lvl="3"/>
        <rank description="Увеличивает вашу силу заклинаний на 16% от вашего интеллекта." lvl="4"/>
        <rank description="Увеличивает вашу силу заклинаний на 20% от вашего интеллекта." lvl="5"/>
      </talent>
      <talent column="0" icon="spell_holy_divineillumination" key="1747" name="Божественное просветление" tier="8">
        <rank description="Снижает затраты маны на все заклинания на 50% на 15 сек." lvl="1"/>
        <spell castTime="0" cooldown="180000"/>
      </talent>
      <talent column="2" icon="ability_paladin_judgementofthepure" key="2199" name="Безупречное правосудие" tier="8">
        <rank description="Увеличивает урон от заклинаний категорий &quot;Печать&quot; и &quot;Правосудие&quot; на 5%. Ваши заклинания категории &quot;Правосудие&quot; увеличивают скорость произнесения заклинаний и атаки в ближнем бою на 3% на 1 мин." lvl="1"/>
        <rank description="Увеличивает урон от заклинаний категорий &quot;Печать&quot; и &quot;Правосудие&quot; на 10%. Ваши заклинания категории &quot;Правосудие&quot; увеличивают скорость произнесения заклинаний и атаки в ближнем бою на 6% на 1 мин." lvl="2"/>
        <rank description="Увеличивает урон от заклинаний категорий &quot;Печать&quot; и &quot;Правосудие&quot; на 15%. Ваши заклинания категории &quot;Правосудие&quot; увеличивают скорость произнесения заклинаний и атаки в ближнем бою на 9% на 1 мин." lvl="3"/>
        <rank description="Увеличивает урон от заклинаний категорий &quot;Печать&quot; и &quot;Правосудие&quot; на 20%. Ваши заклинания категории &quot;Правосудие&quot; увеличивают скорость произнесения заклинаний и атаки в ближнем бою на 12% на 1 мин." lvl="4"/>
        <rank description="Увеличивает урон от заклинаний категорий &quot;Печать&quot; и &quot;Правосудие&quot; на 25%. Ваши заклинания категории &quot;Правосудие&quot; увеличивают скорость произнесения заклинаний и атаки в ближнем бою на 15% на 1 мин." lvl="5"/>
      </talent>
      <talent column="1" icon="ability_paladin_infusionoflight" key="2193" name="Прилив Света" requires="1502" tier="9">
        <rank description="При критическом срабатывании заклинания &quot;Шок небес&quot; время произнесения следующего заклинания &quot;Вспышка Света&quot; сокращается на 0.75 сек., а вероятность нанести критический удар следующим заклинанием &quot;Свет небес&quot; возрастает на 10%. Срабатывает только один из бонусов. Также ваше заклинание &quot;Вспышка Света&quot; восстанавливает союзникам, на которых наложено заклинание &quot;Священный щит&quot;, дополнительно 50% здоровья в течение 12 сек." lvl="1"/>
        <rank description="При критическом срабатывании заклинания &quot;Шок небес&quot; время произнесения следующего заклинания &quot;Вспышка Света&quot; сокращается на 1.5 сек., а вероятность нанести критический удар следующим заклинанием &quot;Свет небес&quot; возрастает на 20%. Срабатывает только один из бонусов. Также ваше заклинание &quot;Вспышка Света&quot; восстанавливает союзникам, на которых наложено заклинание &quot;Священный щит&quot;, дополнительно 100% здоровья в течение 12 сек." lvl="2"/>
      </talent>
      <talent column="2" icon="ability_paladin_enlightenedjudgements" key="2191" name="Просветленное суждение" tier="9">
        <rank description="Увеличивает дальность действия заклинаний &quot;Правосудие Света&quot; и &quot;Правосудие мудрости&quot; на 15 м. Увеличивает вероятность того, что вы попадете по противнику, на 2%." lvl="1"/>
        <rank description="Увеличивает дальность действия заклинаний &quot;Правосудие Света&quot; и &quot;Правосудие мудрости&quot; на 30 м. Увеличивает вероятность того, что вы попадете по противнику, на 4%." lvl="2"/>
      </talent>
      <talent column="1" icon="ability_paladin_beaconoflight" key="2192" name="Частица Света" tier="10">
        <rank description="Наделяет выбранного участника группы или рейда частицей Света. Любое исцеляющее заклинание, которое вы накладываете на союзников в радиусе 60 метров от цели, также восстанавливает наделенному Светом персонажу 100% от объема восстановленного с помощью этого заклинания здоровья. Частицей Света можно наделить только одного персонажа. Время действия – 1 мин." lvl="1"/>
        <spell castTime="0" maxRange="60">
          <power cost="35" type="mana"/>
        </spell>
      </talent>
    </tree>
  </talentTrees>
</page>
