<?xml version="1.0" encoding="UTF-8"?><page globalSearch="1" lang="ru_ru" requestUrl="/talent-tree.xml">
  <talentTrees>
    <tree bgImage="RogueCombat" icon="ability_backstab" key="Combat" name="Бой" order="1">
      <talent column="0" icon="ability_gouge" key="203" name="Улучшенный парализующий удар" tier="0">
        <rank description="Увеличение продолжительности действия эффекта способности &quot;Парализующий удар&quot; на 0.5 сек." lvl="1"/>
        <rank description="Увеличение продолжительности действия эффекта способности &quot;Парализующий удар&quot; на 1 сек." lvl="2"/>
        <rank description="Увеличение продолжительности действия эффекта способности &quot;Парализующий удар&quot; на 1.5 сек." lvl="3"/>
      </talent>
      <talent column="1" icon="spell_shadow_ritualofsacrifice" key="201" name="Улучшенный коварный удар" tier="0">
        <rank description="Снижает расход энергии на способность &quot;Коварный удар&quot; на 3 ед." lvl="1"/>
        <rank description="Снижение на 5 ед. расхода энергии на совершение &quot;Коварного удара&quot;." lvl="2"/>
      </talent>
      <talent column="2" icon="ability_dualwield" key="221" name="Специализация на бое двумя оружиями" tier="0">
        <rank description="Увеличивает урон, наносимый оружием в левой руке, на 10%." lvl="1"/>
        <rank description="Увеличивает урон, наносимый оружием в левой руке, на 20%." lvl="2"/>
        <rank description="Увеличивает урон, наносимый оружием в левой руке, на 30%." lvl="3"/>
        <rank description="Увеличивает урон, наносимый оружием в левой руке, на 40%." lvl="4"/>
        <rank description="Увеличивает урон, наносимый оружием в левой руке, на 50%." lvl="5"/>
      </talent>
      <talent column="0" icon="ability_rogue_slicedice" key="1827" name="Жестокая мясорубка" tier="1">
        <rank description="Увеличивает время действия способности &quot;Мясорубка&quot; на 25%." lvl="1"/>
        <rank description="Увеличивает время действия способности &quot;Мясорубка&quot; на 50%." lvl="2"/>
      </talent>
      <talent column="1" icon="ability_parry" key="187" name="Отражение" tier="1">
        <rank description="Повышает вероятность парирования атак на 2%." lvl="1"/>
        <rank description="Повышает вероятность парирования атак на 4%." lvl="2"/>
        <rank description="Повышает вероятность парирования атак на 6%." lvl="3"/>
      </talent>
      <talent column="3" icon="ability_marksmanship" key="181" name="Точность" tier="1">
        <rank description="Повышает на 1% вероятность попадания оружием или ядом." lvl="1"/>
        <rank description="Повышает на 2% вероятность попадания оружием или ядом." lvl="2"/>
        <rank description="Повышает на 3% вероятность попадания оружием или ядом." lvl="3"/>
        <rank description="Повышает на 4% вероятность попадания оружием или ядом." lvl="4"/>
        <rank description="Повышает на 5% вероятность попадания оружием или ядом." lvl="5"/>
      </talent>
      <talent column="0" icon="spell_shadow_shadowward" key="204" name="Закалка" tier="2">
        <rank description="Сокращает время восстановления ваших способностей &quot;Спринт&quot; и &quot;Ускользание&quot; на 30 сек. и увеличивает выносливость на 2%." lvl="1"/>
        <rank description="Сокращает время восстановления ваших способностей &quot;Спринт&quot; и &quot;Ускользание&quot; на 60 сек. и увеличивает выносливость на 4%." lvl="2"/>
      </talent>
      <talent column="1" icon="ability_warrior_challange" key="301" name="Ответный удар" requires="187" tier="2">
        <rank description="Этот удар становится доступен игроку после парирования удара противника. Эта атака наносит 150% от урона оружия и замедляет скорость атаки ближнего боя противника на 20% на 30 сек. Длина серии приемов увеличивается на 1." lvl="1"/>
        <spell castTime="0" cooldown="6000" maxRange="5">
          <power cost="10" type="energy"/>
        </spell>
      </talent>
      <talent column="2" icon="inv_weapon_shortblade_05" key="182" name="Близкий бой" requires="221" tier="2">
        <rank description="Повышает вероятность нанесения критического удара при использовании кинжалов и кистевого оружия на 1%." lvl="1"/>
        <rank description="Повышает вероятность нанесения критического удара при использовании кинжалов и кистевого оружия на 2%." lvl="2"/>
        <rank description="Повышает вероятность нанесения критического удара при использовании кинжалов и кистевого оружия на 3%." lvl="3"/>
        <rank description="Повышает вероятность нанесения критического удара при использовании кинжалов и кистевого оружия на 4%." lvl="4"/>
        <rank description="Повышает вероятность нанесения критического удара при использовании кинжалов и кистевого оружия на 5%." lvl="5"/>
      </talent>
      <talent column="0" icon="ability_kick" key="206" name="Улучшенный пинок" tier="3">
        <rank description="Повышение до 50% вероятности лишить противника дара речи на 2 сек. при использовании способности &quot;Пинок&quot;." lvl="1"/>
        <rank description="Повышение до 100% вероятности лишить противника дара речи на 2 сек. при использовании способности &quot;Пинок&quot;." lvl="2"/>
      </talent>
      <talent column="1" icon="ability_rogue_sprint" key="222" name="Улучшенный спринт" tier="3">
        <rank description="Дает 50%-й шанс снятия затрудняющих передвижение эффектов при использовании способности &quot;Спринт&quot;." lvl="1"/>
        <rank description="Дает 100%-й шанс снятия затрудняющих передвижение эффектов при использовании способности &quot;Спринт&quot;." lvl="2"/>
      </talent>
      <talent column="2" icon="spell_nature_invisibilty" key="186" name="Молниеносные рефлексы" tier="3">
        <rank description="Повышает вероятность уклонения на 2%. Скорость атаки ближнего боя возрастает на 4%." lvl="1"/>
        <rank description="Повышает вероятность уклонения на 4%. Скорость атаки ближнего боя возрастает на 7%." lvl="2"/>
        <rank description="Повышает вероятность уклонения на 6%. Скорость атаки ближнего боя возрастает на 10%." lvl="3"/>
      </talent>
      <talent column="3" icon="ability_racial_avatar" key="1122" name="Агрессивность" tier="3">
        <rank description="Увеличивает урон, наносимый вашими способностями &quot;Коварный удар&quot;, &quot;Удар в спину&quot; и &quot;Потрошение&quot; на 3%." lvl="1"/>
        <rank description="Увеличивает урон, наносимый вашими способностями &quot;Коварный удар&quot;, &quot;Удар в спину&quot; и &quot;Потрошение&quot; на 6%." lvl="2"/>
        <rank description="Увеличивает урон, наносимый вашими способностями &quot;Коварный удар&quot;, &quot;Удар в спину&quot; и &quot;Потрошение&quot; на 9%." lvl="3"/>
        <rank description="Увеличивает урон, наносимый вашими способностями &quot;Коварный удар&quot;, &quot;Удар в спину&quot; и &quot;Потрошение&quot; на 12%." lvl="4"/>
        <rank description="Увеличивает урон, наносимый вашими способностями &quot;Коварный удар&quot;, &quot;Удар в спину&quot; и &quot;Потрошение&quot; на 15%." lvl="5"/>
      </talent>
      <talent column="0" icon="inv_mace_01" key="184" name="Специализация на дробящем оружии" tier="4">
        <rank description="При атаке с использованием дробящего оружия игнорируется до 3% показателя брони противника." lvl="1"/>
        <rank description="При атаке с использованием дробящего оружия игнорируется до 6% показателя брони противника." lvl="2"/>
        <rank description="При атаке с использованием дробящего оружия игнорируется до 9% показателя брони противника." lvl="3"/>
        <rank description="При атаке с использованием дробящего оружия игнорируется до 12% показателя брони противника." lvl="4"/>
        <rank description="При атаке с использованием дробящего оружия игнорируется до 15% показателя брони противника." lvl="5"/>
      </talent>
      <talent column="1" icon="ability_warrior_punishingblow" key="223" name="Шквал клинков" tier="4">
        <rank description="Повышает скорость атаки на 20%, при этом также наносится удар ближайшему противнику. Время действия – 15 сек." lvl="1"/>
        <spell castTime="0" cooldown="120000">
          <power cost="25" type="energy"/>
        </spell>
      </talent>
      <talent column="2" icon="inv_sword_27" key="242" name="Руби, кромсай!" tier="4">
        <rank description="С вероятностью 1% позволяет атаковать противника повторно после того, как вы ударите его мечом или топором." lvl="1"/>
        <rank description="С вероятностью 2% позволяет атаковать противника повторно после того, как вы ударите его мечом или топором." lvl="2"/>
        <rank description="С вероятностью 3% позволяет атаковать противника повторно после того, как вы ударите его мечом или топором." lvl="3"/>
        <rank description="С вероятностью 4% позволяет атаковать противника повторно после того, как вы ударите его мечом или топором." lvl="4"/>
        <rank description="С вероятностью 5% позволяет атаковать противника повторно после того, как вы ударите его мечом или топором." lvl="5"/>
      </talent>
      <talent column="1" icon="spell_holy_blessingofstrength" key="1703" name="Оружейное мастерство" requires="223" tier="5">
        <rank description="Увеличивает мастерство на 5 ед." lvl="1"/>
        <rank description="Увеличивает мастерство на 10 ед." lvl="2"/>
      </talent>
      <talent column="2" icon="ability_rogue_bladetwisting" key="1706" name="Вращение лезвий" tier="5">
        <rank description="Увеличивает урон, наносимый способностями &quot;Коварный удар&quot; и &quot;Удар в спину&quot; на 5%. Все ваши атаки ближнего боя, достигшие цели, с вероятностью 10% могут наложить на противника эффект &quot;Головокружение&quot; на 4 сек." lvl="1"/>
        <rank description="Увеличивает урон, наносимый способностями &quot;Коварный удар&quot; и &quot;Удар в спину&quot; на 10%. Все ваши атаки ближнего боя с вероятностью 10% могут наложить на противника эффект &quot;Головокружение&quot; на 8 сек." lvl="2"/>
      </talent>
      <talent column="0" icon="ability_warrior_revenge" key="1705" name="Живучесть" tier="6">
        <rank description="Увеличивает скорость восстановления энергии на 8%." lvl="1"/>
        <rank description="Увеличивает скорость восстановления энергии на 16%." lvl="2"/>
        <rank description="Повышает скорость восполнения энергии на 25%." lvl="3"/>
      </talent>
      <talent column="1" icon="spell_shadow_shadowworddominate" key="205" name="Выброс адреналина" tier="6">
        <rank description="Увеличивает скорость восполнения энергии на 100% на 15 сек." lvl="1"/>
        <spell castTime="0" cooldown="180000"/>
      </talent>
      <talent column="2" icon="ability_rogue_nervesofsteel" key="1707" name="Стальные нервы" tier="6">
        <rank description="Уменьшает урон, получаемый во время действия эффектов оглушения и устрашения, на 15%." lvl="1"/>
        <rank description="Уменьшает урон, получаемый во время действия эффектов оглушения и устрашения, на 30%." lvl="2"/>
      </talent>
      <talent column="0" icon="ability_rogue_throwingspecialization" key="2072" name="Специализация на метательном оружии" tier="7">
        <rank description="Увеличивает дальность действия способностей &quot;Бросок&quot; и &quot;Смертельный бросок&quot; на 2 м. Способность &quot;Смертельный бросок&quot; может предотвратить произнесение заклинаний на 3 сек с вероятностью 50%." lvl="1"/>
        <rank description="Увеличивает дальность действия способностей &quot;Бросок&quot; и &quot;Смертельный бросок&quot; 4 м. Способность &quot;Смертельный бросок&quot; может предотвратить произнесение заклинаний на 3 сек с вероятностью 100%." lvl="2"/>
      </talent>
      <talent column="2" icon="inv_weapon_shortblade_38" key="1825" name="Боевой потенциал" tier="7">
        <rank description="Каждая успешная атака левой рукой с вероятностью 20% позволит накопить 3 ед. энергии." lvl="1"/>
        <rank description="Каждая успешная атака левой рукой с вероятностью 20% позволит накопить 6 ед. энергии." lvl="2"/>
        <rank description="Каждая успешная атака левой рукой с вероятностью 20% позволит накопить 9 ед. энергии." lvl="3"/>
        <rank description="Каждая успешная атака левой рукой с вероятностью 20% позволит накопить 12 ед. энергии." lvl="4"/>
        <rank description="Каждая успешная атака левой рукой с вероятностью 20% позволит накопить 15 ед. энергии." lvl="5"/>
      </talent>
      <talent column="0" icon="ability_rogue_unfairadvantage" key="2073" name="Незаслуженное преимущество" tier="8">
        <rank description="При уклонении от атаки вы получаете незаслуженное преимущество, нанося противнику 50% от урона вашего оружия в правой руке. Способность может применяться не чаще раза в секунду." lvl="1"/>
        <rank description="При уклонении от атаки вы получаете незаслуженное преимущество, нанося противнику 100% от урона вашего оружия в правой руке. Способность может применяться не чаще раза в секунду." lvl="2"/>
      </talent>
      <talent column="1" icon="ability_rogue_surpriseattack" key="1709" name="Неожиданные атаки" requires="205" tier="8">
        <rank description="Противник не сможет уклониться от ваших завершающих приемов, а урон от способностей &quot;Коварный удар&quot;, &quot;Удар в спину&quot;, &quot;Отравляющий укол&quot;, &quot;Кровоизлияние&quot; и &quot;Парализующий удар&quot; повышается на 10%." lvl="1"/>
      </talent>
      <talent column="2" icon="ability_creature_disease_03" key="2074" name="Жар битвы" tier="8">
        <rank description="Повышает силу атаки на 2% и увеличивает весь физический урон, наносимый отравленным вами врагам, на 2%." lvl="1"/>
        <rank description="Повышает силу атаки на 4% и увеличивает весь физический урон, наносимый отравленным вами врагам, на 4%." lvl="2"/>
      </talent>
      <talent column="1" icon="ability_rogue_preyontheweak" key="2075" name="Выживает сильнейший" tier="9">
        <rank description="Урон от критических ударов ваших атак увеличивается на 4%, когда у цели меньше здоровья, чем у вас (в процентах от общего здоровья)." lvl="1"/>
        <rank description="Урон от критических ударов ваших атак увеличивается на 8%, когда у цели меньше здоровья, чем у вас (в процентах от общего здоровья)." lvl="2"/>
        <rank description="Урон от критических ударов ваших атак увеличивается на 12%, когда у цели меньше здоровья, чем у вас (в процентах от общего здоровья)." lvl="3"/>
        <rank description="Урон от критических ударов ваших атак увеличивается на 16%, когда у цели меньше здоровья, чем у вас (в процентах от общего здоровья)." lvl="4"/>
        <rank description="Урон от критических ударов ваших атак увеличивается на 20%, когда у цели меньше здоровья, чем у вас (в процентах от общего здоровья)." lvl="5"/>
      </talent>
      <talent column="1" icon="ability_rogue_murderspree" key="2076" name="Череда убийств" tier="10">
        <rank description="Разбойник проходит сквозь тень, от противника к противнику, в радиусе 10 м, атакуя каждые 0,5 секунды обоими оружиями, пока не будет совершено 5 атак. Во время действия эффекта наносимый урон возрастает на 20%. Разбойник может атаковать одну цель несколько раз. Не затрагивает невидимые или незаметные цели." lvl="1"/>
        <spell castTime="0" cooldown="120000" maxRange="10"/>
      </talent>
    </tree>
    <tree bgImage="RogueSubtlety" icon="ability_stealth" key="Subtlety" name="Скрытность" order="2">
      <talent column="0" icon="ability_warrior_decisivestrike" key="2244" name="Неослабевающие удары" tier="0">
        <rank description="С вероятностью 4% за каждый прием в серии ваш завершающий прием восстановит 25 энергии." lvl="1"/>
        <rank description="С вероятностью 8% за каждый прием в серии ваш завершающий прием восстановит 25 энергии." lvl="2"/>
        <rank description="С вероятностью 12% за каждый прием в серии ваш завершающий прием восстановит 25 энергии." lvl="3"/>
        <rank description="С вероятностью 16% за каждый прием в серии ваш завершающий прием восстановит 25 энергии." lvl="4"/>
        <rank description="С вероятностью 20% за каждый прием в серии ваш завершающий прием восстановит 25 энергии." lvl="5"/>
      </talent>
      <talent column="1" icon="spell_shadow_charm" key="241" name="Мастер маскировки" tier="0">
        <rank description="Снижает вероятность того, что вы будете обнаружены, когда находитесь в режиме незаметности." lvl="1"/>
        <rank description="Снижает вероятность того, что вы будете обнаружены, когда находитесь в режиме незаметности. Эффективнее чем &quot;Мастер маскировки&quot; (уровень 1)." lvl="2"/>
        <rank description="Снижает вероятность того, что вы будете обнаружены, когда находитесь в режиме незаметности. Эффективнее чем &quot;Мастер маскировки&quot; (уровень 2)." lvl="3"/>
      </talent>
      <talent column="2" icon="ability_warrior_warcry" key="261" name="Правильный момент" tier="0">
        <rank description="Увеличивает урон, наносимый способностями &quot;Удар в спину&quot;, &quot;Расправа&quot;, &quot;Гаррота&quot; и &quot;Внезапный удар&quot;, на 10%." lvl="1"/>
        <rank description="Увеличивает урон, наносимый способностями &quot;Удар в спину&quot;, &quot;Расправа&quot;, &quot;Гаррота&quot; и &quot;Внезапный удар&quot;, на 20%." lvl="2"/>
      </talent>
      <talent column="0" icon="ability_rogue_feint" key="1700" name="Ловкость рук" tier="1">
        <rank description="Снижает вероятность критического поражения в ближнем и дальнем бою на 1%, увеличивает величину угрозы, нейтрализуемую способностью &quot;Ложный выпад&quot; на 10%." lvl="1"/>
        <rank description="Снижает вероятность критического поражения в ближнем и дальнем бою на 2%, увеличивает величину угрозы, нейтрализуемую способностью &quot;Ложный выпад&quot; на 20%." lvl="2"/>
      </talent>
      <talent column="1" icon="ability_sap" key="262" name="Грязные фокусы" tier="1">
        <rank description="Увеличивает дальность воздействия заклинаний &quot;Ослепление&quot; и &quot;Ошеломление&quot; на 2 метра и снижает расход энергии на них на 25%." lvl="1"/>
        <rank description="Увеличивает дальность воздействия заклинаний &quot;Ослепление&quot; и &quot;Ошеломление&quot; на 5 метров и снижает расход энергии на них на 50%." lvl="2"/>
      </talent>
      <talent column="2" icon="ability_stealth" key="244" name="Камуфляж" tier="1">
        <rank description="Увеличивает вашу скорость в состоянии незаметности на 5% и сокращает время восстановления способности &quot;Незаметность&quot; на 2 сек." lvl="1"/>
        <rank description="Увеличивает вашу скорость в состоянии незаметности на 10% и сокращает время восстановления способности &quot;Незаметность&quot; на 4 сек." lvl="2"/>
        <rank description="Увеличивает вашу скорость в состоянии незаметности на 15% и сокращает время восстановления способности &quot;Незаметность&quot; на 6 сек." lvl="3"/>
      </talent>
      <talent column="0" icon="spell_magic_lesserinvisibilty" key="247" name="Неуловимость" tier="2">
        <rank description="Сокращает время восстановления способностей &quot;Исчезновение&quot; и &quot;Ослепление&quot; на 30 с. и &quot;Плащ Теней&quot; на 15 с." lvl="1"/>
        <rank description="Сокращает время восстановления способностей &quot;Исчезновение&quot; и &quot;Ослепление&quot; на 60 с. и &quot;Плащ Теней&quot; на 30 с." lvl="2"/>
      </talent>
      <talent column="1" icon="spell_shadow_curse" key="303" name="Призрачный удар" tier="2">
        <rank description="Удар, наносящий урон, равный 125% стандартного урона оружия (180% если вы вооружены кинжалом), и увеличивающий вероятность уклонения от атак на 15% на 7 сек. Длина серии приемов увеличивается на 1." lvl="1"/>
        <spell castTime="0" cooldown="20000" maxRange="5">
          <power cost="40" type="energy"/>
        </spell>
      </talent>
      <talent column="2" icon="inv_sword_17" key="1123" name="Зазубренные клинки" tier="2">
        <rank description="Позволяет вашим атакам игнорировать до 3% брони цели. Увеличивает урон от способности &quot;Рваная рана&quot; на 10%." lvl="1"/>
        <rank description="Позволяет вашим атакам игнорировать до 6% брони цели. Увеличивает урон от способности &quot;Рваная рана&quot; на 20%." lvl="2"/>
        <rank description="Позволяет вашим атакам игнорировать до 9% брони цели. Увеличивает урон от способности &quot;Рваная рана&quot; на 30%." lvl="3"/>
      </talent>
      <talent column="0" icon="spell_nature_mirrorimage" key="246" name="Выучка" tier="3">
        <rank description="С вероятностью 33% в результате уклонения от физической атаки или полного сопротивления заклинанию длина серии приемов, проводимой против цели, увеличится на 1 прием. Этот эффект происходит не чаще, чем раз в секунду." lvl="1"/>
        <rank description="С вероятностью 66% в результате уклонения от физической атаки или полного сопротивления заклинанию длина серии приемов, проводимой против цели, увеличится на 1 прием. Этот эффект происходит не чаще, чем раз в секунду." lvl="2"/>
        <rank description="С вероятностью 100% в результате уклонения от физической атаки или полного сопротивления заклинанию длина серии приемов, проводимой против цели, увеличится на 1 прием. Этот эффект происходит не чаще, чем раз в секунду." lvl="3"/>
      </talent>
      <talent column="1" icon="spell_shadow_fumble" key="245" name="Инициатива" tier="3">
        <rank description="С вероятностью 33% в результате проведения приемов &quot;Внезапный удар&quot;, &quot;Гаррота&quot; и &quot;Подлый трюк&quot; длина серии приемов, проводимой против цели, увеличится дополнительно на 1 прием." lvl="1"/>
        <rank description="С вероятностью 66% в результате проведения приемов &quot;Внезапный удар&quot;, &quot;Гаррота&quot; и &quot;Подлый трюк&quot; длина серии приемов, проводимой против цели, увеличится дополнительно на 1 прием." lvl="2"/>
        <rank description="С вероятностью 100% в результате проведения приемов &quot;Внезапный удар&quot;, &quot;Гаррота&quot; и &quot;Подлый трюк&quot; длина серии приемов, проводимой против цели, увеличится дополнительно на 1 прием." lvl="3"/>
      </talent>
      <talent column="2" icon="ability_rogue_ambush" key="263" name="Улучшенный внезапный удар" tier="3">
        <rank description="Повышает вероятность нанесения критического удара способностью &quot;Внезапный удар&quot; на 25%." lvl="1"/>
        <rank description="Повышает вероятность нанесения критического удара способностью &quot;Внезапный удар&quot; на 50%." lvl="2"/>
      </talent>
      <talent column="0" icon="ability_ambush" key="1701" name="Обостренные чувства" tier="4">
        <rank description="Повышение вашего уровня способности &quot;Обнаружение незаметности&quot; и снижение для вас шанса поражения заклинаниями и атаками дальнего боя на 2%." lvl="1"/>
        <rank description="Увеличение вашей способности обнаруживать незаметных и уменьшение на 4% шанса получить удар заклинаниями и атакой в дальнем бою. Более эффективно, чем способность &quot;Обостренные чувства&quot; (уровень 1)" lvl="2"/>
      </talent>
      <talent column="1" icon="spell_shadow_antishadow" key="284" name="Подготовка" tier="4">
        <rank description="При активации этой способности немедленно обнуляется время восстановления способностей &quot;Ускользание&quot;, &quot;Спринт&quot;, &quot;Исчезновение&quot;, &quot;Хладнокровие&quot; и &quot;Шаг сквозь тень&quot;." lvl="1"/>
        <spell castTime="0" cooldown="480000"/>
      </talent>
      <talent column="2" icon="spell_shadow_summonsuccubus" key="265" name="Грязные делишки" tier="4">
        <rank description="Снижает расход энергии на способности &quot;Подлый трюк&quot; и &quot;Гаррота&quot; на 10 ед. Кроме того, ваши особые способности будут наносить на 10% больше урона противникам с уровнем здоровья менее 35%." lvl="1"/>
        <rank description="Снижает расход энергии на способности &quot;Подлый трюк&quot; и &quot;Гаррота&quot; на 20 ед. Кроме того, ваши особые способности будут наносить на 20% больше урона противникам с уровнем здоровья менее 35%." lvl="2"/>
      </talent>
      <talent column="3" icon="spell_shadow_lifedrain" key="681" name="Кровоизлияние" requires="1123" tier="4">
        <rank description="Резкий удар, наносящий урон, равный 110% урона оружия (160% если вы вооружены кинжалом). Вызванное ударом кровоизлияние усиливает физический урон, причиненный цели, на величину до 13 ед. Длится 10 ударов или в течение 15 сек. Длина серии приемов увеличивается на 1." lvl="1"/>
        <spell castTime="0" maxRange="5">
          <power cost="35" type="energy"/>
        </spell>
      </talent>
      <talent column="0" icon="ability_rogue_masterofsubtlety" key="1713" name="Мастер скрытности" tier="5">
        <rank description="Атаки, совершенные в состоянии незаметности, а также в течение 6 сек. после выхода из незаметности, наносят 4% дополнительного урона." lvl="1"/>
        <rank description="Атаки, совершенные в состоянии незаметности, а также в течение 6 сек. после выхода из незаметности, наносят 7% дополнительного урона." lvl="2"/>
        <rank description="Атаки, совершенные в состоянии незаметности, а также в течение 6 сек. после выхода из незаметности, наносят 10% дополнительного урона." lvl="3"/>
      </talent>
      <talent column="2" icon="inv_weapon_crossbow_11" key="1702" name="Убойная сила" tier="5">
        <rank description="Увеличивает силу атаки на 2%." lvl="1"/>
        <rank description="Увеличивает силу атаки на 4%." lvl="2"/>
        <rank description="Увеличивает силу атаки на 6%." lvl="3"/>
        <rank description="Увеличивает силу атаки на 8%." lvl="4"/>
        <rank description="Увеличивает силу атаки на 10%." lvl="5"/>
      </talent>
      <talent column="0" icon="ability_rogue_envelopingshadows" key="1711" name="Окутывающие тени" tier="6">
        <rank description="Снижает урон, получаемый от действующих на область заклинаний на 10%." lvl="1"/>
        <rank description="Снижает урон, получаемый от действующих на область заклинаний на 20%." lvl="2"/>
        <rank description="Снижает урон, получаемый от действующих на область заклинаний на 30%." lvl="3"/>
      </talent>
      <talent column="1" icon="spell_shadow_possession" key="381" name="Умысел" requires="284" tier="6">
        <rank description="Подготовительный прием, засчитывающийся за 2 приема. Необходимо продолжить или завершить серию в течение 20 сек. или эффект пропадет." lvl="1"/>
        <spell castTime="0" cooldown="20000" maxRange="30"/>
      </talent>
      <talent column="2" icon="ability_rogue_cheatdeath" key="1722" name="Обман смерти" tier="6">
        <rank description="При получении смертельного урона вы с вероятностью 33% останетесь живы и уровень вашего здоровья не упадет ниже 10% от максимального. При этом на следующие 3 сек. весь получаемый урон снизится на 90% или меньше, в зависимости от устойчивости. Этот эффект может срабатывать не чаще, чем раз в минуту." lvl="1"/>
        <rank description="При получении смертельного урона вы с вероятностью 66% останетесь живы и уровень вашего здоровья не упадет ниже 10% от максимального. При этом на следующие 3 сек. весь получаемый урон снизится на 90% или меньше, в зависимости от устойчивости. Этот эффект может срабатывать не чаще, чем раз в минуту." lvl="2"/>
        <rank description="При получении смертельного урона вы с вероятностью 100% останетесь живы и уровень вашего здоровья не упадет ниже 10% от максимального. При этом на следующие 3 сек. весь получаемый урон снизится на 90% или меньше, в зависимости от устойчивости. Этот эффект может срабатывать не чаще, чем раз в минуту." lvl="3"/>
      </talent>
      <talent column="1" icon="ability_rogue_sinistercalling" key="1712" name="Коварное призвание" requires="381" tier="7">
        <rank description="Повышает ловкость на 3% и увеличивает дополнительный урон от способностей &quot;Удар в спину&quot; и &quot;Кровоизлияние&quot; на 2%." lvl="1"/>
        <rank description="Повышает ловкость на 6% и увеличивает дополнительный урон от способностей &quot;Удар в спину&quot; и &quot;Кровоизлияние&quot; на 4%." lvl="2"/>
        <rank description="Повышает ловкость на 9% и увеличивает дополнительный урон от способностей &quot;Удар в спину&quot; и &quot;Кровоизлияние&quot; на 6%." lvl="3"/>
        <rank description="Повышает ловкость на 12% и увеличивает дополнительный урон от способностей &quot;Удар в спину&quot; и &quot;Кровоизлияние&quot; на 8%." lvl="4"/>
        <rank description="Повышает ловкость на 15% и увеличивает дополнительный урон от способностей &quot;Удар в спину&quot; и &quot;Кровоизлияние&quot; на 10%." lvl="5"/>
      </talent>
      <talent column="2" icon="ability_rogue_waylay" key="2077" name="Засада" tier="7">
        <rank description="С вероятностью 50% успешное применение способностей &quot;Внезапный удар&quot; и &quot;Удар в спину&quot; заставит противника потерять равновесие, что увеличит время между его атаками в ближнем и дальнем бою на 20%, а также снизит скорость его передвижения на 50% на 8 сек." lvl="1"/>
        <rank description="С вероятностью 100% успешное применение способностей &quot;Внезапный удар&quot; и &quot;Удар в спину&quot; заставит противника потерять равновесие, что увеличит время между его атаками в ближнем и дальнем бою на 20%, а также снизит скорость его передвижения на 50% на 8 сек." lvl="2"/>
      </talent>
      <talent column="0" icon="ability_rogue_honoramongstthieves" key="2078" name="Воровская честь" tier="8">
        <rank description="Когда любой член вашей группы наносит критический урон способностью или заклинанием или совершает критическое исцеление, вы с 33%-й вероятностью увеличиваете длину серии против текущей цели на один прием. Данный эффект срабатывает не чаще одного раза в несколько секунд." lvl="1"/>
        <rank description="Когда любой член вашей группы наносит критический урон способностью или заклинанием или совершает критическое исцеление, вы с 66%-й вероятностью увеличиваете длину серии против текущей цели на один прием. Данный эффект срабатывает не чаще одного раза в несколько секунд." lvl="2"/>
        <rank description="Когда любой член вашей группы наносит критический урон способностью или заклинанием или совершает критическое исцеление, вы с 100%-й вероятностью увеличиваете длину серии против текущей цели на один прием. Данный эффект срабатывает не чаще одного раза в несколько секунд." lvl="3"/>
      </talent>
      <talent column="1" icon="ability_rogue_shadowstep" key="1714" name="Шаг сквозь тень" tier="8">
        <rank description="Проходя сквозь тень, разбойник появляется за спиной противника. Скорость его передвижения увеличивается на 70% в течение 3 сек. Урон от примененной после этого способности увеличивается на 20%, а угроза, создаваемая ею, уменьшается на 50%. Время действия – 10 сек." lvl="1"/>
        <spell castTime="0" cooldown="30000" maxRange="25">
          <power cost="10" type="energy"/>
        </spell>
      </talent>
      <talent column="2" icon="ability_rogue_wrongfullyaccused" key="2079" name="Грязные трюки" tier="8">
        <rank description="Сокращает время восстановления способностей &quot;Маленькие хитрости&quot;, &quot;Отвлечение&quot; и &quot;Шаг сквозь тень&quot; на 5 сек., а затраты энергии на эти способности – на 5 ед. Снижает время восстановления способности &quot;Подготовка&quot; – на 1.5 мин." lvl="1"/>
        <rank description="Сокращает время восстановления способностей &quot;Маленькие хитрости&quot;, &quot;Отвлечение&quot; и &quot;Шаг сквозь тень&quot; на 10 сек., а затраты энергии на эти способности – на 10 ед. Снижает время восстановления способности &quot;Подготовка&quot; – на 3 мин." lvl="2"/>
      </talent>
      <talent column="1" icon="ability_rogue_slaughterfromtheshadows" key="2080" name="Резня во тьме" tier="9">
        <rank description="Снижает расход энергии на ваши способности &quot;Удар в спину&quot; и &quot;Внезапный удар&quot; на 4, на способность &quot;Кровоизлияние&quot; – на 1 и увеличивает весь наносимый урон на 1%." lvl="1"/>
        <rank description="Снижает расход энергии на ваши способности &quot;Удар в спину&quot; и &quot;Внезапный удар&quot; на 8, на способность &quot;Кровоизлияние&quot; – на 2 и увеличивает весь наносимый урон на 2%." lvl="2"/>
        <rank description="Снижает расход энергии на ваши способности &quot;Удар в спину&quot; и &quot;Внезапный удар&quot; на 12, на способность &quot;Кровоизлияние&quot; – на 3 и увеличивает весь наносимый вами урон на 3%." lvl="3"/>
        <rank description="Снижает расход энергии на ваши способности &quot;Удар в спину&quot; и &quot;Внезапный удар&quot; на 16, на способность &quot;Кровоизлияние&quot; – на 4 и увеличивает весь наносимый урон на 4%." lvl="4"/>
        <rank description="Снижает расход энергии на ваши способности &quot;Удар в спину&quot; и &quot;Внезапный удар&quot; на 20, на способность &quot;Кровоизлияние&quot; – на 5 и увеличивает весь наносимый урон на 5%." lvl="5"/>
      </talent>
      <talent column="1" icon="ability_rogue_shadowdance" key="2081" name="Танец теней" tier="10">
        <rank description="Начав танец теней, вы можете использовать способности &quot;Ошеломление&quot;, &quot;Гаррота&quot;, &quot;Внезапный удар&quot;, &quot;Подлый трюк&quot;, &quot;Умысел&quot;, &quot;Обшаривание карманов&quot; и &quot;Обезвреживание ловушки&quot; независимо от того, находитесь ли вы в состоянии незаметности, в течение 6 сек." lvl="1"/>
        <spell castTime="0" cooldown="60000"/>
      </talent>
    </tree>
    <tree bgImage="RogueAssassination" icon="ability_rogue_eviscerate" key="Assassination" name="Ликвидация" order="0">
      <talent column="0" icon="ability_rogue_eviscerate" key="276" name="Жестокое потрошение" tier="0">
        <rank description="Увеличивает урон, наносимый вашей способностью &quot;Потрошение&quot; на 7%." lvl="1"/>
        <rank description="Увеличивает урон, наносимый вашей способностью &quot;Потрошение&quot; на 14%." lvl="2"/>
        <rank description="Увеличивает урон, наносимый вашей способностью &quot;Потрошение&quot; на 20%." lvl="3"/>
      </talent>
      <talent column="1" icon="ability_fiegndead" key="272" name="Беспощадные атаки" tier="0">
        <rank description="Увеличивает шанс нанести критический удар способностями &quot;Коварный удар&quot;, &quot;Кровоизлияние&quot;, &quot;Удар в спину&quot;, &quot;Расправа&quot;, &quot;Внезапный удар&quot; и &quot;Призрачный удар&quot; на 20% после убийства цели, за которое вы получаете опыт или честь. Время действия – 20 сек." lvl="1"/>
        <rank description="Увеличивает шанс нанести критический удар способностями &quot;Коварный удар&quot;, &quot;Кровоизлияние&quot;, &quot;Удар в спину&quot;, &quot;Расправа&quot;, &quot;Внезапный удар&quot; и &quot;Призрачный удар&quot; на 40% после убийства цели, за которое вы получаете опыт или честь. Время действия – 20 сек." lvl="2"/>
      </talent>
      <talent column="2" icon="ability_racial_bloodrage" key="270" name="Злоба" tier="0">
        <rank description="Увеличивает шанс нанести критический удар на 1%." lvl="1"/>
        <rank description="Увеличивает шанс нанести критический удар на 2%." lvl="2"/>
        <rank description="Увеличивает шанс нанести критический удар на 3%." lvl="3"/>
        <rank description="Увеличивает шанс нанести критический удар на 4%." lvl="4"/>
        <rank description="Увеличивает шанс нанести критический удар на 5%." lvl="5"/>
      </talent>
      <talent column="0" icon="ability_druid_disembowel" key="273" name="Жестокость" tier="1">
        <rank description="С вероятностью 20% ваш завершающий прием засчитается как первый прием новой серии." lvl="1"/>
        <rank description="С вероятностью 40% ваш завершающий прием засчитается как первый прием новой серии." lvl="2"/>
        <rank description="С вероятностью 60% ваш завершающий прием засчитается как первый прием новой серии." lvl="3"/>
      </talent>
      <talent column="1" icon="ability_rogue_bloodsplatter" key="2068" name="Кровавый фонтан" tier="1">
        <rank description="Увеличивает урон способностей &quot;Гаррота&quot; и &quot;Рваная рана&quot; на 15%." lvl="1"/>
        <rank description="Увеличивает урон способностей &quot;Гаррота&quot; и &quot;Рваная рана&quot; на 30%." lvl="2"/>
      </talent>
      <talent column="3" icon="ability_backstab" key="277" name="Колотые раны" tier="1">
        <rank description="Повышает вероятность нанесения критического удара способностью &quot;Удар в спину&quot; на 10%, а способностью &quot;Расправа&quot; – на 5%." lvl="1"/>
        <rank description="Повышает вероятность нанесения критического удара способностью &quot;Удар в спину&quot; на 20%, а способностью &quot;Расправа&quot; – на 10%." lvl="2"/>
        <rank description="Повышает вероятность нанесения критического удара способностью &quot;Удар в спину&quot; на 30%, а способностью &quot;Расправа&quot; – на 15%." lvl="3"/>
      </talent>
      <talent column="0" icon="spell_nature_earthbindtotem" key="382" name="Неутомимость" tier="2">
        <rank description="Увеличивает максимальный запас энергии на 10 ед." lvl="1"/>
      </talent>
      <talent column="1" icon="ability_warrior_riposte" key="278" name="Сильное ослабление доспеха" tier="2">
        <rank description="Снижает расход энергии на способность &quot;Ослабление доспеха&quot; на 5." lvl="1"/>
        <rank description="Снижает расход энергии на способность &quot;Ослабление доспеха&quot; на 10." lvl="2"/>
      </talent>
      <talent column="2" icon="ability_criticalstrike" key="269" name="Смертоносность" requires="270" tier="2">
        <rank description="Увеличивает дополнительный урон от критических ударов всех приемов, продлевающих серию, на 6%. Не действует для приемов, которые требуют, чтобы персонаж был незаметен." lvl="1"/>
        <rank description="Увеличивает дополнительный урон от критических ударов всех приемов, продлевающих серию, на 12%. Не действует для приемов, которые требуют, чтобы персонаж был незаметен." lvl="2"/>
        <rank description="Увеличивает дополнительный урон от критических ударов всех приемов, продлевающих серию, на 18%. Не действует для приемов, которые требуют, чтобы персонаж был незаметен." lvl="3"/>
        <rank description="Увеличивает дополнительный урон от критических ударов всех приемов, продлевающих серию, на 24%. Не действует для приемов, которые требуют, чтобы персонаж был незаметен." lvl="4"/>
        <rank description="Увеличивает дополнительный урон от критических ударов всех приемов, продлевающих серию, на 30%. Не действует для приемов, которые требуют, чтобы персонаж был незаметен." lvl="5"/>
      </talent>
      <talent column="1" icon="ability_rogue_feigndeath" key="682" name="Тлетворные яды" tier="3">
        <rank description="Увеличивает урон, наносимый вашими ядами и способностью &quot;Отравление&quot;, на 7%. Увеличивает вероятность того, что ваши яды, наносящие периодический урон, не будут нейтрализованы, на 10%." lvl="1"/>
        <rank description="Увеличивает урон, наносимый вашими ядами и способностью &quot;Отравление&quot;, на 14%. Увеличивает вероятность того, что ваши яды, наносящие периодический урон, не будут нейтрализованы, на 20%." lvl="2"/>
        <rank description="Увеличивает урон, наносимый вашими ядами и способностью &quot;Отравление&quot;, на 20%. Увеличивает вероятность того, что ваши яды, наносящие периодический урон, не будут нейтрализованы, на 30%." lvl="3"/>
      </talent>
      <talent column="2" icon="ability_poisons" key="268" name="Улучшенные яды" tier="3">
        <rank description="Повышает вероятность отравить цель смертельным ядом на 4%, а частоту поражения быстродействующим ядом – на 10%." lvl="1"/>
        <rank description="Повышает вероятность отравить цель смертельным ядом на 8%, а частоту поражения быстродействующим ядом – на 20%." lvl="2"/>
        <rank description="Повышает вероятность отравить цель смертельным ядом на 12%, а частоту поражения быстродействующим ядом – на 30%." lvl="3"/>
        <rank description="Повышает вероятность отравить цель смертельным ядом на 16%, а частоту поражения быстродействующим ядом – на 40%." lvl="4"/>
        <rank description="Повышает вероятность отравить цель смертельным ядом на 20%, а частоту поражения быстродействующим ядом – на 50%." lvl="5"/>
      </talent>
      <talent column="0" icon="ability_rogue_fleetfooted" key="1721" name="Летящие шаги" tier="4">
        <rank description="Сокращает время действия затрудняющих передвижение эффектов на 15% и увеличивает скорость передвижения на 8%. Эффект не суммируется с другими, влияющими на скорость передвижения." lvl="1"/>
        <rank description="Сокращает время действия затрудняющих передвижение эффектов на 30% и увеличивает скорость передвижения на 15%. Эффект не суммируется с другими, влияющими на скорость передвижения." lvl="2"/>
      </talent>
      <talent column="1" icon="spell_ice_lament" key="280" name="Хладнокровие" tier="4">
        <rank description="При использовании повышает вероятность критического удара следующей атакующей способности на 100%." lvl="1"/>
        <spell castTime="0" cooldown="180000"/>
      </talent>
      <talent column="2" icon="ability_rogue_kidneyshot" key="279" name="Улучшенный удар по почкам" tier="4">
        <rank description="При воздействии вашей способности &quot;Удар по почкам&quot; противник получает дополнительно 3% урона от всех источников." lvl="1"/>
        <rank description="При воздействии вашей способности &quot;Удар по почкам&quot; противник получает дополнительно 6% урона от всех источников." lvl="2"/>
        <rank description="При воздействии вашей способности &quot;Удар по почкам&quot; противник получает дополнительно 9% урона от всех источников." lvl="3"/>
      </talent>
      <talent column="3" icon="ability_rogue_quickrecovery" key="1762" name="Восстановление сил" tier="4">
        <rank description="Повышает эффективность применяемого к вам лечения на 10%. Ваши завершающие приемы восполняют 40% энергии, когда не достигают цели." lvl="1"/>
        <rank description="Повышает эффективность применяемого к вам лечения на 20%. Ваши завершающие приемы восполняют 80% энергии, когда не достигают цели." lvl="2"/>
      </talent>
      <talent column="1" icon="spell_shadow_chilltouch" key="283" name="Печать судьбы" requires="280" tier="5">
        <rank description="В случае, если прием, увеличивающий длину серии, нанесет критический урон, есть вероятность 20%, что длина серии увеличится дополнительно на 1 прием." lvl="1"/>
        <rank description="В случае, если прием, увеличивающий длину серии, нанесет критический урон, есть вероятность 40%, что длина серии увеличится дополнительно на 1 прием." lvl="2"/>
        <rank description="В случае, если прием, увеличивающий длину серии, нанесет критический урон, есть вероятность 60%, что длина серии увеличится дополнительно на 1 прием." lvl="3"/>
        <rank description="В случае, если прием, увеличивающий длину серии, нанесет критический урон, есть вероятность 80%, что длина серии увеличится дополнительно на 1 прием." lvl="4"/>
        <rank description="В случае, если прием, увеличивающий длину серии, нанесет критический урон, есть вероятность 100%, что длина серии увеличится дополнительно на 1 прием." lvl="5"/>
      </talent>
      <talent column="2" icon="spell_shadow_deathscream" key="274" name="Убийство" tier="5">
        <rank description="Увеличивает весь наносимый урон на 2%." lvl="1"/>
        <rank description="Увеличивает весь наносимый урон на 4%." lvl="2"/>
      </talent>
      <talent column="0" icon="ability_rogue_deadlybrew" key="2065" name="Смертельное варево" tier="6">
        <rank description="Отравляя противника быстродействующим, нейтрализующим или дурманящим ядом вы с 50%-й вероятностью также отравляете его калечащим ядом." lvl="1"/>
        <rank description="Отравляя противника быстродействующим, нейтрализующим или дурманящим ядом вы с 100%-й вероятностью также отравляете его калечащим ядом." lvl="2"/>
      </talent>
      <talent column="1" icon="ability_hunter_rapidkilling" key="281" name="Бойня" tier="6">
        <rank description="Дополнительно накапливает 30% энергии в режиме незаметности и в течение 20 секунд после выхода из него." lvl="1"/>
      </talent>
      <talent column="2" icon="ability_rogue_deadenednerves" key="1723" name="Омертвевшие нервы" tier="6">
        <rank description="Уменьшает весь получаемый урон на 2%." lvl="1"/>
        <rank description="Уменьшает весь получаемый урон на 4%." lvl="2"/>
        <rank description="Уменьшает весь получаемый урон на 6%." lvl="3"/>
      </talent>
      <talent column="0" icon="ability_rogue_focusedattacks" key="2069" name="Целенаправленные атаки" tier="7">
        <rank description="33%-я вероятность восстановления 2 ед. энергии при нанесении критических ударов в ближнем бою." lvl="1"/>
        <rank description="66%-я вероятность восстановления 2 ед. энергии при нанесении критических ударов в ближнем бою." lvl="2"/>
        <rank description="100%-я вероятность восстановления 2 ед. энергии при нанесении критических ударов в ближнем бою." lvl="3"/>
      </talent>
      <talent column="2" icon="ability_rogue_findweakness" key="1718" name="Поиск слабости" tier="7">
        <rank description="Урон атакующих способностей увеличен на 2%." lvl="1"/>
        <rank description="Урон атакующих способностей увеличен на 4%." lvl="2"/>
        <rank description="Урон атакующих способностей увеличен на 6%." lvl="3"/>
      </talent>
      <talent column="0" icon="ability_creature_poison_06" key="1715" name="Мастер ядоварения" tier="8">
        <rank description="Увеличивает вероятность критического урона любой атаки против отравленного вами противника на 1%. Сокращает время действия эффектов яда на вас на 17%. При применении &quot;Отравления&quot; с вероятностью 33% с цели не будет сниматься эффект &quot;Смертельного яда&quot;." lvl="1"/>
        <rank description="Увеличивает вероятность критического урона любой атаки против отравленного вами противника на 2%. Сокращает время действия эффектов яда на вас на 34%. При применении &quot;Отравления&quot; с вероятностью 66% с цели не будет сниматься эффект &quot;Смертельного яда&quot;." lvl="2"/>
        <rank description="Увеличивает вероятность критического урона любой атаки против отравленного вами противника на 3%. Сокращает время действия эффектов яда на вас на 50%. При применении &quot;Отравления&quot; с вероятностью 100% с цели не будет сниматься эффект &quot;Смертельного яда&quot;." lvl="3"/>
      </talent>
      <talent column="1" icon="ability_rogue_shadowstrikes" key="1719" name="Расправа" requires="281" tier="8">
        <rank description="Одновременный удар двумя оружиями, наносящий 100% обычного урона от оружия. Кроме того, урон от каждого оружия дополнительно увеличивается на 44. Целям, находящимся под воздействием яда, наносится на 20% больше урона. Длина серии приемов увеличивается на 2." lvl="1"/>
        <spell castTime="0" maxRange="5">
          <power cost="60" type="energy"/>
        </spell>
      </talent>
      <talent column="2" icon="ability_rogue_turnthetables" key="2066" name="Смена ролей" tier="8">
        <rank description="Когда любой член вашей группы блокирует, парирует или уклоняется от удара, вероятность нанесения критических ударов всеми способностями, добавляющими приемы в серию, увеличивается на 2% на 8 сек." lvl="1"/>
        <rank description="Когда любой член вашей группы блокирует, парирует или уклоняется от удара, вероятность нанесения критических ударов всеми способностями, добавляющими приемы в серию, увеличивается на 4% на 8 сек." lvl="2"/>
        <rank description="Когда любой член вашей группы блокирует, парирует или уклоняется от удара, вероятность нанесения критических ударов всеми способностями, добавляющими приемы в серию, увеличивается на 6% на 8 сек." lvl="3"/>
      </talent>
      <talent column="1" icon="ability_rogue_cuttothechase" key="2070" name="Сразу к делу" tier="9">
        <rank description="С вероятностью 20% применение способностей &quot;Потрошение&quot; и &quot;Отравление&quot; возобновит продолжительность действия вашей способности &quot;Мясорубка&quot; до максимально возможного времени." lvl="1"/>
        <rank description="С вероятностью 40% применение способностей &quot;Потрошение&quot; и &quot;Отравление&quot; возобновит продолжительность действия вашей способности &quot;Мясорубка&quot; до максимально возможного времени." lvl="2"/>
        <rank description="С вероятностью 60% применение способностей &quot;Потрошение&quot; и &quot;Отравление&quot; возобновит продолжительность действия вашей способности &quot;Мясорубка&quot; до максимально возможного времени." lvl="3"/>
        <rank description="С вероятностью 80% применение способностей &quot;Потрошение&quot; и &quot;Отравление&quot; возобновит продолжительность действия вашей способности &quot;Мясорубка&quot; до максимально возможного времени." lvl="4"/>
        <rank description="С вероятностью 100% применение способностей &quot;Потрошение&quot; и &quot;Отравление&quot; возобновит продолжительность действия вашей способности &quot;Мясорубка&quot; до максимально возможного времени." lvl="5"/>
      </talent>
      <talent column="1" icon="ability_rogue_hungerforblood" key="2071" name="Жажда убийства" tier="10">
        <rank description="Вводит вас в исступление, увеличивая наносимый вами урон на 5%. Для применения необходимо, чтобы на цели был эффект кровотечения. Время действия – 1 мин." lvl="1"/>
        <spell castTime="0" maxRange="30">
          <power cost="15" type="energy"/>
        </spell>
      </talent>
    </tree>
  </talentTrees>
</page>
