<?xml version="1.0" encoding="UTF-8"?><page globalSearch="1" lang="ru_ru" requestUrl="/talent-tree.xml">
  <talentTrees>
    <tree bgImage="HunterPetCunning" icon="ability_hunter_combatexperience" key="Cunning" name="Хитрость" order="2">
      <talent column="0" icon="spell_nature_guardianward" key="2118" name="Рефлексы кобры" tier="0">
        <rank description="Повышает скорость атаки питомца на 15%. Ваш питомец будет сражаться быстрее, но каждый удар будет наносить меньше урона." lvl="1"/>
        <rank description="Повышает скорость атаки питомца на 30%. Ваш питомец будет сражаться быстрее, но каждый удар будет наносить меньше урона." lvl="2"/>
      </talent>
      <talent categoryMask0="212992" categoryMask1="-2147483648" column="1" icon="ability_druid_dash" key="2119" name="Порыв" tier="0">
        <rank description="Повышает скорость передвижения питомца на 80% на 16 сек." lvl="1"/>
        <spell castTime="0" cooldown="32000">
          <power cost="30" type="unknown"/>
        </spell>
      </talent>
      <talent categoryMask0="21238021" column="1" icon="spell_shadow_burningspirit" key="2201" name="Пикирование" tier="0">
        <rank description="Повышает скорость передвижения вашего питомца на 80% на 16 сек." lvl="1"/>
        <spell castTime="0" cooldown="32000">
          <power cost="30" type="unknown"/>
        </spell>
      </talent>
      <talent column="2" icon="spell_nature_unyeildingstamina" key="2120" name="Выносливость" tier="0">
        <rank description="Увеличивает общую выносливость питомца на 4%." lvl="1"/>
        <rank description="Увеличивает общую выносливость питомца на 8%." lvl="2"/>
        <rank description="Увеличивает общую выносливость питомца на 12%." lvl="3"/>
      </talent>
      <talent column="3" icon="spell_nature_spiritarmor" key="2121" name="Природная броня" tier="0">
        <rank description="Увеличивает общую броню питомца на 5%." lvl="1"/>
        <rank description="Увеличивает общую броню питомца на 10%." lvl="2"/>
      </talent>
      <talent column="0" icon="ability_hunter_pet_boar" key="2165" name="Звериная стремительность" tier="1">
        <rank description="Повышает скорость передвижения вашего питомца на 30%." lvl="1"/>
      </talent>
      <talent categoryMask0="21238021" column="1" icon="ability_hunter_animalhandler" key="2208" name="Подвижность" requires="2201" tier="1">
        <rank description="Сокращает время восстановления способности питомца &quot;Пикирование&quot; на 8 с." lvl="1"/>
        <rank description="Сокращает время восстановления способности питомца &quot;Пикирование&quot; на 16 с." lvl="2"/>
      </talent>
      <talent categoryMask0="212992" categoryMask1="-2147483648" column="1" icon="ability_hunter_animalhandler" key="2207" name="Подвижность" requires="2119" tier="1">
        <rank description="Сокращает время восстановления способности питомца &quot;Пикирование&quot; на 8 с." lvl="1"/>
        <rank description="Сокращает время восстановления способности питомца &quot;Пикирование&quot; на 16 с." lvl="2"/>
      </talent>
      <talent column="2" icon="ability_hunter_pet_owl" key="2182" name="Совиное внимание" tier="1">
        <rank description="С вероятностью 15% следующая способность вашего питомца будет применена без затрат тонуса, если предыдущая способность использовалась менее 8 сек. назад." lvl="1"/>
        <rank description="С вероятностью 30% следующая способность вашего питомца будет применена без затрат тонуса, если предыдущая способность использовалась менее 8 сек. назад." lvl="2"/>
      </talent>
      <talent column="3" icon="inv_jewelry_necklace_22" key="2127" name="Шипастый ошейник" tier="1">
        <rank description="Увеличивает урон, наносимый вашим питомцем, на 3%." lvl="1"/>
        <rank description="Увеличивает урон, наносимый вашим питомцем, на 6%." lvl="2"/>
        <rank description="Увеличивает урон, наносимый вашим питомцем, на 9%." lvl="3"/>
      </talent>
      <talent column="0" icon="inv_misc_monsterhorn_06" key="2166" name="Контроль популяции" tier="2">
        <rank description="Когда ваш питомец наносит критический удар способностями &quot;Цапнуть&quot;, &quot;Укус&quot; или &quot;Хлопок&quot;, урон, наносимый вами и вашим питомцем, повышается на 1% на 10 сек." lvl="1"/>
        <rank description="Когда ваш питомец наносит критический удар способностями &quot;Цапнуть&quot;, &quot;Укус&quot; или &quot;Хлопок&quot;, урон, наносимый вами и вашим питомцем, повышается на 2% на 10 сек." lvl="2"/>
        <rank description="Когда ваш питомец наносит критический удар способностями &quot;Цапнуть&quot;, &quot;Укус&quot; или &quot;Хлопок&quot;, урон, наносимый вами и вашим питомцем, повышается на 3% на 10 сек." lvl="3"/>
      </talent>
      <talent column="1" icon="inv_bannerpvp_02" key="2167" name="Львиное сердце" tier="2">
        <rank description="Сокращает время действия всех эффектов оглушения и страха на вашего питомца на 15%." lvl="1"/>
        <rank description="Сокращает время действия всех эффектов оглушения и страха на вашего питомца на 30%." lvl="2"/>
      </talent>
      <talent column="2" icon="ability_racial_cannibalize" key="2206" name="Падальщик" tier="2">
        <rank description="Ваш питомец приобретает способность есть трупы. При этом у него восстанавливается здоровье и улучшается настроение. Останки элементалей и механических существ не могут быть съедены." lvl="1"/>
        <spell castTime="0" cooldown="30000" maxRange="5"/>
      </talent>
      <talent column="1" icon="spell_nature_resistnature" key="2168" name="Сильное сопротивление" tier="3">
        <rank description="Ваш питомец получает на 5% меньше урона от огня, сил природы, магии льда, тайной и темной магии." lvl="1"/>
        <spell castTime="0"/>
        <rank description="Ваш питомец получает на 10% меньше урона от огня, сил природы, магии льда, тайной и темной магии." lvl="2"/>
        <spell castTime="0"/>
        <rank description="Ваш питомец получает на 15% меньше урона от огня, сил природы, магии льда, тайной и темной магии." lvl="3"/>
        <spell castTime="0"/>
      </talent>
      <talent column="2" icon="ability_hunter_survivalinstincts" key="2177" name="Загнанный зверь" tier="3">
        <rank description="Когда уровень здоровья вашего питомца опускается ниже 35%, наносимый им урон увеличивается на 25%, а вероятность того, что он получит критический урон, понижается на 30%." lvl="1"/>
        <rank description="Когда уровень здоровья вашего питомца опускается ниже 35%, наносимый им урон увеличивается на 50%, а вероятность того, что он получит критический урон, понижается на 60%." lvl="2"/>
      </talent>
      <talent column="3" icon="inv_misc_fish_48" key="2183" name="Жажда мяса" requires="2127" tier="3">
        <rank description="Ваш питомец наносит дополнительно 8% урона противникам с уровнем здоровья ниже 35%." lvl="1"/>
        <rank description="Ваш питомец наносит дополнительно 16% урона противникам с уровнем здоровья ниже 35%." lvl="2"/>
      </talent>
      <talent column="0" icon="ability_druid_lacerate" key="2181" name="Укус росомахи" tier="4">
        <rank description="После того, как ваш питомец наносит критический удар, он может яростно укусить противника, нанеся 5 ед. урона. Урон зависит от уровня питомца. Эту атаку невозможно парировать или блокировать, от нее нельзя уклониться." lvl="1"/>
        <spell castTime="0" cooldown="10000" maxRange="5"/>
      </talent>
      <talent column="1" icon="ability_druid_mastershapeshifter" key="2184" name="Рев восстановления" tier="4">
        <rank description="Ваш питомец проникновенным ревом восполняет 30% вашего запаса маны в течение 9 сек." lvl="1"/>
        <spell castTime="0" cooldown="180000" maxRange="40"/>
      </talent>
      <talent column="2" icon="ability_warrior_bullrush" key="2175" name="Ослиное упрямство" requires="2177" tier="4">
        <rank description="Снимает все замедляющие передвижение эффекты и эффекты, вызывающие потерю контроля над питомцем. Уменьшает урон, получаемый питомцем, на 20% на 12 сек." lvl="1"/>
        <spell castTime="0" cooldown="180000"/>
      </talent>
      <talent column="3" icon="inv_misc_ahnqirajtrinket_02" key="2257" name="Верткость богомола" tier="4">
        <rank description="Снижает вероятность того, что ваш питомец получит критический удар в ближнем бою, на 2%." lvl="1"/>
        <rank description="Снижает вероятность того, что ваш питомец получит критический удар в ближнем бою, на 4%." lvl="2"/>
      </talent>
      <talent column="0" icon="inv_misc_horn_04" key="2256" name="Жестокая травля" requires="2181" tier="5">
        <rank description="Повышает бонусы к выносливости и силе атаки питомца, зависящие от аналогичных параметров охотника, на 20% и 15% соответственно." lvl="1"/>
        <rank description="Повышает бонусы к выносливости и силе атаки питомца, зависящие от аналогичных параметров охотника, на 40% и 30% соответственно." lvl="2"/>
      </talent>
      <talent column="3" icon="ability_druid_demoralizingroar" key="2278" name="Рев самопожертвования" requires="2257" tier="5">
        <rank description="Защищает союзника от критических ударов. Атаки против него не могут иметь критического эффекта, но 20% всего урона также получает питомец. Время действия – 12 сек." lvl="1"/>
        <spell castTime="0" cooldown="60000" maxRange="40"/>
      </talent>
    </tree>
    <tree bgImage="HunterPetFerocity" icon="ability_druid_swipe" key="Ferocity" name="Свирепость" order="0">
      <talent column="0" icon="spell_nature_guardianward" key="2107" name="Рефлексы кобры" tier="0">
        <rank description="Повышает скорость атаки питомца на 15%. Ваш питомец будет сражаться быстрее, но каждый удар будет наносить меньше урона." lvl="1"/>
        <rank description="Повышает скорость атаки питомца на 30%. Ваш питомец будет сражаться быстрее, но каждый удар будет наносить меньше урона." lvl="2"/>
      </talent>
      <talent categoryMask0="42476576" categoryMask1="201326592" column="1" icon="ability_druid_dash" key="2109" name="Порыв" tier="0">
        <rank description="Повышает скорость передвижения питомца на 80% на 16 сек." lvl="1"/>
        <spell castTime="0" cooldown="32000">
          <power cost="30" type="unknown"/>
        </spell>
      </talent>
      <talent categoryMask0="2064" categoryMask1="268435456" column="1" icon="spell_shadow_burningspirit" key="2203" name="Пикирование" tier="0">
        <rank description="Повышает скорость передвижения вашего питомца на 80% на 16 сек." lvl="1"/>
        <spell castTime="0" cooldown="32000">
          <power cost="30" type="unknown"/>
        </spell>
      </talent>
      <talent column="2" icon="spell_nature_unyeildingstamina" key="2112" name="Выносливость" tier="0">
        <rank description="Увеличивает общую выносливость питомца на 4%." lvl="1"/>
        <rank description="Увеличивает общую выносливость питомца на 8%." lvl="2"/>
        <rank description="Увеличивает общую выносливость питомца на 12%." lvl="3"/>
      </talent>
      <talent column="3" icon="spell_nature_spiritarmor" key="2113" name="Природная броня" tier="0">
        <rank description="Увеличивает общую броню питомца на 5%." lvl="1"/>
        <rank description="Увеличивает общую броню питомца на 10%." lvl="2"/>
      </talent>
      <talent column="0" icon="ability_druid_cower" key="2124" name="Путь к отступлению" tier="1">
        <rank description="Ограничение скорости, накладываемое способностью &quot;Попятиться&quot;, уменьшается на 50%." lvl="1"/>
        <rank description="Ограничение скорости, накладываемое способностью &quot;Попятиться&quot;, уменьшается на 100%." lvl="2"/>
      </talent>
      <talent column="1" icon="ability_druid_primaltenacity" key="2128" name="Жажда крови" tier="1">
        <rank description="С вероятностью 10% каждая атака вашего питомца может повысить ему настроение на 5% и восстановить 5% здоровья." lvl="1"/>
        <rank description="С вероятностью 20% каждая атака вашего питомца может повысить ему настроение на 5% и восстановить 5% здоровья." lvl="2"/>
      </talent>
      <talent column="2" icon="inv_jewelry_necklace_22" key="2125" name="Шипастый ошейник" tier="1">
        <rank description="Увеличивает урон, наносимый вашим питомцем, на 3%." lvl="1"/>
        <rank description="Увеличивает урон, наносимый вашим питомцем, на 6%." lvl="2"/>
        <rank description="Увеличивает урон, наносимый вашим питомцем, на 9%." lvl="3"/>
      </talent>
      <talent column="3" icon="ability_hunter_pet_boar" key="2151" name="Звериная стремительность" tier="1">
        <rank description="Повышает скорость передвижения вашего питомца на 30%." lvl="1"/>
      </talent>
      <talent column="0" icon="inv_misc_monsterhorn_06" key="2106" name="Контроль популяции" tier="2">
        <rank description="Когда ваш питомец наносит критический удар способностями &quot;Цапнуть&quot;, &quot;Укус&quot; или &quot;Хлопок&quot;, урон, наносимый вами и вашим питомцем, повышается на 1% на 10 сек." lvl="1"/>
        <rank description="Когда ваш питомец наносит критический удар способностями &quot;Цапнуть&quot;, &quot;Укус&quot; или &quot;Хлопок&quot;, урон, наносимый вами и вашим питомцем, повышается на 2% на 10 сек." lvl="2"/>
        <rank description="Когда ваш питомец наносит критический удар способностями &quot;Цапнуть&quot;, &quot;Укус&quot; или &quot;Хлопок&quot;, урон, наносимый вами и вашим питомцем, повышается на 3% на 10 сек." lvl="3"/>
      </talent>
      <talent column="2" icon="inv_bannerpvp_02" key="2152" name="Львиное сердце" tier="2">
        <rank description="Сокращает время действия всех эффектов оглушения и страха на вашего питомца на 15%." lvl="1"/>
        <rank description="Сокращает время действия всех эффектов оглушения и страха на вашего питомца на 30%." lvl="2"/>
      </talent>
      <talent categoryMask0="2064" categoryMask1="268435456" column="3" icon="ability_hunter_pet_dragonhawk" key="2219" name="Налет" tier="2">
        <rank description="Питомец налетает на противника, обездвиживая его на 1 сек. Сила следующей атаки ближнего боя питомца увеличивается на 25%." lvl="1"/>
        <spell castTime="0" cooldown="25000" maxRange="25" minRange="8">
          <power cost="35" type="unknown"/>
        </spell>
      </talent>
      <talent categoryMask0="42476576" categoryMask1="201326592" column="3" icon="ability_hunter_pet_bear" key="2111" name="Рывок" tier="2">
        <rank description="Ваш питомец бросается на противника и обездвиживает его на 1 сек. Сила следующей атаки ближнего боя питомца возрастает на 25%." lvl="1"/>
        <spell castTime="0" cooldown="25000" maxRange="25" minRange="8">
          <power cost="35" type="unknown"/>
        </spell>
      </talent>
      <talent column="1" icon="inv_misc_pheonixpet_01" key="2156" name="Сердце феникса" requires="2128" tier="3">
        <rank description="После смерти ваш питомец чудесным образом воскресает с полным запасом здоровья." lvl="1"/>
      </talent>
      <talent column="2" icon="ability_hunter_pet_spider" key="2129" name="Укус паука" tier="3">
        <rank description="Повышает вероятность того, что ваш питомец нанесет критический удар, на 3%." lvl="1"/>
        <rank description="Повышает вероятность того, что ваш питомец нанесет критический удар, на 6%." lvl="2"/>
        <rank description="Повышает вероятность того, что ваш питомец нанесет критический удар, на 9%." lvl="3"/>
      </talent>
      <talent column="3" icon="spell_nature_resistnature" key="2154" name="Сильное сопротивление" tier="3">
        <rank description="Ваш питомец получает на 5% меньше урона от огня, сил природы, магии льда, тайной и темной магии." lvl="1"/>
        <spell castTime="0"/>
        <rank description="Ваш питомец получает на 10% меньше урона от огня, сил природы, магии льда, тайной и темной магии." lvl="2"/>
        <spell castTime="0"/>
        <rank description="Ваш питомец получает на 15% меньше урона от огня, сил природы, магии льда, тайной и темной магии." lvl="3"/>
        <spell castTime="0"/>
      </talent>
      <talent column="0" icon="ability_druid_berserk" key="2155" name="Раж" tier="4">
        <rank description="Ваш питомец впадает в боевое исступление. Его удары, достигшие цели, могут повысить силу атаки еще на 5%. Эффект суммируется до 5 раз. Время действия – 20 сек." lvl="1"/>
        <spell castTime="0" cooldown="45000"/>
      </talent>
      <talent column="1" icon="ability_hunter_mendpet" key="2153" name="Зализывание ран" requires="2156" tier="4">
        <rank description="Ваш питомец восстанавливает 100% здоровья в течение 5 сек. при поддержании эффекта." lvl="1"/>
        <spell castTime="0" channeled="1" cooldown="180000"/>
      </talent>
      <talent column="2" icon="ability_druid_kingofthejungle" key="2157" name="Зов дикой природы" requires="2129" tier="4">
        <rank description="Ваш питомец издает рык, увеличающий его и вашу силу атаки ближнего и дальнего боя на 10%. Время действия – 20 сек." lvl="1"/>
        <spell castTime="0" cooldown="300000"/>
      </talent>
      <talent column="0" icon="inv_misc_fish_35" key="2254" name="Акульи челюсти" tier="5">
        <rank description="Все атаки питомца наносят 3% дополнительного урона." lvl="1"/>
        <rank description="Все атаки питомца наносят 6% дополнительного урона." lvl="2"/>
      </talent>
      <talent column="2" icon="inv_misc_horn_04" key="2253" name="Жестокая травля" requires="2157" tier="5">
        <rank description="Повышает бонусы к выносливости и силе атаки питомца, зависящие от аналогичных параметров охотника, на 20% и 15% соответственно." lvl="1"/>
        <rank description="Повышает бонусы к выносливости и силе атаки питомца, зависящие от аналогичных параметров охотника, на 40% и 30% соответственно." lvl="2"/>
      </talent>
    </tree>
    <tree bgImage="HunterPetTenacity" icon="ability_hunter_pet_bear" key="Tenacity" name="Упорство" order="1">
      <talent column="0" icon="spell_nature_guardianward" key="2114" name="Рефлексы кобры" tier="0">
        <rank description="Повышает скорость атаки питомца на 15%. Ваш питомец будет сражаться быстрее, но каждый удар будет наносить меньше урона." lvl="1"/>
        <rank description="Повышает скорость атаки питомца на 30%. Ваш питомец будет сражаться быстрее, но каждый удар будет наносить меньше урона." lvl="2"/>
      </talent>
      <talent categoryMask0="3179210" categoryMask1="1610612736" column="1" icon="ability_hunter_pet_bear" key="2237" name="Рывок" tier="0">
        <rank description="Ваш питомец бросается на противника и обездвиживает его на 1 сек. Сила следующей атаки ближнего боя питомца возрастает на 25%." lvl="1"/>
        <spell castTime="0" cooldown="25000" maxRange="25" minRange="8">
          <power cost="35" type="unknown"/>
        </spell>
      </talent>
      <talent column="2" icon="spell_nature_unyeildingstamina" key="2116" name="Выносливость" tier="0">
        <rank description="Увеличивает общую выносливость питомца на 4%." lvl="1"/>
        <rank description="Увеличивает общую выносливость питомца на 8%." lvl="2"/>
        <rank description="Увеличивает общую выносливость питомца на 12%." lvl="3"/>
      </talent>
      <talent column="3" icon="spell_nature_spiritarmor" key="2117" name="Природная броня" tier="0">
        <rank description="Увеличивает общую броню питомца на 5%." lvl="1"/>
        <rank description="Увеличивает общую броню питомца на 10%." lvl="2"/>
      </talent>
      <talent column="0" icon="inv_jewelry_necklace_22" key="2126" name="Шипастый ошейник" tier="1">
        <rank description="Увеличивает урон, наносимый вашим питомцем, на 3%." lvl="1"/>
        <rank description="Увеличивает урон, наносимый вашим питомцем, на 6%." lvl="2"/>
        <rank description="Увеличивает урон, наносимый вашим питомцем, на 9%." lvl="3"/>
      </talent>
      <talent column="1" icon="ability_hunter_pet_boar" key="2160" name="Звериная стремительность" tier="1">
        <rank description="Повышает скорость передвижения вашего питомца на 30%." lvl="1"/>
      </talent>
      <talent column="2" icon="spell_shadow_lifedrain" key="2173" name="Кровь люторога" requires="2116" tier="1">
        <rank description="Увеличивает выносливость вашего питомца на 2% и усиливает исцеляющие эффекты на 20%." lvl="1"/>
        <rank description="Увеличивает выносливость вашего питомца на 4% и усиливает исцеляющие эффекты на 40%." lvl="2"/>
      </talent>
      <talent column="3" icon="inv_helmet_94" key="2122" name="Звериный доспех" requires="2117" tier="1">
        <rank description="Увеличивает показатель брони питомца на 5%, а вероятность уклонения – на 1%." lvl="1"/>
        <rank description="Увеличивает показатель брони питомца на 10%, а вероятность уклонения – на 2%." lvl="2"/>
      </talent>
      <talent column="0" icon="inv_misc_monsterhorn_06" key="2110" name="Контроль популяции" tier="2">
        <rank description="Когда ваш питомец наносит критический удар способностями &quot;Цапнуть&quot;, &quot;Укус&quot; или &quot;Хлопок&quot;, урон, наносимый вами и вашим питомцем, повышается на 1% на 10 сек." lvl="1"/>
        <rank description="Когда ваш питомец наносит критический удар способностями &quot;Цапнуть&quot;, &quot;Укус&quot; или &quot;Хлопок&quot;, урон, наносимый вами и вашим питомцем, повышается на 2% на 10 сек." lvl="2"/>
        <rank description="Когда ваш питомец наносит критический удар способностями &quot;Цапнуть&quot;, &quot;Укус&quot; или &quot;Хлопок&quot;, урон, наносимый вами и вашим питомцем, повышается на 3% на 10 сек." lvl="3"/>
      </talent>
      <talent column="1" icon="ability_physical_taunt" key="2123" name="Сторожевой пес" tier="2">
        <rank description="Угроза, создаваемая питомцем при использовании способности &quot;Рык&quot;, повышается на 10%. Кроме того, использование этой способности улучшает его настроение на 10%." lvl="1"/>
        <rank description="Угроза, создаваемая питомцем при использовании способности &quot;Рык&quot;, повышается на 20%. Кроме того, использование этой способности улучшает его настроение на 10%." lvl="2"/>
      </talent>
      <talent column="2" icon="inv_bannerpvp_02" key="2162" name="Львиное сердце" tier="2">
        <rank description="Сокращает время действия всех эффектов оглушения и страха на вашего питомца на 15%." lvl="1"/>
        <rank description="Сокращает время действия всех эффектов оглушения и страха на вашего питомца на 30%." lvl="2"/>
      </talent>
      <talent column="3" icon="ability_golemthunderclap" key="2277" name="Грохочущие шаги" tier="2">
        <rank description="Грохот, сотрясающий землю и наносящий 3 - 5 ед. урона от сил природы всем противникам в пределах 8 м. Эта способность немного увеличивает уровень угрозы." lvl="1"/>
        <spell castTime="0" cooldown="10000" maxRange="5">
          <power cost="20" type="unknown"/>
        </spell>
      </talent>
      <talent column="2" icon="inv_misc_ahnqirajtrinket_02" key="2163" name="Верткость богомола" tier="3">
        <rank description="Снижает вероятность того, что ваш питомец получит критический удар в ближнем бою, на 2%." lvl="1"/>
        <rank description="Снижает вероятность того, что ваш питомец получит критический удар в ближнем бою, на 4%." lvl="2"/>
      </talent>
      <talent column="3" icon="spell_nature_resistnature" key="2161" name="Сильное сопротивление" tier="3">
        <rank description="Ваш питомец получает на 5% меньше урона от огня, сил природы, магии льда, тайной и темной магии." lvl="1"/>
        <spell castTime="0"/>
        <rank description="Ваш питомец получает на 10% меньше урона от огня, сил природы, магии льда, тайной и темной магии." lvl="2"/>
        <spell castTime="0"/>
        <rank description="Ваш питомец получает на 15% меньше урона от огня, сил природы, магии льда, тайной и темной магии." lvl="3"/>
        <spell castTime="0"/>
      </talent>
      <talent column="0" icon="spell_nature_shamanrage" key="2171" name="Ни шагу назад" tier="4">
        <rank description="Максимальный запас здоровья вашего питомца повышается на 30% на 20 сек. По окончании действия эффекта дополнительное здоровье теряется." lvl="1"/>
        <spell castTime="0" cooldown="360000"/>
      </talent>
      <talent column="1" icon="spell_nature_reincarnation" key="2170" name="Провокация" requires="2123" tier="4">
        <rank description="Ваш питомец провоцирует противника атаковать его в течение 3 сек." lvl="1"/>
        <spell castTime="0" cooldown="180000" maxRange="5"/>
      </talent>
      <talent column="2" icon="ability_druid_demoralizingroar" key="2172" name="Рев самопожертвования" requires="2163" tier="4">
        <rank description="Защищает союзника от критических ударов. Атаки против него не могут иметь критического эффекта, но 20% всего урона также получает питомец. Время действия – 12 сек." lvl="1"/>
        <spell castTime="0" cooldown="60000" maxRange="40"/>
      </talent>
      <talent column="3" icon="ability_hunter_pet_turtle" key="2169" name="Вмешательство" tier="4">
        <rank description="Ваш питомец бросается к участнику вашей группы, принимая на себя следующую атаку ближнего или дальнего боя, направленную против него." lvl="1"/>
        <spell castTime="0" cooldown="30000" maxRange="25" minRange="8">
          <power cost="20" type="unknown"/>
        </spell>
      </talent>
      <talent column="1" icon="ability_hunter_pet_gorilla" key="2258" name="Вожак" tier="5">
        <rank description="Издавая рык, питомец восстанавливает 1% от общего объема своего здоровья." lvl="1"/>
        <rank description="Издавая рык, питомец восстанавливает 2% от общего объема своего здоровья." lvl="2"/>
      </talent>
      <talent column="2" icon="inv_misc_horn_04" key="2255" name="Жестокая травля" requires="2172" tier="5">
        <rank description="Повышает бонусы к выносливости и силе атаки питомца, зависящие от аналогичных параметров охотника, на 20% и 15% соответственно." lvl="1"/>
        <rank description="Повышает бонусы к выносливости и силе атаки питомца, зависящие от аналогичных параметров охотника, на 40% и 30% соответственно." lvl="2"/>
      </talent>
    </tree>
  </talentTrees>
</page>
