<?xml version="1.0" encoding="UTF-8"?><page globalSearch="1" lang="de_de" requestUrl="/talent-tree.xml">
  <talentTrees>
    <tree bgImage="DeathKnightFrost" icon="spell_deathknight_frostpresence" key="Frost" name="Frost" order="1">
      <talent column="0" icon="spell_deathknight_icetouch" key="2031" name="Verbesserte eisige Berührung" tier="0">
        <rank description="Eure Fähigkeit 'Eisige Berührung' verursacht 5% zusätzlichen Schaden und Euer Frostfieber verringert das Nahkampf- und Distanzangriffstempo um zusätzliche 2%." lvl="1"/>
        <rank description="Eure Fähigkeit 'Eisige Berührung' verursacht 10% zusätzlichen Schaden und Euer Frostfieber verringert das Nahkampf- und Distanzangriffstempo um zusätzliche 4%." lvl="2"/>
        <rank description="Eure Fähigkeit 'Eisige Berührung' verursacht 15% zusätzlichen Schaden und Euer Frostfieber verringert das Nahkampf- und Distanzangriffstempo um zusätzliche 6%." lvl="3"/>
      </talent>
      <talent column="1" icon="spell_arcane_arcane01" key="2020" name="Meister der Runenmacht" tier="0">
        <rank description="Erhöht Eure maximale Runenmacht um 15." lvl="1"/>
        <rank description="Erhöht Eure maximale Runenmacht um 30." lvl="2"/>
      </talent>
      <talent column="2" icon="spell_holy_devotion" key="1968" name="Zähigkeit" tier="0">
        <rank description="Erhöht Euren durch Gegenstände erzielten Rüstungswert um 2% und verringert die Dauer aller bewegungsverlangsamenden Effekte um 6%." lvl="1"/>
        <rank description="Erhöht Euren durch Gegenstände erzielten Rüstungswert um 4% und verringert die Dauer aller bewegungsverlangsamenden Effekte um 12%." lvl="2"/>
        <rank description="Erhöht Euren durch Gegenstände erzielten Rüstungswert um 6% und verringert die Dauer aller bewegungsverlangsamenden Effekte um 18%." lvl="3"/>
        <rank description="Erhöht Euren durch Gegenstände erzielten Rüstungswert um 8% und verringert die Dauer aller bewegungsverlangsamenden Effekte um 24%." lvl="4"/>
        <rank description="Erhöht Euren durch Gegenstände erzielten Rüstungswert um 10% und verringert die Dauer aller bewegungsverlangsamenden Effekte um 30%." lvl="5"/>
      </talent>
      <talent column="1" icon="spell_frost_manarecharge" key="2035" name="Eisige Reichweite" tier="1">
        <rank description="Erhöht die Reichweite Eurer Zauber 'Eisige Berührung', 'Eisketten' und 'Heulende Böe' um 5 Meter." lvl="1"/>
        <rank description="Erhöht die Reichweite Eurer Zauber 'Eisige Berührung', 'Eisketten' und 'Heulende Böe' um 10 Meter." lvl="2"/>
      </talent>
      <talent column="2" icon="spell_shadow_darkritual" key="1973" name="Schwarzes Eis" tier="1">
        <rank description="Erhöht Euren Frost- und Schattenschaden um 2%." lvl="1"/>
        <rank description="Erhöht Euren Frost- und Schattenschaden um 4%." lvl="2"/>
        <rank description="Erhöht Euren Frost- und Schattenschaden um 6%." lvl="3"/>
        <rank description="Erhöht Euren Frost- und Schattenschaden um 8%." lvl="4"/>
        <rank description="Erhöht Euren Frost- und Schattenschaden um 10%." lvl="5"/>
      </talent>
      <talent column="3" icon="ability_dualwield" key="2022" name="Nerven aus kaltem Stahl" tier="1">
        <rank description="Erhöht Eure Trefferchance mit Einhandwaffen um 1% und erhöht den von Eurer Schildhandwaffe verursachten Schaden um 8%." lvl="1"/>
        <rank description="Erhöht Eure Trefferchance mit Einhandwaffen um 2% und erhöht den von Eurer Schildhandwaffe verursachten Schaden um 16%." lvl="2"/>
        <rank description="Erhöht Eure Trefferchance mit Einhandwaffen um 3% und erhöht den von Eurer Schildhandwaffe verursachten Schaden um 25%." lvl="3"/>
      </talent>
      <talent column="0" icon="spell_deathknight_icytalons" key="2042" name="Eisige Klauen" requires="2031" tier="2">
        <rank description="Entzieht den Opfern Eures Frostfiebers die Wärme. Während ihr Nahkampfangriffstempo verringert wird, wird Eures für die nächsten 20 Sek. um 4% erhöht." lvl="1"/>
        <rank description="Entzieht den Opfern Eures Frostfiebers die Wärme. Während ihr Nahkampfangriffstempo verringert wird, wird Eures für die nächsten 20 Sek. um 8% erhöht." lvl="2"/>
        <rank description="Entzieht den Opfern Eures Frostfiebers die Wärme. Während ihr Nahkampfangriffstempo verringert wird, wird Eures für die nächsten 20 Sek. um 12% erhöht." lvl="3"/>
        <rank description="Entzieht den Opfern Eures Frostfiebers die Wärme. Während ihr Nahkampfangriffstempo verringert wird, wird Eures für die nächsten 20 Sek. um 16% erhöht." lvl="4"/>
        <rank description="Entzieht den Opfern Eures Frostfiebers die Wärme. Während ihr Nahkampfangriffstempo verringert wird, wird Eures für die nächsten 20 Sek. um 20% erhöht." lvl="5"/>
      </talent>
      <talent column="1" icon="spell_shadow_raisedead" key="2215" name="Lichritter" tier="2">
        <rank description="Erfüllt Euch mit unheiligen Energien, um 10 Sek. lang untot zu werden. Im untoten Zustand seid Ihr immun gegenüber Bezauberungs-, Furcht- und Schlafeffekten." lvl="1"/>
        <spell castTime="0" cooldown="120000"/>
      </talent>
      <talent column="2" icon="inv_weapon_hand_18" key="2048" name="Vernichtung" tier="2">
        <rank description="Erhöht die kritische Trefferchance Eurer Nahkampf-Spezialfähigkeiten um 1%. Zusätzlich besteht eine Chance von 33%, dass Eure Fähigkeit 'Auslöschen' Schaden verursacht, ohne Krankheiten aufzuzehren." lvl="1"/>
        <rank description="Erhöht die kritische Trefferchance Eurer Nahkampf-Spezialfähigkeiten um 2%. Zusätzlich besteht eine Chance von 66%, dass Eure Fähigkeit 'Auslöschen' Schaden verursacht, ohne Krankheiten aufzuzehren." lvl="2"/>
        <rank description="Erhöht die kritische Trefferchance Eurer Nahkampf-Spezialfähigkeiten um 3%. Zusätzlich besteht eine Chance von 100%, dass Eure Fähigkeit 'Auslöschen' Schaden verursacht, ohne Krankheiten aufzuzehren." lvl="3"/>
      </talent>
      <talent column="1" icon="inv_sword_122" key="2044" name="Tötungsmaschine" tier="3">
        <rank description="Eure Nahkampfangriffe haben eine Chance, dass Euer nächstes Wirken von 'Eisige Berührung', 'Heulende Böe' oder 'Froststoß' kritisch trifft." lvl="1"/>
        <rank description="Eure Nahkampfangriffe haben eine Chance, dass Euer nächstes Wirken von 'Eisige Berührung', 'Heulende Böe' oder 'Froststoß' kritisch trifft. Dieser Effekt wird häufiger ausgelöst als 'Tötungsmaschine' (Rang 1)." lvl="2"/>
        <rank description="Eure Nahkampfangriffe haben eine Chance, dass Euer nächstes Wirken von 'Eisige Berührung', 'Heulende Böe' oder 'Froststoß' kritisch trifft. Dieser Effekt wird häufiger ausgelöst als 'Tötungsmaschine' (Rang 2)." lvl="3"/>
        <rank description="Eure Nahkampfangriffe haben eine Chance, dass Euer nächstes Wirken von 'Eisige Berührung', 'Heulende Böe' oder 'Froststoß' kritisch trifft. Dieser Effekt wird häufiger ausgelöst als 'Tötungsmaschine' (Rang 3)." lvl="4"/>
        <rank description="Eure Nahkampfangriffe haben eine Chance, dass Euer nächstes Wirken von 'Eisige Berührung', 'Heulende Böe' oder 'Froststoß' kritisch trifft. Dieser Effekt wird häufiger ausgelöst als 'Tötungsmaschine' (Rang 4)." lvl="5"/>
      </talent>
      <talent column="2" icon="spell_frost_frostshock" key="1981" name="Grabeskühle" tier="3">
        <rank description="Eure Zauber 'Eisige Berührung', 'Eisketten', 'Heulende Böe' und 'Auslöschen' erzeugen 2,5 zusätzliche Runenmacht." lvl="1"/>
        <rank description="Eure Zauber 'Eisige Berührung', 'Eisketten', 'Heulende Böe' und 'Auslöschen' erzeugen 5 zusätzliche Runenmacht." lvl="2"/>
      </talent>
      <talent column="3" icon="spell_shadow_twilight" key="1971" name="Endloser Winter" tier="3">
        <rank description="Eure Stärke wird um 2% erhöht und die Kosten von 'Gedankenfrost' sind auf 10 Runenmacht verringert." lvl="1"/>
        <rank description="Eure Stärke wird um 4% erhöht und die Fähigkeit 'Gedankenfrost' kostet keine Runenmacht mehr." lvl="2"/>
      </talent>
      <talent column="1" icon="inv_chest_mail_04" key="1990" name="Eisige Schreckensplatte" tier="4">
        <rank description="Verringert die Chance, dass Ihr von Nahkampfangriffen getroffen werdet, um 1%." lvl="1"/>
        <rank description="Verringert die Chance, dass Ihr von Nahkampfangriffen getroffen werdet, um 2%." lvl="2"/>
        <rank description="Verringert die Chance, dass Ihr von Nahkampfangriffen getroffen werdet, um 3%." lvl="3"/>
      </talent>
      <talent column="2" icon="spell_nature_removedisease" key="2030" name="Gletscherverwesung" tier="4">
        <rank description="Erkrankte Ziele erleiden durch Eure Zauber 'Eisige Berührung', 'Heulende Böe' und 'Froststoß' 7% mehr Schaden." lvl="1"/>
        <rank description="Erkrankte Ziele erleiden durch Eure Zauber 'Eisige Berührung', 'Heulende Böe' und 'Froststoß' 13% mehr Schaden." lvl="2"/>
        <rank description="Erkrankte Ziele erleiden durch Eure Zauber 'Eisige Berührung', 'Heulende Böe' und 'Froststoß' 20% mehr Schaden." lvl="3"/>
      </talent>
      <talent column="3" icon="spell_shadow_soulleech_2" key="1980" name="Kälte des Todes" tier="4">
        <rank description="Bei Aktivierung erzielt Euer nächstes Wirken von 'Eisige Berührung', 'Heulende Böe', 'Froststoß' oder 'Auslöschen' innerhalb von 30 Sek. einen kritischen Treffer." lvl="1"/>
        <spell castTime="0" cooldown="120000"/>
      </talent>
      <talent column="0" icon="spell_deathknight_icytalons" key="2223" name="Verbesserte eisige Klauen" requires="2042" tier="5">
        <rank description="Erhöht das Nahkampfangriffstempo aller Gruppen- oder Schlachtzugsmitglieder im Umkreis von 100 Metern um 20%, Euer Tempo wird zusätzlich um 5% erhöht." lvl="1"/>
        <spell castTime="0"/>
      </talent>
      <talent column="1" icon="inv_sword_112" key="1993" name="Gnadenloser Kampf" tier="5">
        <rank description="Eure Fähigkeiten 'Eisige Berührung', 'Heulende Böe', 'Auslöschen' und 'Froststoß' verursachen 6% zusätzlichen Schaden, wenn das Ziel über weniger als 35% Gesundheit verfügt." lvl="1"/>
        <rank description="Eure Fähigkeiten 'Eisige Berührung', 'Heulende Böe', 'Auslöschen' und 'Froststoß' verursachen 12% zusätzlichen Schaden, wenn das Ziel über weniger als 35% Gesundheit verfügt." lvl="2"/>
      </talent>
      <talent column="2" icon="spell_frost_freezingbreath" key="1992" name="Raureif" tier="5">
        <rank description="Erhöht die kritische Trefferchance Eurer Fähigkeiten 'Eisige Berührung' und 'Auslöschen' um 5%. Zudem besteht beim Wirken von 'Auslöschen' eine Chance von 5%, dass die Abklingzeit Eurer Fähigkeit 'Heulende Böe' abgeschlossen wird und beim nächsten Wirken von 'Heulende Böe' keine Runen verbraucht werden." lvl="1"/>
        <rank description="Erhöht die kritische Trefferchance Eurer Fähigkeiten 'Eisige Berührung' und 'Auslöschen' um 10%. Zudem besteht beim Wirken von 'Auslöschen' eine Chance von 10%, dass die Abklingzeit Eurer Fähigkeit 'Heulende Böe' abgeschlossen wird und beim nächsten Wirken von 'Heulende Böe' keine Runen verbraucht werden." lvl="2"/>
        <rank description="Erhöht die kritische Trefferchance Eurer Fähigkeiten 'Eisige Berührung' und 'Auslöschen' um 15%. Zudem besteht beim Wirken von 'Auslöschen' eine Chance von 15%, dass die Abklingzeit Eurer Fähigkeit 'Heulende Böe' abgeschlossen wird und beim nächsten Wirken von 'Heulende Böe' keine Runen verbraucht werden." lvl="3"/>
      </talent>
      <talent column="0" icon="spell_frost_wisp" key="2260" name="Frostbeulen" tier="6">
        <rank description="Opfer Eures Frostfiebers werden von Kälte betroffen, welche ihr Bewegungstempo 10 Sek. lang um 15% verringert." lvl="1"/>
        <rank description="Opfer Eures Frostfiebers werden von Kälte betroffen, welche ihr Bewegungstempo 10 Sek. lang um 30% verringert." lvl="2"/>
        <rank description="Opfer Eures Frostfiebers werden von Kälte betroffen, welche ihr Bewegungstempo 10 Sek. lang um 50% verringert." lvl="3"/>
      </talent>
      <talent column="1" icon="inv_staff_15" key="1999" name="Zehrende Kälte" tier="6">
        <rank description="Entzieht der Erde unter dem Todesritter jegliche Wärme. Feinde innerhalb von 10 Metern werden in Eis eingeschlossen, das 10 Sek. lang jegliche ihrer Aktionen verhindert und sie mit Frostfieber ansteckt. Feinde zählen als eingefroren, jeglicher nicht von Krankheiten verursachter Schaden unterbricht den Effekt." lvl="1"/>
        <spell castTime="0" cooldown="60000">
          <power cost="40" type="runic"/>
        </spell>
      </talent>
      <talent column="2" icon="spell_deathknight_frostpresence" key="2029" name="Verbesserte Frostpräsenz" tier="6">
        <rank description="In der Blut- oder unheiligen Präsenz behaltet Ihr 4% der Ausdauer der Frostpräsenz bei. In Frostpräsenz wird Euer erlittener Schaden um zusätzliche 1% verringert." lvl="1"/>
        <rank description="In der Blut- oder unheiligen Präsenz behaltet Ihr 8% der Ausdauer der Frostpräsenz bei. In Frostpräsenz wird Euer erlittener Schaden um zusätzliche 2% verringert." lvl="2"/>
      </talent>
      <talent column="0" icon="ability_dualwieldspecialization" key="2284" name="Thassarians Drohung" tier="7">
        <rank description="Wenn Ihr zwei Einhandwaffen nutzt, haben Eure Fähigkeiten 'Todesstoß', 'Auslöschen', 'Seuchenstoß', 'Runenstoß', 'Blutstoß' und 'Froststoß' eine Chance von 30%, auch mit der Schildhandwaffe Schaden zu verursachen." lvl="1"/>
        <rank description="Wenn Ihr zwei Einhandwaffen nutzt, haben Eure Fähigkeiten 'Todesstoß', 'Auslöschen', 'Seuchenstoß', 'Runenstoß', 'Blutstoß' und 'Froststoß' eine Chance von 60%, auch mit der Schildhandwaffe Schaden zu verursachen." lvl="2"/>
        <rank description="Wenn Ihr zwei Einhandwaffen nutzt, haben Eure Fähigkeiten 'Todesstoß', 'Auslöschen', 'Seuchenstoß', 'Runenstoß', 'Blutstoß' und 'Froststoß' eine Chance von 100%, auch mit der Schildhandwaffe Schaden zu verursachen." lvl="3"/>
      </talent>
      <talent column="1" icon="inv_weapon_shortblade_79" key="2210" name="Blut des Nordens" tier="7">
        <rank description="Erhöht den Schaden von 'Blutstoß' und 'Froststoß' um 3%. Wenn Ihr mit Euren Fähigkeiten 'Blutstoß' oder 'Pestilenz' einen Treffer erzielt, besteht eine Chance von 30%, dass eine Blutrune bei ihrer Aktivierung zu einer Todesrune wird. Eine Todesrune zählt als Blut-, Frost- oder unheilige Rune." lvl="1"/>
        <rank description="Erhöht den Schaden von 'Blutstoß' und 'Froststoß' um 6%. Wenn Ihr mit Euren Fähigkeiten 'Blutstoß' oder 'Pestilenz' einen Treffer erzielt, besteht außerdem eine Chance von 60%, dass eine Blutrune bei ihrer Aktivierung zu einer Todesrune wird. Eine Todesrune zählt als Blut-, Frost- oder unheilige Rune." lvl="2"/>
        <rank description="Erhöht den Schaden von 'Blutstoß' und 'Froststoß' um 10%. Wenn Ihr mit Euren Fähigkeiten 'Blutstoß' oder 'Pestilenz' einen Treffer erzielt, besteht eine Chance von 100%, dass eine Blutrune bei ihrer Aktivierung zu einer Todesrune wird. Eine Todesrune zählt als Blut-, Frost- oder unheilige Rune." lvl="3"/>
      </talent>
      <talent column="2" icon="inv_armor_helm_plate_naxxramas_raidwarrior_c_01" key="1979" name="Undurchdringliche Rüstung" tier="7">
        <rank description="Verstärkt Eure Rüstung 20 Sek. lang durch eine dicke Eisschicht, die Eure Rüstung um 25% und Eure Stärke um 20% erhöht." lvl="1"/>
        <spell castTime="0" cooldown="60000">
          <power cost="1" type="frost"/>
        </spell>
      </talent>
      <talent column="0" icon="spell_fire_elementaldevastation" key="1997" name="Akklimatisierung" tier="8">
        <rank description="Werdet Ihr von einem Zauber getroffen, besteht eine Chance von 10%, dass Euer Widerstand gegen diese Art von Magie 18 Sek. lang erhöht wird. Bis zu 3-mal stapelbar." lvl="1"/>
        <rank description="Werdet Ihr von einem Zauber getroffen, besteht eine Chance von 20%, dass Euer Widerstand gegen diese Art von Magie 18 Sek. lang erhöht wird. Bis zu 3-mal stapelbar." lvl="2"/>
        <rank description="Werdet Ihr von einem Zauber getroffen, besteht eine Chance von 30%, dass Euer Widerstand gegen diese Art von Magie 18 Sek. lang erhöht wird. Bis zu 3-mal stapelbar." lvl="3"/>
      </talent>
      <talent column="1" icon="spell_deathknight_empowerruneblade2" key="1975" name="Froststoß" tier="8">
        <rank description="Schlägt den Feind sofort, verursacht 55% Waffenschaden plus 48 als Frostschaden." lvl="1"/>
        <spell castTime="0" maxRange="5">
          <power cost="40" type="runic"/>
        </spell>
      </talent>
      <talent column="2" icon="inv-sword_53" key="2040" name="Blutschattens Arglist" tier="8">
        <rank description="Erhöht den kritischen Schadensbonus Eurer Fähigkeiten 'Blutstoß', 'Froststoß', 'Heulende Böe' und 'Auslöschen' um 15% und erhöht die Dauer Eurer Fähigkeit 'Eisige Gegenwehr' um 2 Sek." lvl="1"/>
        <rank description="Erhöht den kritischen Schadensbonus Eurer Fähigkeiten 'Blutstoß', 'Froststoß', 'Heulende Böe' und 'Auslöschen' um 30% und erhöht die Dauer Eurer Fähigkeit 'Eisige Gegenwehr' um 4 Sek." lvl="2"/>
        <rank description="Erhöht den kritischen Schadensbonus Eurer Fähigkeiten 'Blutstoß', 'Froststoß', 'Heulende Böe' und 'Auslöschen' um 45% und erhöht die Dauer Eurer Fähigkeit 'Eisige Gegenwehr' um 6 Sek." lvl="3"/>
      </talent>
      <talent column="1" icon="spell_nature_tranquility" key="1998" name="Tundrajäger" tier="9">
        <rank description="Eure Fähigkeiten und Zauber verursachen an Zielen, die an Frostfieber erkrankt sind, 3% mehr Schaden. Erhöht zudem Eure Waffenkunde um 1." lvl="1"/>
        <rank description="Eure Fähigkeiten und Zauber verursachen an Zielen, die an Frostfieber erkrankt sind, 6% mehr Schaden. Erhöht zudem Eure Waffenkunde um 2." lvl="2"/>
        <rank description="Eure Fähigkeiten und Zauber verursachen an Zielen, die an Frostfieber erkrankt sind, 9% mehr Schaden. Erhöht zudem Eure Waffenkunde um 3." lvl="3"/>
        <rank description="Eure Fähigkeiten und Zauber verursachen an Zielen, die an Frostfieber erkrankt sind, 12% mehr Schaden. Erhöht zudem Eure Waffenkunde um 4." lvl="4"/>
        <rank description="Eure Fähigkeiten und Zauber verursachen an Zielen, die an Frostfieber erkrankt sind, 15% mehr Schaden. Erhöht zudem Eure Waffenkunde um 5." lvl="5"/>
      </talent>
      <talent column="1" icon="spell_frost_arcticwinds" key="1989" name="Heulende Böe" tier="10">
        <rank description="Weht dem Ziel eine eisige Böe entgegen, die allen Gegnern innerhalb von 10 Metern 198 bis 214 Frostschaden zufügt." lvl="1"/>
        <spell castTime="0" cooldown="8000" maxRange="20">
          <power cost="1" type="unholy"/>
          <power cost="1" type="frost"/>
        </spell>
      </talent>
    </tree>
    <tree bgImage="DeathKnightBlood" icon="spell_deathknight_bloodpresence" key="Blood" name="Blut" order="0">
      <talent column="0" icon="inv_axe_68" key="1939" name="Schlächter" tier="0">
        <rank description="Wenn Ihr einen Feind tötet, der Erfahrung oder Ehre gewährt, erzeugt Ihr bis zu 10 Runenmacht. Zusätzlich wird alle 5 Sek. 1 Runenmacht erzeugt, wenn Ihr Euch im Kampf befindet." lvl="1"/>
        <rank description="Wenn Ihr einen Feind tötet, der Erfahrung oder Ehre gewährt, erzeugt Ihr bis zu 20 Runenmacht. Zusätzlich wird alle 5 Sek. 2 Runenmacht erzeugt, wenn Ihr Euch im Kampf befindet." lvl="2"/>
      </talent>
      <talent column="1" icon="spell_deathknight_subversion" key="1945" name="Subversion" tier="0">
        <rank description="Erhöht die kritische Trefferchance Eurer Fähigkeiten 'Blutstoß', 'Geißelstoß', 'Herzstoß' und 'Auslöschen' um 3% und verringert die in Blut- oder unheiliger Präsenz erzeugte Bedrohung um 8%." lvl="1"/>
        <rank description="Erhöht die kritische Trefferchance Eurer Fähigkeiten 'Blutstoß', 'Geißelstoß', 'Herzstoß' und 'Auslöschen' um 6% und verringert die in Blut- oder unheiliger Präsenz erzeugte Bedrohung um 16%." lvl="2"/>
        <rank description="Erhöht die kritische Trefferchance Eurer Fähigkeiten 'Blutstoß', 'Geißelstoß', 'Herzstoß' und 'Auslöschen' um 9% und verringert die in Blut- oder unheiliger Präsenz erzeugte Bedrohung um 25%." lvl="3"/>
      </talent>
      <talent column="2" icon="ability_upgrademoonglaive" key="2017" name="Klingenbarriere" tier="0">
        <rank description="Immer, wenn Eure Blutrunen von Abklingzeit betroffen sind, gewinnt Ihr den Effekt 'Klingenbarriere', der Euren erlittenen Schaden die nächsten 10 Sek. lang um 1% verringert." lvl="1"/>
        <rank description="Immer, wenn Eure Blutrunen von Abklingzeit betroffen sind, gewinnt Ihr den Effekt 'Klingenbarriere', der Euren erlittenen Schaden die nächsten 10 Sek. lang um 2% verringert." lvl="2"/>
        <rank description="Immer, wenn Eure Blutrunen von Abklingzeit betroffen sind, gewinnt Ihr den Effekt 'Klingenbarriere', der Euren erlittenen Schaden die nächsten 10 Sek. lang um 3% verringert." lvl="3"/>
        <rank description="Immer, wenn Eure Blutrunen von Abklingzeit betroffen sind, gewinnt Ihr den Effekt 'Klingenbarriere', der Euren erlittenen Schaden die nächsten 10 Sek. lang um 4% verringert." lvl="4"/>
        <rank description="Immer, wenn Eure Blutrunen von Abklingzeit betroffen sind, gewinnt Ihr den Effekt 'Klingenbarriere', der Euren erlittenen Schaden die nächsten 10 Sek. lang um 5% verringert." lvl="5"/>
      </talent>
      <talent column="0" icon="inv_shoulder_36" key="1938" name="Klingenbewehrte Rüstung" tier="1">
        <rank description="Pro 180 Rüstungswert wird Eure Angriffskraft um 1 erhöht." lvl="1"/>
        <rank description="Pro 180 Rüstungswert wird Eure Angriffskraft um 2 erhöht." lvl="2"/>
        <rank description="Pro 180 Rüstungswert wird Eure Angriffskraft um 3 erhöht." lvl="3"/>
        <rank description="Pro 180 Rüstungswert wird Eure Angriffskraft um 4 erhöht." lvl="4"/>
        <rank description="Pro 180 Rüstungswert wird Eure Angriffskraft um 5 erhöht." lvl="5"/>
      </talent>
      <talent column="1" icon="ability_rogue_bloodyeye" key="1948" name="Blutgeruch" tier="1">
        <rank description="Ihr habt eine Chance von 15%, den Effekt 'Blutgeruch' zu erhalten, wenn Ihr direkten Schaden erlitten habt, ausgewichen seid oder pariert habt. Durch diesen Effekt erzeugt Euer nächster Nahkampftreffer 10 Runenmacht." lvl="1"/>
        <rank description="Ihr habt eine Chance von 15%, den Effekt 'Blutgeruch' zu erhalten, wenn Ihr direkten Schaden erlitten habt, ausgewichen seid oder pariert habt. Durch diesen Effekt erzeugen Eure nächsten 2 Nahkampftreffer 10 Runenmacht." lvl="2"/>
        <rank description="Ihr habt eine Chance von 15%, den Effekt 'Blutgeruch' zu erhalten, wenn Ihr direkten Schaden erlitten habt, ausgewichen seid oder pariert habt. Durch diesen Effekt erzeugen Eure nächsten 3 Nahkampftreffer 10 Runenmacht." lvl="3"/>
      </talent>
      <talent column="2" icon="inv_sword_68" key="2217" name="Zweihandwaffen-Spezialisierung" tier="1">
        <rank description="Erhöht den Schaden, den Ihr mit Zweihand-Nahkampfwaffen zufügt, um 2%." lvl="1"/>
        <rank description="Erhöht den Schaden, den Ihr mit Zweihand-Nahkampfwaffen zufügt, um 4%." lvl="2"/>
      </talent>
      <talent column="0" icon="spell_deathknight_runetap" key="1941" name="Runenheilung" tier="2">
        <rank description="Wandelt 1 Blutrune in 10% Eurer maximalen Gesundheit um." lvl="1"/>
        <spell castTime="0" cooldown="60000">
          <power cost="1" type="blood"/>
        </spell>
      </talent>
      <talent column="1" icon="spell_deathknight_darkconviction" key="1943" name="Dunkle Überzeugung" tier="2">
        <rank description="Erhöht Eure Chance, mit Waffen, Zaubern und Fähigkeiten einen kritischen Treffer zu erzielen um 1%." lvl="1"/>
        <rank description="Erhöht Eure Chance, mit Waffen, Zaubern und Fähigkeiten einen kritischen Treffer zu erzielen um 2%." lvl="2"/>
        <rank description="Erhöht Eure Chance, mit Waffen, Zaubern und Fähigkeiten einen kritischen Treffer zu erzielen um 3%." lvl="3"/>
        <rank description="Erhöht Eure Chance, mit Waffen, Zaubern und Fähigkeiten einen kritischen Treffer zu erzielen um 4%." lvl="4"/>
        <rank description="Erhöht Eure Chance, mit Waffen, Zaubern und Fähigkeiten einen kritischen Treffer zu erzielen um 5%." lvl="5"/>
      </talent>
      <talent column="2" icon="inv_sword_62" key="2086" name="Meister der Todesrunen" tier="2">
        <rank description="Wenn Ihr mit Euren Fähigkeiten 'Todesstoß' oder 'Auslöschen' einen Treffer erzielt, besteht eine Chance von 33%, dass Eure Frostrunen und unheiligen Runen bei ihrer Aktivierung zu Todesrunen werden. Eine Todesrune zählt als Blut-, Frost- oder unheilige Rune." lvl="1"/>
        <rank description="Wenn Ihr mit Euren Fähigkeiten 'Todesstoß' oder 'Auslöschen' einen Treffer erzielt, besteht eine Chance von 66%, dass Eure Frostrunen und unheiligen Runen bei ihrer Aktivierung zu Todesrunen werden. Eine Todesrune zählt als Blut-, Frost- oder unheilige Rune." lvl="2"/>
        <rank description="Wenn Ihr mit Euren Fähigkeiten 'Todesstoß' oder 'Auslöschen' einen Treffer erzielt, besteht eine Chance von 100%, dass Eure Frostrunen und unheiligen Runen bei ihrer Aktivierung zu Todesrunen werden. Eine Todesrune zählt als Blut-, Frost- oder unheilige Rune." lvl="3"/>
      </talent>
      <talent column="0" icon="spell_deathknight_runetap" key="1942" name="Verbesserte Runenheilung" requires="1941" tier="3">
        <rank description="Erhöht die durch Eure 'Runenheilung' gewährte Gesundheit um 33% und verringert ihre Abklingzeit um 10 Sek." lvl="1"/>
        <rank description="Erhöht die durch Eure 'Runenheilung' gewährte Gesundheit um 66% und verringert ihre Abklingzeit um 20 Sek." lvl="2"/>
        <rank description="Erhöht die durch Eure 'Runenheilung' gewährte Gesundheit um 100% und verringert ihre Abklingzeit um 30 Sek." lvl="3"/>
      </talent>
      <talent column="2" icon="spell_deathknight_spelldeflection" key="2018" name="Zauberabwehr" tier="3">
        <rank description="Ihr habt eine Chance, die dem Wert Eurer Parierchance entspricht, dass ein direkter Schadenszauber 15% weniger Schaden verursacht." lvl="1"/>
        <rank description="Ihr habt eine Chance, die dem Wert Eurer Parierchance entspricht, dass ein direkter Schadenszauber 30% weniger Schaden verursacht." lvl="2"/>
        <rank description="Ihr habt eine Chance, die dem Wert Eurer Parierchance entspricht, dass ein direkter Schadenszauber 45% weniger Schaden verursacht." lvl="3"/>
      </talent>
      <talent column="3" icon="spell_deathknight_vendetta" key="1953" name="Vendetta" tier="3">
        <rank description="Heilt Euch um bis zu 2% Eurer maximalen Gesundheit, wenn Ihr ein Ziel tötet, das Erfahrung oder Ehre gewährt." lvl="1"/>
        <rank description="Heilt Euch um bis zu 4% Eurer maximalen Gesundheit, wenn Ihr ein Ziel tötet, das Erfahrung oder Ehre gewährt." lvl="2"/>
        <rank description="Heilt Euch um bis zu 6% Eurer maximalen Gesundheit, wenn Ihr ein Ziel tötet, das Erfahrung oder Ehre gewährt." lvl="3"/>
      </talent>
      <talent column="0" icon="spell_deathknight_deathstrike" key="2015" name="Blutige Stöße" tier="4">
        <rank description="Erhöht den Schaden Eurer Fähigkeit 'Blutstoß' um 5%, der Fähigkeit 'Herzstoß' um 15% und erhöht den Schaden von 'Siedendes Blut' um 10%." lvl="1"/>
        <rank description="Erhöht den Schaden Eurer Fähigkeit 'Blutstoß' um 10%, der Fähigkeit 'Herzstoß' um 30% und erhöht den Schaden von 'Siedendes Blut' um 20%." lvl="2"/>
        <rank description="Erhöht den Schaden Eurer Fähigkeit 'Blutstoß' um 15%, der Fähigkeit 'Herzstoß' um 45% und erhöht den Schaden von 'Siedendes Blut' um 30%." lvl="3"/>
      </talent>
      <talent column="2" icon="spell_misc_warsongfocus" key="1950" name="Veteran des Dritten Krieges" tier="4">
        <rank description="Erhöht Eure gesamte Stärke um 2%, Eure Ausdauer um 1%, und Eure Waffenkunde um 2." lvl="1"/>
        <rank description="Erhöht Eure gesamte Stärke um 4%, Eure Ausdauer um 2%, und Eure Waffenkunde um 4." lvl="2"/>
        <rank description="Erhöht Eure gesamte Stärke um 6%, Eure Ausdauer um 3%, und Eure Waffenkunde um 6." lvl="3"/>
      </talent>
      <talent column="3" icon="ability_hunter_rapidkilling" key="1949" name="Mal des Blutes" tier="4">
        <rank description="Belegt einen Feind mit einem Mal des Blutes. Wenn dieser Feind Schaden verursacht, wird sein Ziel um 4% der eigenen maximalen Gesundheit geheilt. Hält 20 Sek. lang oder bis zu 20 Treffer lang an." lvl="1"/>
        <spell castTime="0" cooldown="180000" maxRange="30">
          <power cost="1" type="blood"/>
        </spell>
      </talent>
      <talent column="1" icon="ability_backstab" key="1944" name="Blutige Vergeltung" requires="1943" tier="5">
        <rank description="Gewährt Euch nach dem Erzielen eines kritischen Treffers mit einem automatischen Angriff, einem Zauber oder einer Fähigkeit 30 Sek. lang einen Bonus von 1% auf den von Euch verursachten körperlichen Schaden. Dieser Effekt ist bis zu 3-mal stapelbar." lvl="1"/>
        <rank description="Gewährt Euch nach dem Erzielen eines kritischen Treffers mit einem automatischen Angriff, einem Zauber oder einer Fähigkeit 30 Sek. lang einen Bonus von 2% auf den von Euch verursachten körperlichen Schaden. Dieser Effekt ist bis zu 3-mal stapelbar." lvl="2"/>
        <rank description="Gewährt Euch nach dem Erzielen eines kritischen Treffers mit einem automatischen Angriff, einem Zauber oder einer Fähigkeit 30 Sek. lang einen Bonus von 3% auf den von Euch verursachten körperlichen Schaden. Dieser Effekt ist bis zu 3-mal stapelbar." lvl="3"/>
      </talent>
      <talent column="2" icon="ability_warrior_intensifyrage" key="2105" name="Stärke der Monstrosität" tier="5">
        <rank description="Erhöht die Angriffskraft aller Gruppen- und Schlachtzugsmitglieder im Umkreis von 100 Metern um 5%. Erhöht zudem Eure gesamte Stärke um 1%." lvl="1"/>
        <rank description="Erhöht die Angriffskraft aller Gruppen- und Schlachtzugsmitglieder im Umkreis von 100 Metern um 10%. Erhöht zudem Eure gesamte Stärke um 2%." lvl="2"/>
      </talent>
      <talent column="0" icon="spell_shadow_soulleech" key="1960" name="Blutwürmer" tier="6">
        <rank description="Eure Treffer mit Waffen haben eine Chance von 3%, dass aus dem Ziel 2-4 Blutwürmer hervorbrechen. Blutwürmer greifen Eure Feinde an und heilen Euch in Höhe des verursachten Schadens. Blutwürmer bestehen 20 Sekunden, oder bis sie getötet werden." lvl="1"/>
        <rank description="Eure Treffer mit Waffen haben eine Chance von 6%, dass aus dem Ziel 2-4 Blutwürmer hervorbrechen. Blutwürmer greifen Eure Feinde an und heilen Euch in Höhe des verursachten Schadens. Blutwürmer bestehen 20 Sekunden, oder bis sie getötet werden." lvl="2"/>
        <rank description="Eure Treffer mit Waffen haben eine Chance von 9%, dass aus dem Ziel 2-4 Blutwürmer hervorbrechen. Blutwürmer greifen Eure Feinde an und heilen Euch in Höhe des verursachten Schadens. Blutwürmer bestehen 20 Sekunden, oder bis sie getötet werden." lvl="3"/>
      </talent>
      <talent column="1" icon="spell_deathknight_bladedarmor" key="1954" name="Bösartigkeit" tier="6">
        <rank description="Versetzt eine freundliche Einheit 30 Sek. lang in einen Blutrausch. Das Ziel wird wütend und sein verursachter körperlicher Schaden um 20% erhöht. Es verliert jedoch pro Sekunde Gesundheit in Höhe von 1% seiner maximalen Gesundheit." lvl="1"/>
        <spell castTime="0" cooldown="180000" maxRange="30"/>
      </talent>
      <talent column="2" icon="spell_deathknight_bloodpresence" key="1936" name="Verbesserte Blutpräsenz" tier="6">
        <rank description="In der Frost- oder unheiligen Präsenz behaltet Ihr 2% der Heilung der Blutpräsenz bei. In Blutpräsenz wird Eure erhaltene Heilung um 5% erhöht." lvl="1"/>
        <rank description="In der Frost- oder unheiligen Präsenz behaltet Ihr 4% der Heilung der Blutpräsenz bei. In Blutpräsenz wird Eure erhaltene Heilung um 10% erhöht." lvl="2"/>
      </talent>
      <talent column="0" icon="spell_deathknight_butcher2" key="2259" name="Verbesserter Todesstoß" tier="7">
        <rank description="Erhöht den Schaden Eurer Fähigkeit 'Todesstoß' um 15%, ihre kritische Trefferchance um 3% und die gewährte Heilung um 25%." lvl="1"/>
        <rank description="Erhöht den Schaden Eurer Fähigkeit 'Todesstoß' um 30%, ihre kritische Trefferchance um 6% und die gewährte Heilung um 50%." lvl="2"/>
      </talent>
      <talent column="1" icon="spell_shadow_painspike" key="1955" name="Hereinbrechende Verdammnis" tier="7">
        <rank description="Eure Fähigkeiten 'Blutstoß' und 'Herzstoß' haben eine Chance von 5%, dass zusätzlich auf das Ziel der Zauber 'Todesmantel' kostenlos gewirkt wird." lvl="1"/>
        <rank description="Eure Fähigkeiten 'Blutstoß' und 'Herzstoß' haben eine Chance von 10%, dass zusätzlich auf das Ziel der Zauber 'Todesmantel' kostenlos gewirkt wird." lvl="2"/>
        <rank description="Eure Fähigkeiten 'Blutstoß' und 'Herzstoß' haben eine Chance von 15%, dass zusätzlich auf das Ziel der Zauber 'Todesmantel' kostenlos gewirkt wird." lvl="3"/>
      </talent>
      <talent column="2" icon="spell_shadow_lifedrain" key="2019" name="Vampirblut" tier="7">
        <rank description="Gewährt dem Todesritter zeitweise 15% seiner maximalen Gesundheit und erhöht die durch Zauber und Effekte erzeugte Gesundheit 10 Sek. lang um 35%. Wenn der Effekt endet, geht die zusätzliche Gesundheit verloren." lvl="1"/>
        <spell castTime="0" cooldown="60000">
          <power cost="1" type="blood"/>
        </spell>
      </talent>
      <talent column="0" icon="ability_creature_cursed_02" key="1959" name="Wille der Nekropole" tier="8">
        <rank description="Schaden, der Eure Gesundheit unter 35% sinken lassen würde, oder den Ihr mit 35% Gesundheit erleidet, wird um 5% verringert." lvl="1"/>
        <rank description="Schaden, der Eure Gesundheit unter 35% sinken lassen würde, oder den Ihr mit 35% Gesundheit erleidet, wird um 10% verringert." lvl="2"/>
        <rank description="Schaden, der Eure Gesundheit unter 35% sinken lassen würde, oder den Ihr mit 35% Gesundheit erleidet, wird um 15% verringert." lvl="3"/>
      </talent>
      <talent column="1" icon="inv_weapon_shortblade_40" key="1957" name="Herzstoß" tier="8">
        <rank description="Schlägt sofort das Ziel und seinen nächsten Verbündeten. Dem Primärziel werden 50% Waffenschaden plus 125 zugefügt, dem Sekundärziel 25% Waffenschaden plus 63. Für jede Eurer auf das jeweilige Ziel wirkenden Krankheiten erleidet es zusätzlich 10% Schaden." lvl="1"/>
        <spell castTime="0" maxRange="5">
          <power cost="1" type="blood"/>
        </spell>
      </talent>
      <talent column="2" icon="spell_deathknight_classicon" key="1958" name="Mograines Macht" tier="8">
        <rank description="Erhöht den kritischen Schadensbonus Eurer Fähigkeiten 'Blutstoß', 'Herzstoß', 'Todesstoß' und 'Siedendes Blut' um 15%." lvl="1"/>
        <rank description="Erhöht den kritischen Schadensbonus Eurer Fähigkeiten 'Blutstoß', 'Herzstoß', 'Todesstoß' und 'Siedendes Blut' um 30%." lvl="2"/>
        <rank description="Erhöht den kritischen Schadensbonus Eurer Fähigkeiten 'Blutstoß', 'Herzstoß', 'Todesstoß' und 'Siedendes Blut' um 45%." lvl="3"/>
      </talent>
      <talent column="1" icon="spell_nature_reincarnation" key="2034" name="Blutsättigung" tier="9">
        <rank description="Wenn Eure Gesundheit mehr als 75% beträgt, verursacht Ihr 2% mehr Schaden. Zusätzlich ignorieren Eure Angriffe stets bis zu 2% der Rüstung Eures Gegners." lvl="1"/>
        <rank description="Wenn Eure Gesundheit mehr als 75% beträgt, verursacht Ihr 4% mehr Schaden. Zusätzlich ignorieren Eure Angriffe stets bis zu 4% der Rüstung Eures Gegners." lvl="2"/>
        <rank description="Wenn Eure Gesundheit mehr als 75% beträgt, verursacht Ihr 6% mehr Schaden. Zusätzlich ignorieren Eure Angriffe stets bis zu 6% der Rüstung Eures Gegners." lvl="3"/>
        <rank description="Wenn Eure Gesundheit mehr als 75% beträgt, verursacht Ihr 8% mehr Schaden. Zusätzlich ignorieren Eure Angriffe stets bis zu 8% der Rüstung Eures Gegners." lvl="4"/>
        <rank description="Wenn Eure Gesundheit mehr als 75% beträgt, verursacht Ihr 10% mehr Schaden. Zusätzlich ignorieren Eure Angriffe stets bis zu 10% der Rüstung Eures Gegners." lvl="5"/>
      </talent>
      <talent column="1" icon="inv_sword_07" key="1961" name="Tanzende Runenwaffe" tier="10">
        <rank description="Beschwört eine zweite Runenwaffe, die 12 Sek. lang eigenständig kämpft. Die Waffe imitiert die Angriffe des Todesritters, verursacht jedoch 50% weniger Schaden." lvl="1"/>
        <spell castTime="0" cooldown="90000" maxRange="30">
          <power cost="60" type="runic"/>
        </spell>
      </talent>
    </tree>
    <tree bgImage="DeathKnightUnholy" icon="spell_deathknight_unholypresence" key="Unholy" name="Unheilig" order="2">
      <talent column="0" icon="spell_deathknight_plaguestrike" key="2082" name="Heimtückische Stöße" tier="0">
        <rank description="Die kritische Trefferchance Eurer Fähigkeiten 'Seuchenstoß' und 'Geißelstoß' wird um 3%, ihr kritischer Schadensbonus um 15% erhöht." lvl="1"/>
        <rank description="Die kritische Trefferchance Eurer Fähigkeiten 'Seuchenstoß' und 'Geißelstoß' wird um 6%, ihr kritischer Schadensbonus um 30% erhöht." lvl="2"/>
      </talent>
      <talent column="1" icon="spell_shadow_burningspirit" key="1932" name="Virulenz" tier="0">
        <rank description="Erhöht Eure Zaubertrefferchance um 1% und verringert die Chance, dass Eure Krankheiten, die Schaden im Laufe der Zeit verursachen, aufgehoben werden, um 10%." lvl="1"/>
        <rank description="Erhöht Eure Zaubertrefferchance um 2% und verringert die Chance, dass Eure Krankheiten, die Schaden im Laufe der Zeit verursachen, aufgehoben werden, um 20%." lvl="2"/>
        <rank description="Erhöht Eure Zaubertrefferchance um 3% und verringert die Chance, dass Eure Krankheiten, die Schaden im Laufe der Zeit verursachen, aufgehoben werden, um 30%." lvl="3"/>
      </talent>
      <talent column="2" icon="spell_nature_mirrorimage" key="2218" name="Vorahnung" tier="0">
        <rank description="Erhöht Eure Ausweichchance um 1%." lvl="1"/>
        <rank description="Erhöht Eure Ausweichchance um 2%." lvl="2"/>
        <rank description="Erhöht Eure Ausweichchance um 3%." lvl="3"/>
        <rank description="Erhöht Eure Ausweichchance um 4%." lvl="4"/>
        <rank description="Erhöht Eure Ausweichchance um 5%." lvl="5"/>
      </talent>
      <talent column="0" icon="spell_shadow_shadowwordpain" key="1963" name="Epidemie" tier="1">
        <rank description="Erhöht die Dauer Eurer Krankheiten 'Blutseuche' und 'Frostfieber' um 3 Sek." lvl="1"/>
        <rank description="Erhöht die Dauer Eurer Krankheiten 'Blutseuche' und 'Frostfieber' um 6 Sek." lvl="2"/>
      </talent>
      <talent column="1" icon="spell_shadow_deathanddecay" key="1933" name="Morbidität" tier="1">
        <rank description="Erhöht den Schaden und den Heilungseffekt von 'Todesmantel' um 5% und verringert die Abklingzeit von 'Tod und Verfall' um 5 Sek." lvl="1"/>
        <rank description="Erhöht den Schaden und den Heilungseffekt von 'Todesmantel' um 10% und verringert die Abklingzeit von 'Tod und Verfall' um 10 Sek." lvl="2"/>
        <rank description="Erhöht den Schaden und den Heilungseffekt von 'Todesmantel' um 15% und verringert die Abklingzeit von 'Tod und Verfall' um 15 Sek." lvl="3"/>
      </talent>
      <talent column="2" icon="spell_deathknight_strangulate" key="2025" name="Unheiliges Kommando" tier="1">
        <rank description="Verringert die Abklingzeit Eurer Fähigkeit 'Todesgriff' um 5 Sek." lvl="1"/>
        <rank description="Verringert die Abklingzeit Eurer Fähigkeit 'Todesgriff' um 10 Sek." lvl="2"/>
      </talent>
      <talent column="3" icon="spell_deathknight_gnaw_ghoul" key="1934" name="Gierige Tote" tier="1">
        <rank description="Erhöht Eure gesamte Stärke um 1% sowie den Bonus, den Eure Ghule durch Eure Stärke und Ausdauer erhalten, um 20%." lvl="1"/>
        <rank description="Erhöht Eure gesamte Stärke um 2% sowie den Bonus, den Eure Ghule durch Eure Stärke und Ausdauer erhalten, um 40%." lvl="2"/>
        <rank description="Erhöht Eure gesamte Stärke um 3% sowie den Bonus, den Eure Ghule durch Eure Stärke und Ausdauer erhalten, um 60%." lvl="3"/>
      </talent>
      <talent column="0" icon="spell_shadow_plaguecloud" key="2008" name="Krankheitsausbruch" tier="2">
        <rank description="Der Schaden von 'Seuchenstoß' wird um 10%, der Schaden von 'Geißelstoß' um 7% erhöht." lvl="1"/>
        <rank description="Der Schaden von 'Seuchenstoß' wird um 20%, der Schaden von 'Geißelstoß' um 13% erhöht." lvl="2"/>
        <rank description="Der Schaden von 'Seuchenstoß' wird um 30%, der Schaden von 'Geißelstoß' um 20% erhöht." lvl="3"/>
      </talent>
      <talent column="1" icon="inv_weapon_shortblade_60" key="2047" name="Nekrose" tier="2">
        <rank description="Eure automatischen Angriffe verursachen zusätzlich 4% Schattenschaden." lvl="1"/>
        <rank description="Eure automatischen Angriffe verursachen zusätzlich 8% Schattenschaden." lvl="2"/>
        <rank description="Eure automatischen Angriffe verursachen zusätzlich 12% Schattenschaden." lvl="3"/>
        <rank description="Eure automatischen Angriffe verursachen zusätzlich 16% Schattenschaden." lvl="4"/>
        <rank description="Eure automatischen Angriffe verursachen zusätzlich 20% Schattenschaden." lvl="5"/>
      </talent>
      <talent column="2" icon="ability_creature_disease_02" key="1985" name="Leichenexplosion" tier="2">
        <rank description="Bringt einen Leichnam zum Bersten und fügt allen Feinden innerhalb von 10 Metern 166 Schattenschaden zu. Wird einen nahen Leichnam nutzen, wenn das Ziel kein Leichnam ist. Der Zauber kann nicht auf die Überreste von mechanischen Einheiten oder Elementaren angewandt werden." lvl="1"/>
        <spell castTime="0" cooldown="5000" maxRange="30">
          <power cost="40" type="runic"/>
        </spell>
      </talent>
      <talent column="1" icon="spell_deathknight_summondeathcharger" key="2039" name="Der Tod reit'" tier="3">
        <rank description="Ihr seid so schwer aufzuhalten, wie der Tod selbst. Die Dauer aller auf Euch wirkenden Betäubungs- und Furchteffekte ist um 10% verringert und das Tempo Eures Reittiers um 10% erhöht. Dieser Effekt ist mit anderen Effekten, die das Bewegungstempo erhöhen, nicht stapelbar." lvl="1"/>
        <rank description="Ihr seid so schwer aufzuhalten, wie der Tod selbst. Die Dauer aller auf Euch wirkenden Betäubungs- und Furchteffekte ist um 20% verringert und das Tempo Eures Reittiers um 20% erhöht. Dieser Effekt ist mit anderen Effekten, die das Bewegungstempo erhöhen, nicht stapelbar." lvl="2"/>
      </talent>
      <talent column="2" icon="ability_criticalstrike" key="2004" name="Blutverkrustete Klinge" tier="3">
        <rank description="Eure automatischen Angriffe haben eine Chance von 10%, einen blutverkrusteten Stoß zu verursachen, der 25% Waffenschaden plus für jede Eurer auf das Ziel wirkenden Krankheiten 12.5% Schaden zufügt." lvl="1"/>
        <rank description="Eure automatischen Angriffe haben eine Chance von 20%, einen blutverkrusteten Stoß zu verursachen, der 25% Waffenschaden plus für jede Eurer auf das Ziel wirkenden Krankheiten 12.5% Schaden zufügt." lvl="2"/>
        <rank description="Eure automatischen Angriffe haben eine Chance von 30%, einen blutverkrusteten Stoß zu verursachen, der 25% Waffenschaden plus für jede Eurer auf das Ziel wirkenden Krankheiten 12.5% Schaden zufügt." lvl="3"/>
      </talent>
      <talent column="3" icon="spell_deathknight_armyofthedead" key="2225" name="Nacht der Toten" tier="3">
        <rank description="Verringert die Abklingzeit Eures Zaubers 'Totenerweckung' um 45 Sek. und die Abklingzeit von 'Armee der Toten' um 2 Min. Verringert zudem den von Eurem Begleiter durch Kreaturen erlittenen Flächenschaden um 45%." lvl="1"/>
        <rank description="Verringert die Abklingzeit Eures Zaubers 'Totenerweckung' um 90 Sek. und die Abklingzeit von 'Armee der Toten' um 4 Min. Verringert zudem den von Eurem Begleiter durch Kreaturen erlittenen Flächenschaden um 90%." lvl="2"/>
      </talent>
      <talent column="0" icon="spell_shadow_contagion" key="1996" name="Unheilige Verseuchung" tier="4">
        <rank description="Opfer Eurer Fähigkeit 'Todesmantel' werden von einer widerwärtigen Wolke unheiliger Insekten umschwärmt, durch die sie im Verlauf von 10 Sek. 10% des Schadens von 'Todesmantel' erleiden. Zudem wird durch die Insekten verhindert, dass auf das Ziel wirkende Krankheiten gebannt werden können." lvl="1"/>
      </talent>
      <talent column="1" icon="spell_shadow_shadowandflame" key="2005" name="Unreinheit" tier="4">
        <rank description="Der Angriffskraftbonus Eurer Zauber wird um 4% erhöht." lvl="1"/>
        <rank description="Der Angriffskraftbonus Eurer Zauber wird um 8% erhöht." lvl="2"/>
        <rank description="Der Angriffskraftbonus Eurer Zauber wird um 12% erhöht." lvl="3"/>
        <rank description="Der Angriffskraftbonus Eurer Zauber wird um 16% erhöht." lvl="4"/>
        <rank description="Eure Zauber erhalten durch Eure Angriffskraft einen zusätzlichen Bonus von 20%." lvl="5"/>
      </talent>
      <talent column="2" icon="spell_shadow_shadesofdarkness" key="2011" name="Grabgesang" tier="4">
        <rank description="Eure Fähigkeiten 'Seuchenstoß', 'Geißelstoß' und 'Todesstoß' erzeugen 2,5 zusätzliche Runenmacht." lvl="1"/>
        <rank description="Eure Fähigkeiten 'Seuchenstoß', 'Geißelstoß' und 'Todesstoß' erzeugen 5 zusätzliche Runenmacht." lvl="2"/>
      </talent>
      <talent column="0" icon="spell_shadow_shadowfiend" key="2226" name="Entweihung" tier="5">
        <rank description="Eure Fähigkeiten 'Seuchenstoß' und 'Geißelstoß' verursachen den Effekt 'Entweihter Boden'. Das Bewegungstempo von Zielen in diesem Bereich wird von den gierig klammernden Armen der Toten um 25% verringert. Hält 20 Sek. lang an." lvl="1"/>
        <rank description="Eure Fähigkeiten 'Seuchenstoß' und 'Geißelstoß' verursachen den Effekt 'Entweihter Boden'. Das Bewegungstempo von Zielen in diesem Bereich wird von den gierig klammernden Armen der Toten um 50% verringert. Hält 20 Sek. lang an." lvl="2"/>
      </talent>
      <talent column="1" icon="spell_shadow_antimagicshell" key="2009" name="Magieunterdrückung" tier="5">
        <rank description="Ihr erleidet 2% weniger Schaden durch jegliche Magie. Zudem absorbiert 'Antimagische Hülle' 8% zusätzlichen Zauberschaden." lvl="1"/>
        <rank description="Ihr erleidet 4% weniger Schaden durch jegliche Magie. Zudem absorbiert 'Antimagische Hülle' 16% zusätzlichen Zauberschaden." lvl="2"/>
        <rank description="Ihr erleidet 6% weniger Schaden durch jegliche Magie. Zudem absorbiert 'Antimagische Hülle' 25% zusätzlichen Zauberschaden." lvl="3"/>
      </talent>
      <talent column="2" icon="spell_shadow_shadetruesight" key="2001" name="Sensenmann" tier="5">
        <rank description="Wenn Ihr mit Euren Fähigkeiten 'Blutstoß' oder 'Pestilenz' einen Treffer erzielt, besteht eine Chance von 33%, dass sich eine Blutrune bei ihrer Aktivierung zu einer Todesrune wandelt. Eine Todesrune zählt als Blut-, Frost- oder unheilige Rune." lvl="1"/>
        <rank description="Wenn Ihr mit Euren Fähigkeiten 'Blutstoß' oder 'Pestilenz' einen Treffer erzielt, besteht eine Chance von 66%, dass sich eine Blutrune bei ihrer Aktivierung zu einer Todesrune wandelt. Eine Todesrune zählt als Blut-, Frost- oder unheilige Rune." lvl="2"/>
        <rank description="Wenn Ihr mit Euren Fähigkeiten 'Blutstoß' oder 'Pestilenz' einen Treffer erzielt, besteht eine Chance von 100%, dass sich eine Blutrune bei ihrer Aktivierung zu einer Todesrune wandelt. Eine Todesrune zählt als Blut-, Frost- oder unheilige Rune." lvl="3"/>
      </talent>
      <talent column="3" icon="spell_shadow_animatedead" key="1984" name="Meister der Ghule" requires="2225" tier="5">
        <rank description="Verringert die Abklingzeit Eures Zaubers 'Totenerweckung' um 60 Sek. und von diesem Zauber beschworene Ghule gelten als Begleiter und stehen unter Eurer Kontrolle. Anders als normale Ghule der Todesritter, hat dieser Ghul keine begrenzte Lebensdauer." lvl="1"/>
      </talent>
      <talent column="0" icon="spell_shadow_unholyfrenzy" key="2285" name="Verwüstung" tier="6">
        <rank description="Durch Eure Fähigkeit 'Blutstoß' verursacht Ihr die nächsten 20 Sek. lang mit allen Angriffen 1% zusätzlichen Schaden." lvl="1"/>
        <rank description="Durch Eure Fähigkeit 'Blutstoß' verursacht Ihr die nächsten 20 Sek. lang mit allen Angriffen 2% zusätzlichen Schaden." lvl="2"/>
        <rank description="Durch Eure Fähigkeit 'Blutstoß' verursacht Ihr die nächsten 20 Sek. lang mit allen Angriffen 3% zusätzlichen Schaden." lvl="3"/>
        <rank description="Durch Eure Fähigkeit 'Blutstoß' verursacht Ihr die nächsten 20 Sek. lang mit allen Angriffen 4% zusätzlichen Schaden." lvl="4"/>
        <rank description="Durch Eure Fähigkeit 'Blutstoß' verursacht Ihr die nächsten 20 Sek. lang mit allen Angriffen 5% zusätzlichen Schaden." lvl="5"/>
      </talent>
      <talent column="1" icon="spell_deathknight_antimagiczone" key="2221" name="Antimagisches Feld" requires="2009" tier="6">
        <rank description="Platziert ein großes, ortsgebundenes, antimagisches Feld, das den erlittenen Zauberschaden aller darin befindlichen Gruppen- oder Schlachtzugsmitglieder um 75% verringert. Das antimagische Feld hält 10 Sek. lang an, oder bis 10052 Zauberschaden absorbiert wurden." lvl="1"/>
        <spell castTime="0" cooldown="120000">
          <power cost="1" type="unholy"/>
        </spell>
      </talent>
      <talent column="2" icon="spell_deathknight_unholypresence" key="2013" name="Verbesserte unheilige Präsenz" tier="6">
        <rank description="In der Blut- oder Frostpräsenz behaltet Ihr 8% des erhöhten Bewegungstempos der unheiligen Präsenz bei. In unheiliger Präsenz schließen Eure Runen ihre Abklingzeiten 5% schneller ab." lvl="1"/>
        <rank description="In der Blut- oder Frostpräsenz behaltet Ihr 15% des erhöhten Bewegungstempos der unheiligen Präsenz bei. In unheiliger Präsenz schließen Eure Runen ihre Abklingzeiten 10% schneller ab." lvl="2"/>
      </talent>
      <talent column="3" icon="ability_ghoulfrenzy" key="2085" name="Ghulfuror" requires="1984" tier="6">
        <rank description="Gewährt Eurem Begleiter 30 Sek. lang 25% Tempo und heilt ihn während der Dauer des Effektes um 60% seiner Gesundheit." lvl="1"/>
        <spell castTime="0" cooldown="10000" maxRange="45">
          <power cost="1" type="unholy"/>
        </spell>
      </talent>
      <talent column="1" icon="spell_nature_nullifydisease" key="1962" name="Gruftfieber" tier="7">
        <rank description="Eure Krankheiten rufen zusätzlich ein Gruftfieber hervor, das den durch Krankheiten erlittenen Schaden des Ziels um 10% erhöht." lvl="1"/>
        <rank description="Eure Krankheiten rufen zusätzlich ein Gruftfieber hervor, das den durch Krankheiten erlittenen Schaden des Ziels um 20% erhöht." lvl="2"/>
        <rank description="Eure Krankheiten rufen zusätzlich ein Gruftfieber hervor, das den durch Krankheiten erlittenen Schaden des Ziels um 30% erhöht." lvl="3"/>
      </talent>
      <talent column="2" icon="inv_chest_leather_13" key="2007" name="Knochenschild" tier="7">
        <rank description="Der Todesritter wird von 3 wirbelnden Knochen umgeben. So lang zumindest 1 Knochen verbleibt, wird jeglicher erlittene Schaden um 20% verringert und der Todesritter verursacht mit allen Angriffen, Zaubern und Fähigkeiten 2% mehr Schaden. Jeder Treffer, der Schaden verursacht, braucht einen Knochen auf. Hält 5 Min. lang an." lvl="1"/>
        <spell castTime="0" cooldown="60000">
          <power cost="1" type="unholy"/>
        </spell>
      </talent>
      <talent column="0" icon="spell_shadow_callofbone" key="2003" name="Wandernde Seuche" tier="8">
        <rank description="Wenn von Euch hervorgerufene Krankheiten an einem feindlichen Ziel Schaden verursachen, besteht eine Chance, die Eurer kritischen Nahkampftrefferchance entspricht, dass die Krankheiten am Ziel und allen Feinden im Umkreis von 8 Metern 33% zusätzlichen Schaden verursachen. Dieser Zauber ignoriert Ziele, auf denen Effekte wirken, die durch Schadenseinwirkung unterbrochen werden." lvl="1"/>
        <rank description="Wenn von Euch hervorgerufene Krankheiten an einem feindlichen Ziel Schaden verursachen, besteht eine Chance, die Eurer kritischen Nahkampftrefferchance entspricht, dass die Krankheiten am Ziel und allen Feinden im Umkreis von 8 Metern 66% zusätzlichen Schaden verursachen. Dieser Zauber ignoriert Ziele, auf denen Effekte wirken, die durch Schadenseinwirkung unterbrochen werden." lvl="2"/>
        <rank description="Wenn von Euch hervorgerufene Krankheiten an einem feindlichen Ziel Schaden verursachen, besteht eine Chance, die Eurer kritischen Nahkampftrefferchance entspricht, dass die Krankheiten am Ziel und allen Feinden im Umkreis von 8 Metern 100% zusätzlichen Schaden verursachen. Dieser Zauber ignoriert Ziele, auf denen Effekte wirken, die durch Schadenseinwirkung unterbrochen werden." lvl="3"/>
      </talent>
      <talent column="1" icon="ability_creature_cursed_03" key="2043" name="Schwarzer Seuchenbringer" requires="1962" tier="8">
        <rank description="Euer Gruftfieber wandelt sich zur schwarzen Seuche. Zusätzlich zum erhöhten erlittenen Krankheitsschaden, wird der erlittene Magieschaden des Ziels um 4% erhöht. Zusätzlich wird Eure kritische Trefferchance mit Waffen und Zaubern dauerhaft um 1% erhöht." lvl="1"/>
        <rank description="Euer Gruftfieber wandelt sich zur schwarzen Seuche. Zusätzlich zum erhöhten erlittenen Krankheitsschaden, wird der erlittene Magieschaden des Ziels um 9% erhöht. Zusätzlich wird Eure kritische Trefferchance mit Waffen und Zaubern dauerhaft um 2% erhöht." lvl="2"/>
        <rank description="Euer Gruftfieber wandelt sich zur schwarzen Seuche. Zusätzlich zum erhöhten erlittenen Krankheitsschaden, wird der erlittene Magieschaden des Ziels um 13% erhöht. Zusätzlich wird Eure kritische Trefferchance mit Waffen und Zaubern dauerhaft um 3% erhöht." lvl="3"/>
      </talent>
      <talent column="2" icon="spell_deathknight_scourgestrike" key="2216" name="Geißelstoß" tier="8">
        <rank description="Ein unheiliger Stoß, der 70% Waffenschaden als körperlichen Schaden plus 238 verursacht. Für jede Eurer auf das Ziel wirkenden Krankheiten fügt Ihr zusätzlich 12% des verursachten körperlichen Schadens als Schattenschaden zu." lvl="1"/>
        <spell castTime="0" maxRange="5">
          <power cost="1" type="unholy"/>
          <power cost="1" type="frost"/>
        </spell>
      </talent>
      <talent column="1" icon="inv_weapon_halberd14" key="2036" name="Totenschwurs Zorn" tier="9">
        <rank description="Eure Fähigkeiten und Zauber verursachen an Zielen, die an der Blutseuche erkrankt sind, 2% mehr Schaden. Erhöht zudem Eure Waffenkunde um 1." lvl="1"/>
        <rank description="Eure Fähigkeiten und Zauber verursachen an Zielen, die an der Blutseuche erkrankt sind, 4% mehr Schaden. Erhöht zudem Eure Waffenkunde um 2." lvl="2"/>
        <rank description="Eure Fähigkeiten und Zauber verursachen an Zielen, die an der Blutseuche erkrankt sind, 6% mehr Schaden. Erhöht zudem Eure Waffenkunde um 3." lvl="3"/>
        <rank description="Eure Fähigkeiten und Zauber verursachen an Zielen, die an der Blutseuche erkrankt sind, 8% mehr Schaden. Erhöht zudem Eure Waffenkunde um 4." lvl="4"/>
        <rank description="Eure Fähigkeiten und Zauber verursachen an Zielen, die an der Blutseuche erkrankt sind, 10% mehr Schaden. Erhöht zudem Eure Waffenkunde um 5." lvl="5"/>
      </talent>
      <talent column="1" icon="ability_hunter_pet_bat" key="2000" name="Gargoyle beschwören" tier="10">
        <rank description="Ein Gargoyle fliegt herbei und bombardiert das Ziel mit Naturschaden (modifiziert durch die Angriffskraft des Todesritters). Der Gargoyle bleibt 30 Sek. lang bestehen." lvl="1"/>
        <spell castTime="0" cooldown="180000" maxRange="30">
          <power cost="60" type="runic"/>
        </spell>
      </talent>
    </tree>
  </talentTrees>
</page>
