<?xml version="1.0" encoding="UTF-8"?><page globalSearch="1" lang="es_es" requestUrl="/talent-tree.xml">
  <talentTrees>
    <tree bgImage="HunterSurvival" icon="ability_hunter_swiftstrike" key="Survival" name="Supervivencia" order="2">
      <talent column="0" icon="ability_hunter_improvedtracking" key="1623" name="Rastreo mejorado" tier="0">
        <rank description="Mientras rastreas bestias, demonios, dragonantes, elementales, gigantes, humanoides y no-muertos, todo el daño que el cazador inflija a este tipo de criaturas aumenta un 1%." lvl="1"/>
        <rank description="Mientras rastreas bestias, demonios, dragonantes, elementales, gigantes, humanoides y no-muertos, todo el daño que el cazador inflija a este tipo de criaturas aumenta un 2%." lvl="2"/>
        <rank description="Mientras rastreas bestias, demonios, dragonantes, elementales, gigantes, humanoides y no-muertos, todo el daño que el cazador inflija a este tipo de criaturas aumenta un 3%." lvl="3"/>
        <rank description="Mientras rastreas bestias, demonios, dragonantes, elementales, gigantes, humanoides y no-muertos, todo el daño que el cazador inflija a este tipo de criaturas aumenta un 4%." lvl="4"/>
        <rank description="Mientras rastreas bestias, demonios, dragonantes, elementales, gigantes, humanoides y no-muertos, todo el daño que el cazador inflija a este tipo de criaturas aumenta un 5%." lvl="5"/>
      </talent>
      <talent column="1" icon="ability_townwatch" key="1820" name="Ojo de halcón" tier="0">
        <rank description="Aumenta 2 m el alcance de tus armas a distancia." lvl="1"/>
        <rank description="Aumenta 4 m el alcance de tus armas a distancia." lvl="2"/>
        <rank description="Aumenta 6 m el alcance de tus armas a distancia." lvl="3"/>
      </talent>
      <talent column="2" icon="ability_racial_bloodrage" key="1621" name="Golpes crueles" tier="0">
        <rank description="Aumenta un 10% la probabilidad de conseguir un golpe crítico con el Golpe de raptor, Mordedura de mangosta y Contraataque." lvl="1"/>
        <rank description="Aumenta un 20% la probabilidad de conseguir un golpe crítico con el Golpe de raptor, Mordedura de mangosta y Contraataque." lvl="2"/>
      </talent>
      <talent column="0" icon="ability_kick" key="1310" name="Pies de plomo" tier="1">
        <rank description="Reduce la duración de los efectos de reducción de movimiento un 10%." lvl="1"/>
        <rank description="Reduce la duración de los efectos de reducción de movimiento un 20%." lvl="2"/>
        <rank description="Reduce la duración de los efectos de reducción de movimiento un 30%." lvl="3"/>
      </talent>
      <talent column="1" icon="spell_nature_stranglevines" key="1304" name="Atrapar" tier="1">
        <rank description="Cuando tu Trampa de Escarcha o tu Trampa de culebras están activadas atrapas a todos los objetivos afectados, impidiendo que se muevan durante 2 s." lvl="1"/>
        <rank description="Cuando tu Trampa de Escarcha o tu Trampa de culebras están activadas atrapas a todos los objetivos afectados, impidiendo que se muevan durante 3 s." lvl="2"/>
        <rank description="Cuando tu Trampa de Escarcha o tu Trampa de culebras están activadas atrapas a todos los objetivos afectados, impidiendo que se muevan durante 4 s." lvl="3"/>
      </talent>
      <talent column="2" icon="ability_ensnare" key="1305" name="Maestría en trampas" tier="1">
        <rank description="Trampa de Escarcha y Trampa congelante: Aumenta la duración un 10%.&lt;br/&gt;&lt;br/&gt;Trampa de Inmolación, Trampa explosiva y Flecha negra: Aumenta el daño periódico infligido un 10%.&lt;br/&gt;&lt;br/&gt;Trampa con culebras: Aumenta el número de culebras invocadas en 2." lvl="1"/>
        <rank description="Trampa de Escarcha y Trampa congelante: Aumenta la duración un 20%.&lt;br/&gt;&lt;br/&gt;Trampa de Inmolación, Trampa explosiva y Flecha negra: Aumenta el daño periódico infligido un 20%.&lt;br/&gt;&lt;br/&gt;Trampa con culebras: Aumenta el número de culebras invocadas en 4." lvl="2"/>
        <rank description="Trampa de Escarcha y Trampa congelante: Aumenta la duración un 30%.&lt;br/&gt;&lt;br/&gt;Trampa de Inmolación, Trampa explosiva y Flecha negra: Aumenta el daño periódico infligido un 30%.&lt;br/&gt;&lt;br/&gt;Trampa con culebras: Aumenta el número de culebras invocadas en 6." lvl="3"/>
      </talent>
      <talent column="3" icon="ability_hunter_survivalinstincts" key="1810" name="Instintos de supervivencia" tier="1">
        <rank description="Reduce todo el daño recibido un 2% y aumenta la probabilidad de golpe crítico de tu Disparo Arcano, Disparo firme y Disparo explosivo un 2%." lvl="1"/>
        <rank description="Reduce todo el daño recibido un 4% y aumenta la probabilidad de golpe crítico de tu Disparo Arcano, Disparo firme y Disparo explosivo un 4%." lvl="2"/>
      </talent>
      <talent column="0" icon="spell_shadow_twilight" key="1622" name="Superviviente" tier="2">
        <rank description="Aumenta tu aguante un 2%." lvl="1"/>
        <rank description="Aumenta tu aguante un 4%." lvl="2"/>
        <rank description="Aumenta tu aguante un 6%." lvl="3"/>
        <rank description="Aumenta tu aguante un 8%." lvl="4"/>
        <rank description="Aumenta tu aguante un 10%." lvl="5"/>
      </talent>
      <talent column="1" icon="ability_golemstormbolt" key="1814" name="Disparo de dispersión" tier="2">
        <rank description="Un disparo a corta distancia que inflige un 50% de daño con arma y desorienta al objetivo durante 4 s. Cualquier daño infligido con posterioridad anulará su efecto. Desactiva tu ataque al ser utilizado." lvl="1"/>
        <spell castTime="0" cooldown="30000" maxRange="15">
          <power cost="8" type="mana"/>
        </spell>
      </talent>
      <talent column="2" icon="ability_parry" key="1311" name="Desvío" tier="2">
        <rank description="Aumenta tu probabilidad de parar un 1% y reduce la duración de todos los efectos de desarme que se usen contra ti un 16%. No se acumula con otros efectos de reducción de duración de desarme." lvl="1"/>
        <rank description="Aumenta tu probabilidad de parar un 2% y reduce la duración de todos los efectos de desarme que se usen contra ti un 25%. No se acumula con otros efectos de reducción de duración de desarme." lvl="2"/>
        <rank description="Aumenta tu probabilidad de parar un 3% y reduce la duración de todos los efectos de desarme que se usen contra ti un 50%. No se acumula con otros efectos de reducción de duración de desarme." lvl="3"/>
      </talent>
      <talent column="3" icon="ability_rogue_feigndeath" key="1309" name="Tácticas de supervivencia" tier="2">
        <rank description="Reduce la probabilidad de que tu facultad Fingir muerte y todos los hechizos de trampa sean resistidos un 2% y reduce el tiempo de reutilización de tu facultad Separación 2 s." lvl="1"/>
        <rank description="Reduce la probabilidad de que tu facultad Fingir muerte y todos los hechizos de trampa sean resistidos un 4% y reduce el tiempo de reutilización de tu facultad Separación 4 s." lvl="2"/>
      </talent>
      <talent column="1" icon="inv_misc_bomb_05" key="2229" name="TNT" tier="3">
        <rank description="Aumenta el daño infligido por tu Disparo explosivo, Trampa explosiva, Flecha negra y Trampa de inmolación un 2%." lvl="1"/>
        <rank description="Aumenta el daño infligido por tu Disparo explosivo, Trampa explosiva, Flecha negra y Trampa de inmolación un 4%." lvl="2"/>
        <rank description="Aumenta el daño infligido por tu Disparo explosivo, Trampa explosiva, Flecha negra y Trampa de inmolación un 6%." lvl="3"/>
      </talent>
      <talent column="3" icon="ability_hunter_lockandload" key="1306" name="Bloquear y cargar" tier="3">
        <rank description="Tienes un 33% de probabilidad cuando atrapas a un objetivo con Trampa congelante, Flecha congelante y Trampa de Escarcha y un 2% de probabilidad cuando le causas daño periódico con tu Trampa de inmolación, Trampa explosiva o Flecha negra de que tus 2 Disparos Arcanos o Disparos explosivos siguientes no tengan tiempo de reutilización, no cuesten maná y no consuman munición. Este efecto tiene un tiempo de reutilización de 22 s." lvl="1"/>
        <rank description="Tienes un 66% de probabilidad cuando atrapas a un objetivo con Trampa congelante, Flecha congelante y Trampa de Escarcha y un 4% de probabilidad cuando le causas daño periódico con tu Trampa de inmolación, Trampa explosiva o Flecha negra de que tus 2 Disparos Arcanos o Disparos explosivos siguientes no tengan tiempo de reutilización, no cuesten maná y no consuman munición. Este efecto tiene un tiempo de reutilización de 22 s." lvl="2"/>
        <rank description="Tienes un 100% de probabilidad cuando atrapas a un objetivo con Trampa congelante, Flecha congelante y Trampa de Escarcha y un 6% de probabilidad cuando le causas daño periódico con tu Trampa de inmolación, Trampa explosiva o Flecha negra de que tus 2 Disparos Arcanos o Disparos explosivos siguientes no tengan tiempo de reutilización, no cuesten maná y no consuman munición. Este efecto tiene un tiempo de reutilización de 22 s." lvl="3"/>
      </talent>
      <talent column="0" icon="ability_hunter_huntervswild" key="2228" name="Cazador contra fauna" requires="1622" tier="4">
        <rank description="Te aumenta a ti y a tu mascota el poder de ataque y poder de ataque a distancia una cantidad igual al 10% de tu aguante total." lvl="1"/>
        <rank description="Te aumenta a ti y a tu mascota el poder de ataque y poder de ataque a distancia una cantidad igual al 20% de tu aguante total." lvl="2"/>
        <rank description="Te aumenta a ti y a tu mascota el poder de ataque y poder de ataque a distancia una cantidad igual al 30% de tu aguante total." lvl="3"/>
      </talent>
      <talent column="1" icon="spell_holy_blessingofstamina" key="1321" name="Instinto asesino" tier="4">
        <rank description="Aumenta un 1% tu probabilidad de conseguir un golpe crítico con todos los ataques." lvl="1"/>
        <rank description="Aumenta un 2% tu probabilidad de conseguir un golpe crítico con todos los ataques." lvl="2"/>
        <rank description="Aumenta un 3% tu probabilidad de conseguir un golpe crítico con todos los ataques." lvl="3"/>
      </talent>
      <talent column="2" icon="ability_warrior_challange" key="1312" name="Contraataque" requires="1311" tier="4">
        <rank description="Un golpe que se activa tras haber parado el ataque de un oponente. Este ataque inflige 53 p. de daño e inmoviliza al objetivo durante 5 s. No se puede bloquear, esquivar ni parar el contraataque." lvl="1"/>
        <spell castTime="0" cooldown="5000" maxRange="5">
          <power cost="3" type="mana"/>
        </spell>
      </talent>
      <talent column="0" icon="spell_nature_invisibilty" key="1303" name="Reflejos de relámpago" tier="5">
        <rank description="Aumenta tu agilidad un 3%." lvl="1"/>
        <rank description="Aumenta tu agilidad un 6%." lvl="2"/>
        <rank description="Aumenta tu agilidad un 9%." lvl="3"/>
        <rank description="Aumenta tu agilidad un 12%." lvl="4"/>
        <rank description="Aumenta tu agilidad un 15%." lvl="5"/>
      </talent>
      <talent column="2" icon="ability_hunter_resourcefulness" key="1809" name="Inventiva" tier="5">
        <rank description="Reduce el coste de maná de todas las trampas, facultades cuerpo a cuerpo  y Flecha negra un 20% y reduce el tiempo de reutilización de todas las trampas y Flecha negra 2 s." lvl="1"/>
        <rank description="Reduce el coste de maná de todas las trampas, facultades cuerpo a cuerpo  y Flecha negra un 40% y reduce el tiempo de reutilización de todas las trampas y Flecha negra 4 s." lvl="2"/>
        <rank description="Reduce el coste de maná de todas las trampas, facultades cuerpo a cuerpo  y Flecha negra un 60% y reduce el tiempo de reutilización de todas las trampas y Flecha negra 6 s." lvl="3"/>
      </talent>
      <talent column="0" icon="ability_rogue_findweakness" key="1812" name="Exponer debilidad" requires="1303" tier="6">
        <rank description="Tus golpes críticos a distancia tienen un 33% de probabilidad de otorgarte Exponer debilidad. Exponer debilidad aumenta tu poder de ataque un 25% de tu agilidad durante 7 s." lvl="1"/>
        <rank description="Tus golpes críticos a distancia tienen un 66% de probabilidad de otorgarte Exponer debilidad. Exponer debilidad aumenta tu poder de ataque un 25% de tu agilidad durante 7 s." lvl="2"/>
        <rank description="Tus golpes críticos a distancia tienen un 100% de probabilidad de otorgarte Exponer debilidad. Exponer debilidad aumenta tu poder de ataque un 25% de tu agilidad durante 7 s." lvl="3"/>
      </talent>
      <talent column="1" icon="inv_spear_02" key="1325" name="Picadura de dracoleón" requires="1321" tier="6">
        <rank description="Un disparo punzante que duerme al objetivo durante 30 s. Cualquier daño infligido con posterioridad anulará su efecto. Cuando el objetivo se despierta, la picadura provoca 300 p. de daño de Naturaleza durante 6 s. Un cazador solo puede tener una picadura activa a la vez sobre un mismo objetivo." lvl="1"/>
        <spell castTime="0" cooldown="60000" maxRange="35" minRange="5">
          <power cost="8" type="mana"/>
        </spell>
      </talent>
      <talent column="2" icon="ability_hunter_thrillofthehunt" key="1811" name="Emoción de la caza" tier="6">
        <rank description="Te da un 33% de probabilidad de recuperar un 40% del coste de maná de cualquier disparo cuando asesta un golpe crítico." lvl="1"/>
        <rank description="Te da un 66% de probabilidad de recuperar un 40% del coste de maná de cualquier disparo cuando asesta un golpe crítico." lvl="2"/>
        <rank description="Te da un 100% de probabilidad de recuperar un 40% del coste de maná de cualquier disparo cuando asesta un golpe crítico." lvl="3"/>
      </talent>
      <talent column="0" icon="ability_hunter_mastertactitian" key="1813" name="Maestro táctico" tier="7">
        <rank description="Tus ataques a distancia efectivos tienen un 10% de probabilidad de aumentar tu probabilidad de asestar un golpe crítico con todos los ataques un 2% durante 8 s." lvl="1"/>
        <rank description="Tus ataques a distancia efectivos tienen un 10% de probabilidad de aumentar tu probabilidad de asestar un golpe crítico con todos los ataques un 4% durante 8 s." lvl="2"/>
        <rank description="Tus ataques a distancia efectivos tienen un 10% de probabilidad de aumentar tu probabilidad de asestar un golpe crítico con todos los ataques un 6% durante 8 s." lvl="3"/>
        <rank description="Tus ataques a distancia efectivos tienen un 10% de probabilidad de aumentar tu probabilidad de asestar un golpe crítico con todos los ataques un 8% durante 8 s." lvl="4"/>
        <rank description="Tus ataques a distancia efectivos tienen un 10% de probabilidad de aumentar tu probabilidad de asestar un golpe crítico con todos los ataques un 10% durante 8 s." lvl="5"/>
      </talent>
      <talent column="1" icon="ability_hunter_potentvenom" key="2141" name="Picaduras ponzoñosas" requires="1325" tier="7">
        <rank description="Si se disipa Picadura de dracoleón, quien lo disipa se ve afectado por Picadura de dracoleón durante un 16% de la duración restante y aumenta todo el daño infligido por ti a los objetivos afectados por Picadura de serpiente un 1%." lvl="1"/>
        <rank description="Si se disipa Picadura de dracoleón, quien lo disipa se ve afectado por Picadura de dracoleón durante un 25% de la duración restante y aumenta todo el daño infligido por ti a los objetivos afectados por Picadura de serpiente un 2%." lvl="2"/>
        <rank description="Si se disipa Picadura de dracoleón, quien lo disipa se ve afectado por Picadura de dracoleón durante un 50% de la duración restante y aumenta todo el daño infligido por ti a los objetivos afectados por Picadura de serpiente un 3%." lvl="3"/>
      </talent>
      <talent column="0" icon="ability_hunter_pointofnoescape" key="2142" name="Sin escapatoria" tier="8">
        <rank description="Aumenta la probabilidad de golpe crítico de todos tus ataques sobre objetivos afectados por tu Trampa de Escarcha, Trampa congelante y Flecha congelante un 3%." lvl="1"/>
        <rank description="Aumenta la probabilidad de golpe crítico de todos tus ataques sobre objetivos afectados por tu Trampa de Escarcha, Trampa congelante y Flecha congelante un 6%." lvl="2"/>
      </talent>
      <talent column="1" icon="spell_shadow_painspike" key="1322" name="Flecha negra" tier="8">
        <rank description="Dispara una flecha negra al objetivo, aumenta todo el daño que inflijas al objetivo un 6% e inflige 786 p. de daño de las Sombras durante 15 s. Flecha negra comparte tiempo de reutilización con los hechizos de trampa." lvl="1"/>
        <spell castTime="0" cooldown="30000" maxRange="35" minRange="5">
          <power cost="6" type="mana"/>
        </spell>
      </talent>
      <talent column="3" icon="ability_hunter_longshots" key="2143" name="Instrucción de francotirador" tier="8">
        <rank description="Aumenta la probabilidad de golpe crítico de tu facultad Disparo mortal un 5% y mientras estés quieto durante 6 s, obtienes Instrucción de francotirador que aumenta el daño infligido por tu Disparo firme, Disparo de puntería, Flecha negra y Disparo explosivo un 2% durante 15 s." lvl="1"/>
        <rank description="Aumenta la probabilidad de golpe crítico de tu facultad Disparo mortal un 10% y mientras estés quieto durante 6 s, obtienes Instrucción de francotirador que aumenta el daño infligido por tu Disparo firme, Disparo de puntería, Flecha negra y Disparo explosivo un 4% durante 15 s." lvl="2"/>
        <rank description="Aumenta la probabilidad de golpe crítico de tu facultad Disparo mortal un 15% y mientras estés quieto durante 6 s, obtienes Instrucción de francotirador que aumenta el daño infligido por tu Disparo firme, Disparo de puntería, Flecha negra y Disparo explosivo un 6% durante 15 s." lvl="3"/>
      </talent>
      <talent column="2" icon="ability_hunter_huntingparty" key="2144" name="Grupo de caza" requires="1811" tier="9">
        <rank description="Aumenta tu agilidad total un 1% extra y tus golpes críticos con Disparo Arcano, Disparo explosivo y Disparo firme tienen un 33% de probabilidad de otorgar a hasta 10 miembros del grupo o banda regeneración de maná igual al 1% del maná máximo cada 5 s. Dura 15 s." lvl="1"/>
        <rank description="Aumenta tu agilidad total un 2% extra y tus golpes críticos con Disparo Arcano, Disparo explosivo y Disparo firme tienen un 66% de probabilidad de otorgar a hasta 10 miembros del grupo o banda regeneración de maná igual al 1% del maná máximo cada 5 s. Dura 15 s." lvl="2"/>
        <rank description="Aumenta tu agilidad total un 3% extra y tus golpes críticos con Disparo Arcano, Disparo explosivo y Disparo firme tienen un 100% de probabilidad de otorgar a hasta 10 miembros del grupo o banda regeneración de maná igual al 1% del maná máximo cada 5 s. Dura 15 s." lvl="3"/>
      </talent>
      <talent column="1" icon="ability_hunter_explosiveshot" key="2145" name="Disparo explosivo" requires="1322" tier="10">
        <rank description="Lanzas una carga explosiva al objetivo, que inflige 146-174 p. de daño de Fuego. La carga golpeará al objetivo cada segundo durante 2 s adicionales." lvl="1"/>
        <spell castTime="0" cooldown="6000" maxRange="35" minRange="5">
          <power cost="7" type="mana"/>
        </spell>
      </talent>
    </tree>
    <tree bgImage="HunterBeastMastery" icon="ability_hunter_beasttaming" key="BeastMastery" name="Bestias" order="0">
      <talent column="1" icon="spell_nature_ravenform" key="1382" name="Aspecto del halcón mejorado" tier="0">
        <rank description="Mientras están activos los aspectos del halcón o dracohalcón, los ataques a distancia normales tienen un 10% de probabilidad de aumentar la velocidad de ataque a distancia un 3% durante 12 s." lvl="1"/>
        <rank description="Mientras están activos los aspectos del halcón o dracohalcón, los ataques a distancia normales tienen un 10% de probabilidad de aumentar la velocidad de ataque a distancia un 6% durante 12 s." lvl="2"/>
        <rank description="Mientras están activos los aspectos del halcón o dracohalcón, los ataques a distancia normales tienen un 10% de probabilidad de aumentar la velocidad de ataque a distancia un 9% durante 12 s." lvl="3"/>
        <rank description="Mientras están activos los aspectos del halcón o dracohalcón, los ataques a distancia normales tienen un 10% de probabilidad de aumentar la velocidad de ataque a distancia un 12% durante 12 s." lvl="4"/>
        <rank description="Mientras están activos los aspectos del halcón o dracohalcón, los ataques a distancia normales tienen un 10% de probabilidad de aumentar la velocidad de ataque a distancia un 15% durante 12 s." lvl="5"/>
      </talent>
      <talent column="2" icon="spell_nature_reincarnation" key="1389" name="Adiestramiento en robustez" tier="0">
        <rank description="Mejora la salud de tu mascota un 2% y tu salud total un 1%." lvl="1"/>
        <rank description="Mejora la salud de tu mascota un 4% y tu salud total un 2%." lvl="2"/>
        <rank description="Mejora la salud de tu mascota un 6% y tu salud total un 3%." lvl="3"/>
        <rank description="Mejora la salud de tu mascota un 8% y tu salud total un 4%." lvl="4"/>
        <rank description="Mejora la salud de tu mascota un 10% y tu salud total un 5%." lvl="5"/>
      </talent>
      <talent column="0" icon="ability_hunter_silenthunter" key="1624" name="Fuego enfocado" tier="1">
        <rank description="Todo el daño que infliges aumenta un 1% mientras que tu mascota esté activa y la probabilidad de golpe crítico de las facultades especiales de tu mascota aumenta un 10% mientras Matar está activo." lvl="1"/>
        <rank description="Todo el daño que infliges aumenta un 2% mientras que tu mascota esté activa y la probabilidad de golpe crítico de las facultades especiales de tu mascota aumenta un 20% mientras Matar está activo." lvl="2"/>
      </talent>
      <talent column="1" icon="ability_hunter_aspectofthemonkey" key="1381" name="Aspecto del mono mejorado" tier="1">
        <rank description="Aumenta el bonus de esquivar de tu Aspecto del mono y Aspecto del dracohalcón un 2%." lvl="1"/>
        <rank description="Aumenta el bonus de esquivar de tu Aspecto del mono y Aspecto del dracohalcón un 4%." lvl="2"/>
        <rank description="Aumenta el bonus de esquivar de tu Aspecto del mono y Aspecto del dracohalcón un 6%." lvl="3"/>
      </talent>
      <talent column="2" icon="inv_misc_pelt_bear_03" key="1395" name="Pellejo grueso" tier="1">
        <rank description="Aumenta el índice de armadura de tus mascotas un 7% y la contribución de los objetos a tu armadura un 4%." lvl="1"/>
        <rank description="Aumenta el índice de armadura de tus mascotas un 14% y la contribución de los objetos a tu armadura un 7%." lvl="2"/>
        <rank description="Aumenta el índice de armadura de tus mascotas un 20% y la contribución de los objetos a tu armadura un 10%." lvl="3"/>
      </talent>
      <talent column="3" icon="ability_hunter_beastsoothe" key="1625" name="Revivir mascota mejorado" tier="1">
        <rank description="Reduce el tiempo de lanzamiento de Revivir mascota 3 s., reduce el coste de maná un 20% y aumenta la salud con la que tu mascota revive un 15% adicional." lvl="1"/>
        <rank description="Reduce el tiempo de lanzamiento de Revivir mascota 6 s., reduce el coste de maná un 40% y aumenta la salud con la que tu mascota revive un 30% adicional." lvl="2"/>
      </talent>
      <talent column="0" icon="ability_mount_jungletiger" key="1384" name="Encontrar camino" tier="2">
        <rank description="Aumenta un 4% el bonus de velocidad de tu Aspecto del guepardo y de tu Aspecto de la manada y aumenta tu velocidad sobre montura un 5%. El aumento de velocidad de movimiento sobre montura no se acumula con otros efectos." lvl="1"/>
        <rank description="Aumenta un 8% el bonus de velocidad de tu Aspecto del guepardo y de tu Aspecto de la manada y aumenta tu velocidad sobre montura un 10%. El aumento de velocidad de movimiento sobre montura no se acumula con otros efectos." lvl="2"/>
      </talent>
      <talent column="1" icon="ability_hunter_aspectmastery" key="2138" name="Maestría en Aspectos" tier="2">
        <rank description="Aspecto de la víbora: reduce la penalización de daño un 10%.&lt;br/&gt;&lt;br/&gt;Aspecto del mono: reduce el daño que te inflijan mientras está activo un 5%.&lt;br/&gt;&lt;br/&gt;Aspecto del halcón: aumenta el bonus de poder de ataque un 30%.&lt;br/&gt;&lt;br/&gt;Aspecto del dracohalcón: combina el bonus de Aspecto del mono y del halcón." lvl="1"/>
      </talent>
      <talent column="2" icon="ability_bullrush" key="1396" name="Furia desatada" tier="2">
        <rank description="Aumenta un 3% el daño infligido por tus mascotas." lvl="1"/>
        <rank description="Aumenta un 6% el daño infligido por tus mascotas." lvl="2"/>
        <rank description="Aumenta un 9% el daño infligido por tus mascotas." lvl="3"/>
        <rank description="Aumenta un 12% el daño infligido por tus mascotas." lvl="4"/>
        <rank description="Aumenta un 15% el daño infligido por tus mascotas." lvl="5"/>
      </talent>
      <talent column="1" icon="ability_hunter_mendpet" key="1385" name="Aliviar mascota mejorado" tier="3">
        <rank description="Reduce el coste de maná de tu hechizo Aliviar mascota un 10% y le da un 25% de probabilidad de limpiar la mascota de los efectos de 1 maldición, enfermedad, magia o veneno en cada pulso." lvl="1"/>
        <rank description="Reduce el coste de maná de tu hechizo Aliviar mascota un 20% y le da un 50% de probabilidad de limpiar la mascota de los efectos de 1 maldición, enfermedad, magia o veneno en cada pulso." lvl="2"/>
      </talent>
      <talent column="2" icon="inv_misc_monsterclaw_04" key="1393" name="Ferocidad" tier="3">
        <rank description="Aumenta un 2% la probabilidad de golpe crítico de tu mascota." lvl="1"/>
        <rank description="Aumenta un 4% la probabilidad de golpe crítico de tu mascota." lvl="2"/>
        <rank description="Aumenta un 6% la probabilidad de golpe crítico de tu mascota." lvl="3"/>
        <rank description="Aumenta un 8% la probabilidad de golpe crítico de tu mascota." lvl="4"/>
        <rank description="Aumenta un 10% la probabilidad de golpe crítico de tu mascota." lvl="5"/>
      </talent>
      <talent column="0" icon="ability_druid_demoralizingroar" key="1388" name="Vínculo de espíritu" tier="4">
        <rank description="Cuando tu mascota esté activa, regeneraréis el 1% de salud total cada 10 s y aumenta la sanación realizada a ti y a tu mascota un 5%." lvl="1"/>
        <rank description="Cuando tu mascota esté activa, regeneraréis el 2% de salud total cada 10 s y aumenta la sanación realizada a ti y a tu mascota un 10%." lvl="2"/>
      </talent>
      <talent column="1" icon="ability_devour" key="1387" name="Intimidación" tier="4">
        <rank description="Ordena a tu mascota que intimide al objetivo, inflige una gran cantidad de amenaza y aturde al objetivo durante 3 s. Dura 15 s." lvl="1"/>
        <spell castTime="0" cooldown="60000" maxRange="100">
          <power cost="8" type="mana"/>
        </spell>
      </talent>
      <talent column="3" icon="spell_nature_abolishmagic" key="1390" name="Disciplina de las bestias" tier="4">
        <rank description="Aumenta un 50% la regeneración de enfoque de tus mascotas." lvl="1"/>
        <rank description="Aumenta un 100% la regeneración de enfoque de tus mascotas." lvl="2"/>
      </talent>
      <talent column="0" icon="ability_hunter_animalhandler" key="1799" name="Cuidador de animales" tier="5">
        <rank description="Aumenta el poder de ataque de tu mascota un 5% y aumenta la duración del efecto de tu facultad Llamada de maestro 3 s." lvl="1"/>
        <rank description="Aumenta el poder de ataque de tu mascota un 10% y aumenta la duración del efecto de tu facultad Llamada de maestro 6 s." lvl="2"/>
      </talent>
      <talent column="2" icon="inv_misc_monsterclaw_03" key="1397" name="Frenesí" requires="1393" tier="5">
        <rank description="Da a tu mascota un 20% probabilidad de aumentar un 30% su velocidad de ataque durante 8 s después de asestar un golpe crítico." lvl="1"/>
        <rank description="Da a tu mascota un 40% probabilidad de aumentar un 30% su velocidad de ataque durante 8 s después de asestar un golpe crítico." lvl="2"/>
        <rank description="Da a tu mascota un 60% probabilidad de aumentar un 30% su velocidad de ataque durante 8 s después de asestar un golpe crítico." lvl="3"/>
        <rank description="Da a tu mascota un 80% probabilidad de aumentar un 30% su velocidad de ataque durante 8 s después de asestar un golpe crítico." lvl="4"/>
        <rank description="Da a tu mascota un 100% probabilidad de aumentar un 30% su velocidad de ataque durante 8 s después de asestar un golpe crítico." lvl="5"/>
      </talent>
      <talent column="0" icon="ability_hunter_ferociousinspiration" key="1800" name="Inspiración feroz" tier="6">
        <rank description="El daño de todos los miembros del grupo y banda aumenta un 1% en un radio de 100 metros de tu mascota. Además, aumenta el daño infligido por Disparo Arcano y Disparo firme un 3%." lvl="1"/>
        <rank description="El daño de todos los miembros del grupo y banda aumenta un 2% en un radio de 100 metros de tu mascota. Además, aumenta el daño infligido por Disparo Arcano y Disparo firme un 6%." lvl="2"/>
        <rank description="El daño de todos los miembros del grupo y banda aumenta un 3% en un radio de 100 metros de tu mascota. Además, aumenta el daño infligido por Disparo Arcano y Disparo firme un 9%." lvl="3"/>
      </talent>
      <talent column="1" icon="ability_druid_ferociousbite" key="1386" name="Cólera de las bestias" requires="1387" tier="6">
        <rank description="Pone iracunda a tu mascota para que cause un 50% de daño extra durante 10 s. Mientras está iracunda, la bestia no siente piedad, remordimiento ni miedo y no se detendrá a no ser que la maten." lvl="1"/>
        <spell castTime="0" cooldown="120000" maxRange="100">
          <power cost="10" type="mana"/>
        </spell>
      </talent>
      <talent column="2" icon="ability_hunter_catlikereflexes" key="1801" name="Reflejos felinos" tier="6">
        <rank description="Aumenta tu probabilidad de esquivar un 1% y la probabilidad de tu mascota de esquivar un 3% extra. Además, reduce el tiempo de reutilización de tu facultad Matar 10 s." lvl="1"/>
        <rank description="Aumenta tu probabilidad de esquivar un 2% y la probabilidad de tu mascota de esquivar un 6% extra. Además, reduce el tiempo de reutilización de tu facultad Matar 20 s." lvl="2"/>
        <rank description="Aumenta tu probabilidad de esquivar un 3% y la probabilidad de tu mascota de esquivar un 9% extra. Además, reduce el tiempo de reutilización de tu facultad Matar 30 s." lvl="3"/>
      </talent>
      <talent column="0" icon="ability_hunter_invigeration" key="2136" name="Vigorización" requires="1800" tier="7">
        <rank description="Cuando tu mascota inflija un golpe crítico con una facultad especial, tendrás un 50% de probabilidad de regenerar instantáneamente un 1% de maná." lvl="1"/>
        <rank description="Cuando tu mascota inflija un golpe crítico con una facultad especial, tendrás un 100% de probabilidad de regenerar instantáneamente un 1% de maná." lvl="2"/>
      </talent>
      <talent column="2" icon="ability_hunter_serpentswiftness" key="1802" name="Presteza de la serpiente" tier="7">
        <rank description="Aumenta la velocidad de ataque en combate a distancia un 4% y la velocidad de ataque cuerpo a cuerpo de tu mascota un 4%." lvl="1"/>
        <rank description="Aumenta la velocidad de ataque en combate a distancia un 8% y la velocidad de ataque cuerpo a cuerpo de tu mascota un 8%." lvl="2"/>
        <rank description="Aumenta la velocidad de ataque en combate a distancia un 12% y la velocidad de ataque cuerpo a cuerpo de tu mascota un 12%." lvl="3"/>
        <rank description="Aumenta la velocidad de ataque en combate a distancia un 16% y la velocidad de ataque cuerpo a cuerpo de tu mascota un 16%." lvl="4"/>
        <rank description="Aumenta la velocidad de ataque en combate a distancia un 20% y la velocidad de ataque cuerpo a cuerpo de tu mascota un 20%." lvl="5"/>
      </talent>
      <talent column="0" icon="ability_hunter_longevity" key="2140" name="Longevidad" tier="8">
        <rank description="Reduce el tiempo de reutilización de tu Cólera de las bestias, Intimidación y facultades especiales de mascota un 10%." lvl="1"/>
        <rank description="Reduce el tiempo de reutilización de tu Cólera de las bestias, Intimidación y facultades especiales de mascota un 20%." lvl="2"/>
        <rank description="Reduce el tiempo de reutilización de tu Cólera de las bestias, Intimidación y facultades especiales de mascota un 30%." lvl="3"/>
      </talent>
      <talent column="1" icon="ability_hunter_beastwithin" key="1803" name="Bestia interna" requires="1386" tier="8">
        <rank description="Aumenta todo el daño que infliges un 10% y cuando tu mascota está bajo los efectos de Cólera de las bestias, tú también te pones iracundo, infliges un 10% de daño extra y reduces el coste de maná de todos los hechizos un 50% durante 10 s. Mientras estás iracundo no sientes ni pena ni remordimientos ni miedo y no te pueden detener a menos que te maten." lvl="1"/>
      </talent>
      <talent column="2" icon="ability_hunter_cobrastrikes" key="2137" name="Golpes de cobra" requires="1802" tier="8">
        <rank description="Cuando asestas un golpe crítico con Disparo Arcano, Disparo firme o Disparo mortal, tienes un 20% de probabilidad de provocar que los 2 próximos ataques especiales de tu mascota sean golpes críticos." lvl="1"/>
        <rank description="Cuando asestas un golpe crítico con Disparo Arcano, Disparo firme o Disparo mortal, tienes un 40% de probabilidad de provocar que los 2 próximos ataques especiales de tu mascota sean golpes críticos." lvl="2"/>
        <rank description="Cuando asestas un golpe crítico con Disparo Arcano, Disparo firme o Disparo mortal, tienes un 60% de probabilidad de provocar que los 2 próximos ataques especiales de tu mascota sean golpes críticos." lvl="3"/>
      </talent>
      <talent column="1" icon="ability_hunter_separationanxiety" key="2227" name="Almas gemelas" tier="9">
        <rank description="Aumenta un 4% el daño de tu mascota y tu velocidad de movimiento y la de tu mascota un 2% mientras tu mascota esté activa. Esto no se acumula con otros efectos de aumento de velocidad de movimiento." lvl="1"/>
        <rank description="Aumenta un 8% el daño de tu mascota y tu velocidad de movimiento y la de tu mascota un 4% mientras tu mascota esté activa. Esto no se acumula con otros efectos de aumento de velocidad de movimiento." lvl="2"/>
        <rank description="Aumenta un 12% el daño de tu mascota y tu velocidad de movimiento y la de tu mascota un 6% mientras tu mascota esté activa. Esto no se acumula con otros efectos de aumento de velocidad de movimiento." lvl="3"/>
        <rank description="Aumenta un 16% el daño de tu mascota y tu velocidad de movimiento y la de tu mascota un 8% mientras tu mascota esté activa. Esto no se acumula con otros efectos de aumento de velocidad de movimiento." lvl="4"/>
        <rank description="Aumenta un 20% el daño de tu mascota y tu velocidad de movimiento y la de tu mascota un 10% mientras tu mascota esté activa. Esto no se acumula con otros efectos de aumento de velocidad de movimiento." lvl="5"/>
      </talent>
      <talent column="1" icon="ability_hunter_beastmastery" key="2139" name="Maestría en bestias" tier="10">
        <rank description="Dominas el arte del Adiestramiento de bestias y aprendes la facultad de domesticar mascotas exóticas, sumando 4 p. a la cantidad total de p. de habilidad con mascotas." lvl="1"/>
      </talent>
    </tree>
    <tree bgImage="HunterMarksmanship" icon="ability_marksmanship" key="Marksmanship" name="Puntería" order="1">
      <talent column="0" icon="spell_frost_stun" key="1341" name="Disparo de conmoción mejorado" tier="0">
        <rank description="Aumenta la duración del efecto de atontamiento de tu Disparo de conmoción 1 s." lvl="1"/>
        <rank description="Aumenta la duración del efecto de atontamiento de tu Disparo de conmoción 2 s." lvl="2"/>
      </talent>
      <talent column="1" icon="ability_hunter_focusedaim" key="2197" name="Puntería centrada" tier="0">
        <rank description="Reduce el retroceso sufrido de los ataques dañinos mientras lanzas Disparo firme un 23% y aumenta tu probabilidad de golpe un 1%." lvl="1"/>
        <rank description="Reduce el retroceso sufrido de los ataques dañinos mientras lanzas Disparo firme un 46% y aumenta tu probabilidad de golpe un 2%." lvl="2"/>
        <rank description="Reduce el retroceso sufrido de los ataques dañinos mientras lanzas Disparo firme un 70% y aumenta tu probabilidad de golpe un 3%." lvl="3"/>
      </talent>
      <talent column="2" icon="ability_searingarrow" key="1344" name="Disparos letales" tier="0">
        <rank description="Aumenta la probabilidad de conseguir un golpe crítico con todas las armas a distancia un 1%." lvl="1"/>
        <rank description="Aumenta la probabilidad de conseguir un golpe crítico con todas las armas a distancia un 2%." lvl="2"/>
        <rank description="Aumenta la probabilidad de conseguir un golpe crítico con todas las armas a distancia un 3%." lvl="3"/>
        <rank description="Aumenta la probabilidad de conseguir un golpe crítico con todas las armas a distancia un 4%." lvl="4"/>
        <rank description="Aumenta la probabilidad de conseguir un golpe crítico con todas las armas a distancia un 5%." lvl="5"/>
      </talent>
      <talent column="0" icon="ability_hunter_zenarchery" key="1806" name="Afinar la puntería" tier="1">
        <rank description="Aumenta tu poder de ataque a distancia en una cantidad igual a un 33% del total de tu intelecto." lvl="1"/>
        <rank description="Aumenta tu poder de ataque a distancia en una cantidad igual a un 66% del total de tu intelecto." lvl="2"/>
        <rank description="Aumenta tu poder de ataque a distancia en una cantidad igual a un 100% del total de tu intelecto." lvl="3"/>
      </talent>
      <talent column="1" icon="ability_hunter_snipershot" key="1343" name="Marca del cazador mejorada" tier="1">
        <rank description="Aumenta el bonus de poder de ataque otorgado por tu facultad Marca del cazador un 10% y reduce el coste de maná de tu facultad Marca del cazador un 33%." lvl="1"/>
        <rank description="Aumenta el bonus de poder de ataque otorgado por tu facultad Marca del cazador un 20% y reduce el coste de maná de tu facultad Marca del cazador un 66%." lvl="2"/>
        <rank description="Aumenta el bonus de poder de ataque otorgado por tu facultad Marca del cazador un 30% y reduce el coste de maná de tu facultad Marca del cazador un 100%." lvl="3"/>
      </talent>
      <talent column="2" icon="ability_piercedamage" key="1349" name="Disparos mortales" tier="1">
        <rank description="Aumenta el bonus de daño de golpe crítico de tus facultades a distancia un 6%." lvl="1"/>
        <rank description="Aumenta el bonus de daño de golpe crítico de tus facultades a distancia un 12%." lvl="2"/>
        <rank description="Aumenta el bonus de daño de golpe crítico de tus facultades a distancia un 18%." lvl="3"/>
        <rank description="Aumenta el bonus de daño de golpe crítico de tus facultades a distancia un 24%." lvl="4"/>
        <rank description="Aumenta el bonus de daño de golpe crítico de tus facultades a distancia un 30%." lvl="5"/>
      </talent>
      <talent column="0" icon="ability_hunter_goforthethroat" key="1818" name="A la yugular" tier="2">
        <rank description="Tus golpes críticos a distancia provocan que tu mascota genere 25 p. de enfoque." lvl="1"/>
        <rank description="Tus golpes críticos a distancia provocan que tu mascota genere 50 p. de enfoque." lvl="2"/>
      </talent>
      <talent column="1" icon="ability_impalingbolt" key="1346" name="Disparo Arcano mejorado" tier="2">
        <rank description="Aumenta el daño que inflige tu Disparo Arcano un 5%." lvl="1"/>
        <rank description="Aumenta el daño que inflige tu Disparo Arcano un 10%." lvl="2"/>
        <rank description="Aumenta el daño que inflige tu Disparo Arcano un 15%." lvl="3"/>
      </talent>
      <talent column="2" icon="inv_spear_07" key="1345" name="Disparo de puntería" requires="1349" tier="2">
        <rank description="Un disparo de puntería que aumenta el daño a distancia 5 p. y reduce la sanación del objetivo un 50%. Dura 10 s." lvl="1"/>
        <spell castTime="0" cooldown="10000" maxRange="35" minRange="5">
          <power cost="8" type="mana"/>
        </spell>
      </talent>
      <talent column="3" icon="ability_hunter_rapidkilling" key="1819" name="Matanza rápida" tier="2">
        <rank description="Reduce el tiempo de reutilización de tu Fuego rápido en 1 min. Además, tras matar a un oponente que reporta experiencia u honor, tu siguiente Disparo de puntería, Disparo Arcano o Disparo de quimera inflige un 10% de daño extra. Dura 20 s." lvl="1"/>
        <rank description="Reduce el tiempo de reutilización de tu Fuego rápido en 2 min. Además, tras matar a un oponente que reporta experiencia u honor, tu siguiente Disparo de puntería, Disparo Arcano o Disparo de quimera inflige un 20% de daño extra. Dura 20 s." lvl="2"/>
      </talent>
      <talent column="1" icon="ability_hunter_quickshot" key="1348" name="Picaduras mejoradas" tier="3">
        <rank description="Aumenta un 10% el daño infligido con Picadura de serpiente y Picadura de dracoleón, y un 10% el maná drenado por Picadura de víbora. Además, reduce un 10% la probabilidad de que los efectos de daño en el tiempo de Picadura se disipen." lvl="1"/>
        <rank description="Aumenta un 20% el daño infligido con Picadura de serpiente y Picadura de dracoleón, y un 20% el maná drenado por Picadura de víbora. Además, reduce un 20% la probabilidad de que los efectos de daño en el tiempo de Picadura se disipen." lvl="2"/>
        <rank description="Aumenta un 30% el daño infligido con Picadura de serpiente y Picadura de dracoleón, y un 30% el maná drenado por Picadura de víbora. Además, reduce un 30% la probabilidad de que los efectos de daño en el tiempo de Picadura se disipen." lvl="3"/>
      </talent>
      <talent column="2" icon="spell_frost_wizardmark" key="1342" name="Eficacia" tier="3">
        <rank description="Reduce el coste de maná de tus disparos y picaduras un 3%." lvl="1"/>
        <rank description="Reduce el coste de maná de tus disparos y picaduras un 6%." lvl="2"/>
        <rank description="Reduce el coste de maná de tus disparos y picaduras un 9%." lvl="3"/>
        <rank description="Reduce el coste de maná de tus disparos y picaduras un 12%." lvl="4"/>
        <rank description="Reduce el coste de maná de tus disparos y picaduras un 15%." lvl="5"/>
      </talent>
      <talent column="0" icon="spell_arcane_starfire" key="1351" name="Tromba de conmoción" tier="4">
        <rank description="Los ataques de Disparo de quimera y Multidisparo que alcancen al objetivo tienen un 50% de probabilidad de atontar al objetivo durante 4 s." lvl="1"/>
        <rank description="Los ataques de Disparo de quimera y Multidisparo que alcancen al objetivo tienen un 100% de probabilidad de atontar al objetivo durante 4 s." lvl="2"/>
      </talent>
      <talent column="1" icon="ability_hunter_readiness" key="1353" name="Disposición" tier="4">
        <rank description="Cuando se activa, termina inmediatamente el tiempo de reutilización de tus otras facultades de cazador, excepto Cólera de las bestias." lvl="1"/>
        <spell castTime="0" cooldown="180000"/>
      </talent>
      <talent column="2" icon="ability_upgrademoonglaive" key="1347" name="Tromba" tier="4">
        <rank description="Aumenta un 4% el daño infligido con tus hechizos Multidisparo, Disparo de puntería y Salva." lvl="1"/>
        <rank description="Aumenta un 8% el daño infligido con tus hechizos Multidisparo, Disparo de puntería y Salva." lvl="2"/>
        <rank description="Aumenta un 12% el daño infligido con tus hechizos Multidisparo, Disparo de puntería y Salva." lvl="3"/>
      </talent>
      <talent column="0" icon="ability_hunter_combatexperience" key="1804" name="Experiencia en combate" tier="5">
        <rank description="Aumenta tu agilidad y tu intelecto totales un 2%." lvl="1"/>
        <rank description="Aumenta tu agilidad y tu intelecto totales un 4%." lvl="2"/>
      </talent>
      <talent column="3" icon="inv_weapon_rifle_06" key="1362" name="Especialización en armas a distancia" tier="5">
        <rank description="Aumenta un 1% el daño infligido con las armas a distancia." lvl="1"/>
        <rank description="Aumenta un 3% el daño infligido con las armas a distancia." lvl="2"/>
        <rank description="Aumenta un 5% el daño infligido con las armas a distancia." lvl="3"/>
      </talent>
      <talent column="0" icon="ability_hunter_piercingshots" key="2130" name="Disparos perforadores" tier="6">
        <rank description="Tus golpes críticos con Disparo de puntería, Disparo firme y Disparo de quimera hacen sangrar al objetivo un 10% del daño infligido durante 8 s." lvl="1"/>
        <rank description="Tus golpes críticos con Disparo de puntería, Disparo firme y Disparo de quimera hacen sangrar al objetivo un 20% del daño infligido durante 8 s." lvl="2"/>
        <rank description="Tus golpes críticos con Disparo de puntería, Disparo firme y Disparo de quimera hacen sangrar al objetivo un 30% del daño infligido durante 8 s." lvl="3"/>
      </talent>
      <talent column="1" icon="ability_trueshot" key="1361" name="Aura de disparo certero" requires="1353" tier="6">
        <rank description="Aumenta el poder de ataque de los miembros del grupo y banda en un radio de 100 m un 10%. Dura hasta cancelación." lvl="1"/>
        <spell castTime="0"/>
      </talent>
      <talent column="2" icon="ability_upgrademoonglaive" key="1821" name="Tromba mejorada" requires="1347" tier="6">
        <rank description="Aumenta la probabilidad de golpe crítico de tus facultades Multidisparo y Disparo de puntería un 4% y reduce el retroceso sufrido de los ataques dañinos mientras canalizas Salva un 33%." lvl="1"/>
        <rank description="Aumenta la probabilidad de golpe crítico de tus facultades Multidisparo y Disparo de puntería un 8% y reduce el retroceso sufrido de los ataques dañinos mientras canalizas Salva un 66%." lvl="2"/>
        <rank description="Aumenta la probabilidad de golpe crítico de tus facultades Multidisparo y Disparo de puntería un 12% y reduce el retroceso sufrido de los ataques dañinos mientras canalizas Salva un 100%." lvl="3"/>
      </talent>
      <talent column="1" icon="ability_hunter_mastermarksman" key="1807" name="Maestro Tirador" tier="7">
        <rank description="Aumenta tu probabilidad de golpe crítico un 1% y reduce el coste de maná de tu Disparo firme, Disparo de puntería y Disparo de quimera un 5%." lvl="1"/>
        <rank description="Aumenta tu probabilidad de golpe crítico un 2% y reduce el coste de maná de tu Disparo firme, Disparo de puntería y Disparo de quimera un 10%." lvl="2"/>
        <rank description="Aumenta tu probabilidad de golpe crítico un 3% y reduce el coste de maná de tu Disparo firme, Disparo de puntería y Disparo de quimera un 15%." lvl="3"/>
        <rank description="Aumenta tu probabilidad de golpe crítico un 4% y reduce el coste de maná de tu Disparo firme, Disparo de puntería y Disparo de quimera un 20%." lvl="4"/>
        <rank description="Aumenta tu probabilidad de golpe crítico un 5% y reduce el coste de maná de tu Disparo firme, Disparo de puntería y Disparo de quimera un 25%." lvl="5"/>
      </talent>
      <talent column="2" icon="ability_hunter_rapidregeneration" key="2131" name="Recuperación rápida" tier="7">
        <rank description="Ganas un 2% de tu maná cada 3 s mientras estás bajo el efecto de Fuego rápido, y ganas el 1% de tu maná cada 2 s durante 6 s cuando ganas Matanza rápida." lvl="1"/>
        <rank description="Ganas un 4% de tu maná cada 3 s mientras estás bajo el efecto de Fuego rápido, y ganas el 2% de tu maná cada 2 s durante 6 s cuando ganas Matanza rápida." lvl="2"/>
      </talent>
      <talent column="0" icon="ability_hunter_wildquiver" key="2132" name="Carcaj salvaje" tier="8">
        <rank description="Tienes un 4% de probabilidad de lanzar un disparo adicional cuando inflijas daño con tu disparo automático, que inflige un 80% de daño de Naturaleza con arma. Carcaj salvaje no consume munición." lvl="1"/>
        <rank description="Tienes un 8% de probabilidad de lanzar un disparo adicional cuando inflijas daño con tu disparo automático, que inflige un 80% de daño de Naturaleza con arma. Carcaj salvaje no consume munición." lvl="2"/>
        <rank description="Tienes un 12% de probabilidad de lanzar un disparo adicional cuando inflijas daño con tu disparo automático, que inflige un 80% de daño de Naturaleza con arma. Carcaj salvaje no consume munición." lvl="3"/>
      </talent>
      <talent column="1" icon="ability_theblackarrow" key="1808" name="Disparo silenciador" requires="1807" tier="8">
        <rank description="Un disparo que provoca un 50% de daño con arma y silencia al objetivo durante 3 s. El lanzamiento de hechizos de las víctimas no-jugadoras también se interrumpirá durante 3 s." lvl="1"/>
        <spell castTime="0" cooldown="20000" maxRange="35" minRange="5">
          <power cost="6" type="mana"/>
        </spell>
      </talent>
      <talent column="2" icon="ability_hunter_improvedsteadyshot" key="2133" name="Disparo firme mejorado" tier="8">
        <rank description="Los impactos de tu Disparo firme tienen un 5% de probabilidad de aumentar el daño infligido por tu siguiente Disparo de puntería, Disparo Arcano o Disparo de quimera un 15% y de reducir el coste de maná de tu siguiente Disparo de puntería, Disparo Arcano o Disparo de quimera un 20%." lvl="1"/>
        <rank description="Los impactos de tu Disparo firme tienen un 10% de probabilidad de aumentar el daño infligido por tu siguiente Disparo de puntería, Disparo Arcano o Disparo de quimera un 15% y de reducir el coste de maná de tu siguiente Disparo de puntería, Disparo Arcano o Disparo de quimera un 20%." lvl="2"/>
        <rank description="Los impactos de tu Disparo firme tienen un 15% de probabilidad de aumentar el daño infligido por tu siguiente Disparo de puntería, Disparo Arcano o Disparo de quimera un 15% y de reducir el coste de maná de tu siguiente Disparo de puntería, Disparo Arcano o Disparo de quimera un 20%." lvl="3"/>
      </talent>
      <talent column="1" icon="ability_hunter_assassinate" key="2134" name="Marcado para morir" tier="9">
        <rank description="Aumenta el daño infligido con tus disparos y con las facultades especiales de tu mascota a los objetivos marcados un 1% y aumenta el bonus de daño de golpe crítico de tu Disparo de puntería, Disparo Arcano, Disparo firme, Disparo mortal y Disparo de quimera un 2%." lvl="1"/>
        <rank description="Aumenta el daño infligido con tus disparos y con las facultades especiales de tu mascota a los objetivos marcados un 2% y aumenta el bonus de daño de golpe crítico de tu Disparo de puntería, Disparo Arcano, Disparo firme, Disparo mortal y Disparo de quimera un 4%." lvl="2"/>
        <rank description="Aumenta el daño infligido con tus disparos y con las facultades especiales de tu mascota a los objetivos marcados un 3% y aumenta el bonus de daño de golpe crítico de tu Disparo de puntería, Disparo Arcano, Disparo firme, Disparo mortal y Disparo de quimera un 6%." lvl="3"/>
        <rank description="Aumenta el daño infligido con tus disparos y con las facultades especiales de tu mascota a los objetivos marcados un 4% y aumenta el bonus de daño de golpe crítico de tu Disparo de puntería, Disparo Arcano, Disparo firme, Disparo mortal y Disparo de quimera un 8%." lvl="4"/>
        <rank description="Aumenta el daño infligido con tus disparos y con las facultades especiales de tu mascota a los objetivos marcados un 5% y aumenta el bonus de daño de golpe crítico de tu Disparo de puntería, Disparo Arcano, Disparo firme, Disparo mortal y Disparo de quimera un 10%." lvl="5"/>
      </talent>
      <talent column="1" icon="ability_hunter_chimerashot2" key="2135" name="Disparo de quimera" tier="10">
        <rank description="Infliges un 125% de daño con arma, actualizando la Picadura actual de tu objetivo y activando un efecto:&lt;br/&gt;&lt;br/&gt;Picadura de serpiente: inflige instantáneamente un 40% del daño infligido por tu Picadura de serpiente.&lt;br/&gt;&lt;br/&gt;Picadura de víbora: restaura instantáneamente el 60% de la cantidad de maná drenada por tu Picadura de víbora.&lt;br/&gt;&lt;br/&gt;Picadura de escórpido: Intenta desarmar al objetivo durante 10 segundos. Este efecto solo puede ocurrir una vez por minuto." lvl="1"/>
        <spell castTime="0" cooldown="10000" maxRange="35" minRange="5">
          <power cost="12" type="mana"/>
        </spell>
      </talent>
    </tree>
  </talentTrees>
</page>
