<?xml version="1.0" encoding="UTF-8"?><page globalSearch="1" lang="es_mx" requestUrl="/talent-tree.xml">
  <talentTrees>
    <tree bgImage="WarlockDestruction" icon="spell_shadow_rainoffire" key="Destruction" name="Destrucción" order="2">
      <talent column="1" icon="spell_shadow_shadowbolt" key="944" name="Descarga de las Sombras mejorada" tier="0">
        <rank description="Aumenta el daño infligido por tu Descarga de las Sombras un 2% y tu Descarga de las Sombras tiene un 20% de probabilidad de hacer que el objetivo sea vulnerable a daño con hechizos, aumentando la probabilidad de golpe crítico con hechizos frente a este objetivo un 5%. El efecto dura 30 s." lvl="1"/>
        <rank description="Aumenta el daño infligido por tu Descarga de las Sombras un 4% y tu Descarga de las Sombras tiene un 40% de probabilidad de hacer que el objetivo sea vulnerable a daño con hechizos, aumentando la probabilidad de golpe crítico con hechizos frente a este objetivo un 5%. El efecto dura 30 s." lvl="2"/>
        <rank description="Aumenta el daño infligido por tu Descarga de las Sombras un 6% y tu Descarga de las Sombras tiene un 60% de probabilidad de hacer que el objetivo sea vulnerable a daño con hechizos, aumentando la probabilidad de golpe crítico con hechizos frente a este objetivo un 5%. El efecto dura 30 s." lvl="3"/>
        <rank description="Aumenta el daño infligido por tu Descarga de las Sombras un 8% y tu Descarga de las Sombras tiene un 80% de probabilidad de hacer que el objetivo sea vulnerable a daño con hechizos, aumentando la probabilidad de golpe crítico con hechizos frente a este objetivo un 5%. El efecto dura 30 s." lvl="4"/>
        <rank description="Aumenta el daño infligido por tu Descarga de las Sombras un 10% y tu Descarga de las Sombras tiene un 100% de probabilidad de hacer que el objetivo sea vulnerable a daño con hechizos, aumentando la probabilidad de golpe crítico con hechizos frente a este objetivo un 5%. El efecto dura 30 s." lvl="5"/>
      </talent>
      <talent column="2" icon="spell_shadow_deathpact" key="943" name="Aterrar" tier="0">
        <rank description="Reduce el tiempo de lanzamiento de tus hechizos Descarga de las Sombras, Descarga de caos e Inmolar 0.1 s y tu hechizo Fuego de alma 0.4 s." lvl="1"/>
        <rank description="Reduce el tiempo de lanzamiento de tus hechizos Descarga de las Sombras, Descarga de caos e Inmolar 0.2 s y tu hechizo Fuego de alma 0.8 s." lvl="2"/>
        <rank description="Reduce el tiempo de lanzamiento de tus hechizos Descarga de las Sombras, Descarga de caos e Inmolar 0.3 s y tu hechizo Fuego de alma 1.2 s." lvl="3"/>
        <rank description="Reduce el tiempo de lanzamiento de tus hechizos Descarga de las Sombras, Descarga de caos e Inmolar 0.4 s y tu hechizo Fuego de alma 1.6 s." lvl="4"/>
        <rank description="Reduce el tiempo de lanzamiento de tus hechizos Descarga de las Sombras, Descarga de caos e Inmolar 0.5 s y tu hechizo Fuego de alma 2 s." lvl="5"/>
      </talent>
      <talent column="0" icon="spell_fire_fire" key="982" name="Secuelas" tier="1">
        <rank description="Aumenta el daño periódico infligido por tu Inmolar un 3% y tu Conflagrar tiene un 50% de probabilidad de atontar al objetivo durante 5 s." lvl="1"/>
        <rank description="Aumenta el daño periódico infligido por tu Inmolar un 6% y tu Conflagrar tiene un 100% de probabilidad de atontar al objetivo durante 5 s." lvl="2"/>
      </talent>
      <talent column="1" icon="ability_mage_moltenarmor" key="1887" name="Piel de arrabio" tier="1">
        <rank description="Reduce todo el daño recibido un 2%." lvl="1"/>
        <rank description="Reduce todo el daño recibido un 4%." lvl="2"/>
        <rank description="Reduce todo el daño recibido un 6%." lvl="3"/>
      </talent>
      <talent column="2" icon="spell_fire_windsofwoe" key="941" name="Cataclismo" tier="1">
        <rank description="Reduce el coste de maná de tus hechizos de Destrucción un 4%." lvl="1"/>
        <rank description="Reduce el coste de maná de tus hechizos de Destrucción un 7%." lvl="2"/>
        <rank description="Reduce el coste de maná de tus hechizos de Destrucción un 10%." lvl="3"/>
      </talent>
      <talent column="0" icon="spell_fire_firebolt" key="983" name="Poder demoníaco" tier="2">
        <rank description="Reduce el tiempo de reutilización del hechizo Latigazo doloroso de tu súcubo 3 s. y reduce el tiempo de lanzamiento del hechizo Descarga de Fuego de tu diablillo 0.25 s." lvl="1"/>
        <rank description="Reduce el tiempo de reutilización del hechizo Latigazo doloroso de tu súcubo 6 s. y reduce el tiempo de lanzamiento del hechizo Descarga de Fuego de tu diablillo 0.50 s." lvl="2"/>
      </talent>
      <talent column="1" icon="spell_shadow_scourgebuild" key="963" name="Quemadura de las Sombras" tier="2">
        <rank description="Revienta instantáneamente al objetivo e inflige 87-99 p. de daño de las Sombras. Si el objetivo muere en 5 s por Quemadura de las Sombras y produce honor o experiencia, ganarás un fragmento de alma." lvl="1"/>
        <spell castTime="0" cooldown="15000" maxRange="20">
          <power cost="20" type="mana"/>
        </spell>
      </talent>
      <talent column="2" icon="spell_shadow_shadowwordpain" key="967" name="Ruina" tier="2">
        <rank description="Aumenta un 20% el bonus de daño por golpe crítico de tus hechizos de Destrucción y del hechizo Descarga de Fuego de tu diablillo." lvl="1"/>
        <rank description="Aumenta un 40% el bonus de daño por golpe crítico de tus hechizos de Destrucción y del hechizo Descarga de Fuego de tu diablillo." lvl="2"/>
        <rank description="Aumenta un 60% el bonus de daño por golpe crítico de tus hechizos de Destrucción y del hechizo Descarga de Fuego de tu diablillo." lvl="3"/>
        <rank description="Aumenta un 80% el bonus de daño por golpe crítico de tus hechizos de Destrucción y del hechizo Descarga de Fuego de tu diablillo." lvl="4"/>
        <rank description="Aumenta un 100% el bonus de daño por golpe crítico de tus hechizos de Destrucción y del hechizo Descarga de Fuego de tu diablillo." lvl="5"/>
      </talent>
      <talent column="0" icon="spell_fire_lavaspawn" key="985" name="Intensidad" tier="3">
        <rank description="Reduce el retroceso sufrido por los ataques dañinos mientras lanzas o canalizas cualquier hechizo de destrucción un 35%." lvl="1"/>
        <rank description="Reduce el retroceso sufrido por los ataques dañinos mientras lanzas o canalizas cualquier hechizo de destrucción un 70%." lvl="2"/>
      </talent>
      <talent column="1" icon="spell_shadow_corpseexplode" key="964" name="Alcance destructivo" tier="3">
        <rank description="Aumenta el alcance de tus hechizos de destrucción un 10% y reduce la amenaza causada por tus hechizos de destrucción un 10%." lvl="1"/>
        <rank description="Aumenta el alcance de tus hechizos de destrucción un 20% y reduce la amenaza causada por tus hechizos de destrucción un 20%." lvl="2"/>
      </talent>
      <talent column="3" icon="spell_fire_soulburn" key="965" name="Dolor abrasador mejorado" tier="3">
        <rank description="Aumenta un 4% la probabilidad de golpe crítico de tu hechizo de Dolor abrasador." lvl="1"/>
        <rank description="Aumenta un 7% la probabilidad de golpe crítico de tu hechizo de Dolor abrasador." lvl="2"/>
        <rank description="Aumenta un 10% la probabilidad de golpe crítico de tu hechizo de Dolor abrasador." lvl="3"/>
      </talent>
      <talent column="0" icon="spell_fire_playingwithfire" key="1817" name="Contragolpe" requires="985" tier="4">
        <rank description="Aumenta tu probabilidad de golpe crítico con hechizos un 1% extra y te da un 8% de probabilidad cuando recibes un golpe físico para reducir el tiempo de lanzamiento de tu próximo hechizo Descarga de las Sombras o Incineración un 100%. Este efecto dura 8 s y no podrá ocurrir más de una vez cada 8 segundos." lvl="1"/>
        <rank description="Aumenta tu probabilidad de golpe crítico con hechizos un 2% extra y te da un 16% de probabilidad cuando recibes un golpe físico para reducir el tiempo de lanzamiento de tu próximo hechizo Descarga de las Sombras o Incineración un 100%. Este efecto dura 8 s y no podrá ocurrir más de una vez cada 8 segundos." lvl="2"/>
        <rank description="Aumenta tu probabilidad de golpe crítico con hechizos un 3% extra y te da un 25% de probabilidad cuando recibes un golpe físico para reducir el tiempo de lanzamiento de tu próximo hechizo Descarga de las Sombras o Incineración un 100%. Este efecto dura 8 s y no podrá ocurrir más de una vez cada 8 segundos." lvl="3"/>
      </talent>
      <talent column="1" icon="spell_fire_immolation" key="961" name="Inmolar mejorado" tier="4">
        <rank description="Aumenta un 10% el daño infligido por tu hechizo Inmolar." lvl="1"/>
        <rank description="Aumenta un 20% el daño infligido por tu hechizo Inmolar." lvl="2"/>
        <rank description="Aumenta un 30% el daño infligido por tu hechizo Inmolar." lvl="3"/>
      </talent>
      <talent column="2" icon="spell_fire_flameshock" key="981" name="Devastación" requires="967" tier="4">
        <rank description="Aumenta un 5% la probabilidad de golpe crítico de tus hechizos de destrucción." lvl="1"/>
      </talent>
      <talent column="0" icon="spell_shadow_netherprotection" key="1679" name="Protección abisal" tier="5">
        <rank description="Tras ser alcanzado por un hechizo, tienes un 10% de probabilidad de obtener Protección Abisal, reduciendo todo el daño infligido con hechizos de esa escuela un 30% durante 8 s." lvl="1"/>
        <rank description="Tras ser alcanzado por un hechizo, tienes un 20% de probabilidad de obtener Protección Abisal, reduciendo todo el daño infligido con hechizos de esa escuela un 30% durante 8 s." lvl="2"/>
        <rank description="Tras ser alcanzado por un hechizo, tienes un 30% de probabilidad de obtener Protección Abisal, reduciendo todo el daño infligido con hechizos de esa escuela un 30% durante 8 s." lvl="3"/>
      </talent>
      <talent column="2" icon="spell_fire_selfdestruct" key="966" name="Tormenta de brasas" tier="5">
        <rank description="Aumenta el daño infligido por tus hechizos de Fuego un 3% y reduce el tiempo de lanzamiento de Incinerar 0.05 s." lvl="1"/>
        <rank description="Aumenta el daño infligido por tus hechizos de Fuego un 6% y reduce el tiempo de lanzamiento de Incinerar 0.10 s." lvl="2"/>
        <rank description="Aumenta el daño infligido por tus hechizos de Fuego un 9% y reduce el tiempo de lanzamiento de Incinerar 0.15 s." lvl="3"/>
        <rank description="Aumenta el daño infligido por tus hechizos de Fuego un 12% y reduce el tiempo de lanzamiento de Incinerar 0.20 s." lvl="4"/>
        <rank description="Aumenta el daño infligido por tus hechizos de Fuego un 15% y reduce el tiempo de lanzamiento de Incinerar 0.25 s." lvl="5"/>
      </talent>
      <talent column="1" icon="spell_fire_fireball" key="968" name="Conflagrar" requires="961" tier="6">
        <rank description="Consume un efecto Inmolar o Llama de las Sombras en un objetivo enemigo para infligir instantáneamente daño igual al 60% de tu Inmolar o de tu Llama de las Sombras e inflige un 40% de daño extra durante 6 s." lvl="1"/>
        <spell castTime="0" cooldown="10000" maxRange="30">
          <power cost="16" type="mana"/>
        </spell>
      </talent>
      <talent column="2" icon="spell_shadow_soulleech_3" key="1678" name="Parasitar alma" tier="6">
        <rank description="Da a tus hechizos Descarga de las Sombras, Quemadura de las Sombras, Descarga de caos, Fuego de alma, Incinerar, Dolor abrasador y Conflagrar un 10% de probabilidad de devolver una cantidad de salud equivalente al 20% del daño infligido." lvl="1"/>
        <rank description="Da a tus hechizos Descarga de las Sombras, Quemadura de las Sombras, Descarga de caos, Fuego de alma, Incinerar, Dolor abrasador y Conflagrar un 20% de probabilidad de devolver una cantidad de salud equivalente al 20% del daño infligido." lvl="2"/>
        <rank description="Da a tus hechizos Descarga de las Sombras, Quemadura de las Sombras, Descarga de caos, Fuego de alma, Incinerar, Dolor abrasador y Conflagrar un 30% de probabilidad de devolver una cantidad de salud equivalente al 20% del daño infligido." lvl="3"/>
      </talent>
      <talent column="3" icon="spell_fire_volcano" key="986" name="Piroclasma" tier="6">
        <rank description="Cuando infliges golpes críticos con Dolor abrasador o Conflagrar, tu daño con hechizos de Fuego y de las Sombras aumenta un 2% durante 10 s." lvl="1"/>
        <rank description="Cuando infliges golpes críticos con Dolor abrasador o Conflagrar, tu daño con hechizos de Fuego y de las Sombras aumenta un 4% durante 10 s." lvl="2"/>
        <rank description="Cuando infliges golpes críticos con Dolor abrasador o Conflagrar, tu daño con hechizos de Fuego y de las Sombras aumenta un 6% durante 10 s." lvl="3"/>
      </talent>
      <talent column="1" icon="spell_shadow_shadowandflame" key="1677" name="Sombras y llamas" tier="7">
        <rank description="Tus hechizos Descarga de las Sombras, Quemadura de las Sombras, Descarga de caos e Incinerar consiguen un 4% extra de tu bonus de efectos de daño con hechizos." lvl="1"/>
        <rank description="Tus hechizos Descarga de las Sombras, Quemadura de las Sombras, Descarga de caos e Incinerar consiguen un 8% extra de tu bonus de efectos de daño con hechizos." lvl="2"/>
        <rank description="Tus hechizos Descarga de las Sombras, Quemadura de las Sombras, Descarga de caos e Incinerar consiguen un 12% extra de tu bonus de efectos de daño con hechizos." lvl="3"/>
        <rank description="Tus hechizos Descarga de las Sombras, Quemadura de las Sombras, Descarga de caos e Incinerar consiguen un 16% extra de tu bonus de efectos de daño con hechizos." lvl="4"/>
        <rank description="Tus hechizos Descarga de las Sombras, Quemadura de las Sombras, Descarga de caos e Incinerar consiguen un 20% extra de tu bonus de efectos de daño con hechizos." lvl="5"/>
      </talent>
      <talent column="2" icon="ability_warlock_improvedsoulleech" key="1889" name="Parasitar alma mejorado" requires="1678" tier="7">
        <rank description="Tu efecto Parasitar alma también os restaura maná a ti y a tu demonio invocado por un valor igual al 1% del maná máximo y tiene un 50% de probabilidad de otorgar hasta a 10 miembros del grupo o banda regeneración de maná igual a un 1% del maná máximo cada 5 s. Dura 15 s." lvl="1"/>
        <rank description="Tu efecto Parasitar alma también os restaura maná a ti y a tu demonio invocado por un valor igual al 2% del maná máximo y tiene un 100% de probabilidad de otorgar hasta a 10 miembros del grupo o banda regeneración de maná igual a un 1% del maná máximo cada 5 s. Dura 15 s." lvl="2"/>
      </talent>
      <talent column="0" icon="ability_warlock_backdraft" key="1888" name="Explosión de humo" requires="968" tier="8">
        <rank description="Cuando lanzas Conflagrar, el tiempo de lanzamiento y el tiempo de reutilización global de tus siguientes 3 hechizos de destrucción se reduce un 10%. Dura 15 s." lvl="1"/>
        <rank description="Cuando lanzas Conflagrar, el tiempo de lanzamiento y el tiempo de reutilización global de tus siguientes 3 hechizos de destrucción se reduce un 20%. Dura 15 s." lvl="2"/>
        <rank description="Cuando lanzas Conflagrar, el tiempo de lanzamiento y el tiempo de reutilización global de tus siguientes 3 hechizos de destrucción se reduce un 30%. Dura 15 s." lvl="3"/>
      </talent>
      <talent column="1" icon="spell_shadow_shadowfury" key="1676" name="Furia de las Sombras" tier="8">
        <rank description="La Furia de las Sombras se desata, lo que inflige 343-407 p. de daño de las Sombras y aturde a todos los enemigos situados en un radio de 8 m durante 3 s." lvl="1"/>
        <spell castTime="0" cooldown="20000" maxRange="30">
          <power cost="27" type="mana"/>
        </spell>
      </talent>
      <talent column="2" icon="ability_warlock_empoweredimp" key="2045" name="Diablillo potenciado" tier="8">
        <rank description="Aumenta el daño infligido por tu diablillo un 10% y todos los golpes críticos de tu diablillo tienen un 33% de probabilidad de aumentar tu probabilidad de golpe crítico con hechizos de tu siguiente hechizo un 100%. Este efecto dura 8 s." lvl="1"/>
        <rank description="Aumenta el daño infligido por tu diablillo un 20% y todos los golpes críticos de tu diablillo tienen un 66% de probabilidad de aumentar tu probabilidad de golpe crítico con hechizos de tu siguiente hechizo un 100%. Este efecto dura 8 s." lvl="2"/>
        <rank description="Aumenta el daño infligido por tu diablillo un 30% y todos los golpes críticos de tu diablillo tienen un 100% de probabilidad de aumentar tu probabilidad de golpe crítico con hechizos de tu siguiente hechizo un 100%. Este efecto dura 8 s." lvl="3"/>
      </talent>
      <talent column="1" icon="ability_warlock_fireandbrimstone" key="1890" name="Fuego y azufre" tier="9">
        <rank description="Aumenta el daño infligido por tus hechizos Incinerar y Descarga de caos a objetivos afectados por tu Inmolar un 2%, y la probabilidad de asestar un golpe crítico de tu hechizo Conflagrar aumenta un 5%." lvl="1"/>
        <rank description="Aumenta el daño infligido por tus hechizos Incinerar y Descarga de caos a objetivos afectados por tu Inmolar un 4%, y la probabilidad de asestar un golpe crítico de tu hechizo Conflagrar aumenta un 10%." lvl="2"/>
        <rank description="Aumenta el daño infligido por tus hechizos Incinerar y Descarga de caos a objetivos afectados por tu Inmolar un 6%, y la probabilidad de asestar un golpe crítico de tu hechizo Conflagrar aumenta un 15%." lvl="3"/>
        <rank description="Aumenta el daño infligido por tus hechizos Incinerar y Descarga de caos a objetivos afectados por tu Inmolar un 8%, y la probabilidad de asestar un golpe crítico de tu hechizo Conflagrar aumenta un 20%." lvl="4"/>
        <rank description="Aumenta el daño infligido por tus hechizos Incinerar y Descarga de caos a objetivos afectados por tu Inmolar un 10%, y la probabilidad de asestar un golpe crítico de tu hechizo Conflagrar aumenta un 25%." lvl="5"/>
      </talent>
      <talent column="1" icon="ability_warlock_chaosbolt" key="1891" name="Descarga de caos" tier="10">
        <rank description="Lanza una descarga de fuego caótico al enemigo y le inflige 837-1061 p. de daño de Fuego. No se puede resistir Descarga de caos y atraviesa todos los efectos de absorción." lvl="1"/>
        <spell castTime="2500" cooldown="12000" maxRange="30">
          <power cost="7" type="mana"/>
        </spell>
      </talent>
    </tree>
    <tree bgImage="WarlockSummoning" icon="spell_shadow_metamorphosis" key="Demonology" name="Demonología" order="1">
      <talent column="0" icon="inv_stone_04" key="1221" name="Piedra de salud mejorada" tier="0">
        <rank description="Aumenta la salud recuperada por tu piedra de salud un 10%." lvl="1"/>
        <rank description="Aumenta la salud recuperada por tu piedra de salud un 20%." lvl="2"/>
      </talent>
      <talent column="1" icon="spell_shadow_summonimp" key="1222" name="Diablillo mejorado" tier="0">
        <rank description="Aumenta un 10% el efecto del hechizo de Descarga de Fuego, el de Escudo de Fuego y el de Pacto de sangre de tu diablillo." lvl="1"/>
        <rank description="Aumenta un 20% el efecto del hechizo de Descarga de Fuego, el de Escudo de Fuego y el de Pacto de sangre de tu diablillo." lvl="2"/>
        <rank description="Aumenta un 30% el efecto del hechizo de Descarga de Fuego, el de Escudo de Fuego y el de Pacto de sangre de tu diablillo." lvl="3"/>
      </talent>
      <talent column="2" icon="spell_shadow_metamorphosis" key="1223" name="Abrazo demoníaco" tier="0">
        <rank description="Aumenta tu aguante total un 4%." lvl="1"/>
        <rank description="Aumenta tu aguante total un 7%." lvl="2"/>
        <rank description="Aumenta tu aguante total un 10%." lvl="3"/>
      </talent>
      <talent column="3" icon="spell_shadow_felmending" key="1883" name="Sinergia vil" tier="0">
        <rank description="Tienes un 50% de probabilidad de sanar a tu mascota un 15% de la cantidad de daño con hechizos que infliges." lvl="1"/>
        <rank description="Tienes un 100% de probabilidad de sanar a tu mascota un 15% de la cantidad de daño con hechizos que infliges." lvl="2"/>
      </talent>
      <talent column="0" icon="spell_shadow_lifedrain" key="1224" name="Cauce de salud mejorado" tier="1">
        <rank description="Aumenta la cantidad de salud transferida por tu hechizo Cauce de salud un 10% y reduce el coste de salud un 10%. Además, tu demonio invocado recibe un 15% menos de daño mientras está bajo el efecto de tu Cauce de salud." lvl="1"/>
        <rank description="Aumenta la cantidad de salud transferida por tu hechizo Cauce de salud un 20% y reduce el coste de salud un 20%. Además, tu demonio invocado recibe un 30% menos de daño mientras está bajo el efecto de tu Cauce de salud." lvl="2"/>
      </talent>
      <talent column="1" icon="spell_shadow_summonvoidwalker" key="1225" name="Brutalidad demoníaca" tier="1">
        <rank description="Aumenta un 10% la efectividad de los hechizos Tormento, Consumir sombras, Sacrificio y Sufrimiento de tu abisario y aumenta el bonus de poder de ataque del efecto de Frenesí demoníaco de tu guardia vil un 1%." lvl="1"/>
        <rank description="Aumenta un 20% la efectividad de los hechizos Tormento, Consumir sombras, Sacrificio y Sufrimiento de tu abisario y aumenta el bonus de poder de ataque del efecto de Frenesí demoníaco de tu guardia vil un 2%." lvl="2"/>
        <rank description="Aumenta un 30% la efectividad de los hechizos Tormento, Consumir sombras, Sacrificio y Sufrimiento de tu abisario y aumenta el bonus de poder de ataque del efecto de Frenesí demoníaco de tu guardia vil un 3%." lvl="3"/>
      </talent>
      <talent column="2" icon="spell_holy_magicalsentry" key="1242" name="Vitalidad vil" tier="1">
        <rank description="Aumenta el aguante y el intelecto de tu diablillo, abisario, súcubo, manáfago y guardia vil un 5% y aumenta tu salud y maná máximos un 1%." lvl="1"/>
        <rank description="Aumenta el aguante y el intelecto de tu diablillo, abisario, súcubo, manáfago y guardia vil un 10% y aumenta tu salud y maná máximos un 2%." lvl="2"/>
        <rank description="Aumenta el aguante y el intelecto de tu diablillo, abisario, súcubo, manáfago y guardia vil un 15% y aumenta tu salud y maná máximos un 3%." lvl="3"/>
      </talent>
      <talent column="0" icon="spell_shadow_summonsuccubus" key="1243" name="Súcubo mejorado" tier="2">
        <rank description="Reduce el tiempo de lanzamiento de Seducción un 22% s y aumenta la duración de los hechizos Seducción e Invisibilidad inferior de tu súcubo un 10%." lvl="1"/>
        <rank description="Reduce el tiempo de lanzamiento de Seducción un 44% s y aumenta la duración de los hechizos Seducción e Invisibilidad inferior de tu súcubo un 20%." lvl="2"/>
        <rank description="Reduce el tiempo de lanzamiento de Seducción un 66% s y aumenta la duración de los hechizos Seducción e Invisibilidad inferior de tu súcubo un 30%." lvl="3"/>
      </talent>
      <talent column="1" icon="spell_shadow_gathershadows" key="1282" name="Enlace de alma" tier="2">
        <rank description="Cuando está activo, el 20% de todo el daño recibido por el taumaturgo pasa al diablillo, abisario, súcubo, manáfago, guardia vil o demonio esclavizado. Ese daño no se puede evitar. Dura mientras el demonio esté activo y controlado." lvl="1"/>
        <spell castTime="0" maxRange="100">
          <power cost="16" type="mana"/>
        </spell>
      </talent>
      <talent column="2" icon="spell_nature_removecurse" key="1226" name="Dominación vil" tier="2">
        <rank description="El tiempo de lanzamiento del siguiente hechizo para invocar a tu diablillo, abisario, súcubo, manáfago o guardia vil se reduce 5.5 s y su coste de maná un 50%." lvl="1"/>
        <spell castTime="0" cooldown="180000"/>
      </talent>
      <talent column="3" icon="spell_shadow_ragingscream" key="1671" name="Égida demoníaca" tier="2">
        <rank description="Aumenta la efectividad de tus hechizos Armadura demoníaca y Armadura vil un 10%." lvl="1"/>
        <rank description="Aumenta la efectividad de tus hechizos Armadura demoníaca y Armadura vil un 20%." lvl="2"/>
        <rank description="Aumenta la efectividad de tus hechizos Armadura demoníaca y Armadura vil un 30%." lvl="3"/>
      </talent>
      <talent column="1" icon="spell_shadow_shadowworddominate" key="1262" name="Poder profano" requires="1282" tier="3">
        <rank description="Aumenta el daño infligido por los ataques cuerpo a cuerpo de tu abisario, súcubo, manáfago y guardia vil y el causado por la Descarga de Fuego de tu diablillo un 4%." lvl="1"/>
        <rank description="Aumenta el daño infligido por los ataques cuerpo a cuerpo de tu abisario, súcubo, manáfago y guardia vil y el causado por la Descarga de Fuego de tu diablillo un 8%." lvl="2"/>
        <rank description="Aumenta el daño infligido por los ataques cuerpo a cuerpo de tu abisario, súcubo, manáfago y guardia vil y el causado por la Descarga de Fuego de tu diablillo un 12%." lvl="3"/>
        <rank description="Aumenta el daño infligido por los ataques cuerpo a cuerpo de tu abisario, súcubo, manáfago y guardia vil y el causado por la Descarga de Fuego de tu diablillo un 16%." lvl="4"/>
        <rank description="Aumenta el daño infligido por los ataques cuerpo a cuerpo de tu abisario, súcubo, manáfago y guardia vil y el causado por la Descarga de Fuego de tu diablillo un 20%." lvl="5"/>
      </talent>
      <talent column="2" icon="spell_shadow_impphaseshift" key="1227" name="Maestro invocador" requires="1226" tier="3">
        <rank description="Reduce el tiempo de lanzamiento de los hechizos de invocación de tu diablillo, abisario, súcubo, manáfago y guardia vil 2 s y el coste de maná un 20%." lvl="1"/>
        <rank description="Reduce el tiempo de lanzamiento de los hechizos de invocación de tu diablillo, abisario, súcubo, manáfago y guardia vil 4 s y el coste de maná un 40%." lvl="2"/>
      </talent>
      <talent column="0" icon="spell_shadow_manafeed" key="1281" name="Alimentar maná" requires="1262" tier="4">
        <rank description="Cuando obtienes maná con tus hechizos Drenar maná y Transfusión de vida, tu demonio invocado gana un 100% del maná que tú hayas obtenido." lvl="1"/>
      </talent>
      <talent column="2" icon="inv_ammo_firetar" key="1261" name="Maestro conjurador" tier="4">
        <rank description="Aumenta los índices de combate ganados mediante tu piedra de fuego y piedra de hechizo un 150%." lvl="1"/>
        <rank description="Aumenta los índices de combate ganados mediante tu piedra de fuego y piedra de hechizo un 300%." lvl="2"/>
      </talent>
      <talent column="1" icon="spell_shadow_shadowpact" key="1244" name="Maestro demonólogo" requires="1262" tier="5">
        <rank description="Les da al brujo y al demonio invocado un efecto mientras el demonio está activo.&lt;br/&gt;&lt;br/&gt;Diablillo: Aumenta tu daño de Fuego un 1%, y aumenta la probabilidad de efecto crítico de tus hechizos de Fuego un 1%.&lt;br/&gt;&lt;br/&gt;Abisario: Reduce el daño físico recibido un 2%.&lt;br/&gt;&lt;br/&gt;Súcubo: Aumenta tu daño de las Sombras un 1%, y aumenta la probabilidad de efecto crítico de tus hechizos de las Sombras un 1%.&lt;br/&gt;&lt;br/&gt;Manáfago: Reduce todo el daño con hechizos recibido un 2%.&lt;br/&gt;&lt;br/&gt;Guardia vil: Aumenta todo el daño infligido un 1%, y reduce todo el daño recibido un 1%." lvl="1"/>
        <rank description="Les da al brujo y al demonio invocado un efecto mientras el demonio está activo.&lt;br/&gt;&lt;br/&gt;Diablillo: Aumenta tu daño de Fuego un 2%, y aumenta la probabilidad de efecto crítico de tus hechizos de Fuego un 2%.&lt;br/&gt;&lt;br/&gt;Abisario: Reduce el daño físico recibido un 4%.&lt;br/&gt;&lt;br/&gt;Súcubo: Aumenta tu daño de las Sombras un 2%, y aumenta la probabilidad de efecto crítico de tus hechizos de las Sombras un 2%.&lt;br/&gt;&lt;br/&gt;Manáfago: Reduce todo el daño con hechizos recibido un 4%.&lt;br/&gt;&lt;br/&gt;Guardia vil: Aumenta todo el daño infligido un 2%, y reduce todo el daño recibido un 2%." lvl="2"/>
        <rank description="Les da al brujo y al demonio invocado un efecto mientras el demonio está activo.&lt;br/&gt;&lt;br/&gt;Diablillo: Aumenta tu daño de Fuego un 3%, y aumenta la probabilidad de efecto crítico de tus hechizos de Fuego un 3%.&lt;br/&gt;&lt;br/&gt;Abisario: Reduce el daño físico recibido un 6%.&lt;br/&gt;&lt;br/&gt;Súcubo: Aumenta tu daño de las Sombras un 3%, y aumenta la probabilidad de efecto crítico de tus hechizos de las Sombras un 3%.&lt;br/&gt;&lt;br/&gt;Manáfago: Reduce todo el daño con hechizos recibido un 6%.&lt;br/&gt;&lt;br/&gt;Guardia vil: Aumenta todo el daño infligido un 3%, y reduce todo el daño recibido un 3%." lvl="3"/>
        <rank description="Les da al brujo y al demonio invocado un efecto mientras el demonio está activo.&lt;br/&gt;&lt;br/&gt;Diablillo: Aumenta tu daño de Fuego un 4%, y aumenta la probabilidad de efecto crítico de tus hechizos de Fuego un 4%.&lt;br/&gt;&lt;br/&gt;Abisario: Reduce el daño físico recibido un 8%.&lt;br/&gt;&lt;br/&gt;Súcubo: Aumenta tu daño de las Sombras un 4%, y aumenta la probabilidad de efecto crítico de tus hechizos de las Sombras un 4%.&lt;br/&gt;&lt;br/&gt;Manáfago: Reduce todo el daño con hechizos recibido un 8%.&lt;br/&gt;&lt;br/&gt;Guardia vil: Aumenta todo el daño infligido un 4%, y reduce todo el daño recibido un 4%." lvl="4"/>
        <rank description="Les da al brujo y al demonio invocado un efecto mientras el demonio está activo.&lt;br/&gt;&lt;br/&gt;Diablillo: Aumenta tu daño de Fuego un 5%, y aumenta la probabilidad de efecto crítico de tus hechizos de Fuego un 5%.&lt;br/&gt;&lt;br/&gt;Abisario: Reduce el daño físico recibido un 10%.&lt;br/&gt;&lt;br/&gt;Súcubo: Aumenta tu daño de las Sombras un 5%, y aumenta la probabilidad de efecto crítico de tus hechizos de las Sombras un 5%.&lt;br/&gt;&lt;br/&gt;Manáfago: Reduce todo el daño con hechizos recibido un 10%.&lt;br/&gt;&lt;br/&gt;Guardia vil: Aumenta todo el daño infligido un 5%, y reduce todo el daño recibido un 5%." lvl="5"/>
      </talent>
      <talent column="2" icon="ability_warlock_moltencore" key="1283" name="Núcleo de magma" tier="5">
        <rank description="Aumenta 3 segundos la duración de tu Inmolar y tienes un 4% de probabilidad de ganar el efecto Núcleo de magma cuando tu Corrupción inflija daño. El efecto Núcleo de magma potencia los 3 siguientes hechizos Incinerar o Fuego de alma que lances en 15 s.&lt;br/&gt;&lt;br/&gt;Incinerar: Aumenta un 6% el daño infligido y reduce el tiempo de lanzamiento un 10%.&lt;br/&gt;&lt;br/&gt;Fuego de alma: Aumenta un 6% el daño infligido y aumenta la probabilidad de golpe crítico un 5%." lvl="1"/>
        <rank description="Aumenta 6 segundos la duración de tu Inmolar y tienes un 8% de probabilidad de ganar el efecto Núcleo de magma cuando tu Corrupción inflija daño. El efecto Núcleo de magma potencia los 3 siguientes hechizos Incinerar o Fuego de alma que lances en 15 s.&lt;br/&gt;&lt;br/&gt;Incinerar: Aumenta un 12% el daño infligido y reduce el tiempo de lanzamiento un 20%.&lt;br/&gt;&lt;br/&gt;Fuego de alma: Aumenta un 12% el daño infligido y aumenta la probabilidad de golpe crítico un 10%." lvl="2"/>
        <rank description="Aumenta 9 segundos la duración de tu Inmolar y tienes un 12% de probabilidad de ganar el efecto Núcleo de magma cuando tu Corrupción inflija daño. El efecto Núcleo de magma potencia los 3 siguientes hechizos Incinerar o Fuego de alma que lances en 15 s.&lt;br/&gt;&lt;br/&gt;Incinerar: Aumenta un 18% el daño infligido y reduce el tiempo de lanzamiento un 30%.&lt;br/&gt;&lt;br/&gt;Fuego de alma: Aumenta un 18% el daño infligido y aumenta la probabilidad de golpe crítico un 15%." lvl="3"/>
      </talent>
      <talent column="0" icon="spell_shadow_demonicfortitude" key="1680" name="Temple demoníaco" tier="6">
        <rank description="Reduce la probabilidad de recibir un golpe crítico en ataques cuerpo a cuerpo y con hechizos un 1% y reduce todo el daño que tu demonio invocado recibe un 5%." lvl="1"/>
        <rank description="Reduce la probabilidad de recibir un golpe crítico en ataques cuerpo a cuerpo y con hechizos un 2% y reduce todo el daño que tu demonio invocado recibe un 10%." lvl="2"/>
        <rank description="Reduce la probabilidad de recibir un golpe crítico en ataques cuerpo a cuerpo y con hechizos un 3% y reduce todo el daño que tu demonio invocado recibe un 15%." lvl="3"/>
      </talent>
      <talent column="1" icon="ability_warlock_demonicempowerment" key="1880" name="Potenciación demoníaca" requires="1244" tier="6">
        <rank description="Le da al demonio invocado del brujo Potenciación.&lt;br/&gt;&lt;br/&gt;Diablillo: Aumenta la probabilidad de golpe crítico con hechizos del diablillo un 20% durante 30 s.&lt;br/&gt;&lt;br/&gt;Abisario: Aumenta la salud del abisario un 20% y la amenaza que genera con los ataques y hechizos un 20% durante 20 s.&lt;br/&gt;&lt;br/&gt;Súcubo: Se desvanece instantáneamente, provocando que el súcubo entre en un estado de invisibilidad mejorado. El efecto de desvanecimiento elimina todos los aturdimientos, efectos de frenado y de reducción de movimiento del súcubo.&lt;br/&gt;&lt;br/&gt;Manáfago: Disipa todos los efectos mágicos del manáfago.&lt;br/&gt;&lt;br/&gt;Guardia vil: Aumenta la velocidad de ataque del guardia vil un 20% y rompe todos los efectos de reducción de movimiento, de frenado y aturdimientos y vuelve al guardia vil inmune a ellos durante 15 s." lvl="1"/>
        <spell castTime="0" cooldown="60000" maxRange="100">
          <power cost="6" type="mana"/>
        </spell>
      </talent>
      <talent column="2" icon="spell_shadow_improvedvampiricembrace" key="1263" name="Conocimiento demoníaco" tier="6">
        <rank description="Aumenta el daño con tus hechizos en una cantidad igual al 4% del total del aguante más intelecto de tu demonio activo." lvl="1"/>
        <rank description="Aumenta el daño con tus hechizos en una cantidad igual al 8% del total del aguante más intelecto de tu demonio activo." lvl="2"/>
        <rank description="Aumenta el daño con tus hechizos en una cantidad igual al 12% del total del aguante más intelecto de tu demonio activo." lvl="3"/>
      </talent>
      <talent column="1" icon="spell_shadow_demonictactics" key="1673" name="Tácticas demoníacas" tier="7">
        <rank description="Aumenta la posibilidad de que asestéis un golpe crítico cuerpo a cuerpo y con hechizos tú y tu demonio invocado un 2%." lvl="1"/>
        <rank description="Aumenta la posibilidad de que asestéis un golpe crítico cuerpo a cuerpo y con hechizos tú y tu demonio invocado un 4%." lvl="2"/>
        <rank description="Aumenta la posibilidad de que asestéis un golpe crítico cuerpo a cuerpo y con hechizos tú y tu demonio invocado un 6%." lvl="3"/>
        <rank description="Aumenta la posibilidad de que asestéis un golpe crítico cuerpo a cuerpo y con hechizos tú y tu demonio invocado un 8%." lvl="4"/>
        <rank description="Aumenta la posibilidad de que asestéis un golpe crítico cuerpo a cuerpo y con hechizos tú y tu demonio invocado un 10%." lvl="5"/>
      </talent>
      <talent column="2" icon="spell_fire_fireball02" key="2261" name="Exterminación" tier="7">
        <rank description="Cuando lanzas tu Descarga de las Sombras, Incinerar o Fuego de alma sobre un objetivo que está al o por debajo del 35% de salud, el tiempo de lanzamiento de tu Fuego de alma se reduce un 20% durante 10 s. Los Fuegos de alma lanzados bajo el efecto de Exterminación no cuestan fragmentos." lvl="1"/>
        <rank description="Cuando lanzas tu Descarga de las Sombras, Incinerar o Fuego de alma sobre un objetivo que está al o por debajo del 35% de salud, el tiempo de lanzamiento de tu Fuego de alma se reduce un 40% durante 10 s. Los Fuegos de alma lanzados bajo el efecto de Exterminación no cuestan fragmentos." lvl="2"/>
      </talent>
      <talent column="0" icon="ability_warlock_improveddemonictactics" key="1882" name="Tácticas demoníacas mejoradas" requires="1673" tier="8">
        <rank description="Aumenta la probabilidad de que tus demonios invocados den un golpe crítico igual al 10% de tus probabilidades de golpe crítico." lvl="1"/>
        <rank description="Aumenta la probabilidad de que tus demonios invocados den un golpe crítico igual al 20% de tus probabilidades de golpe crítico." lvl="2"/>
        <rank description="Aumenta la probabilidad de que tus demonios invocados den un golpe crítico igual al 30% de tus probabilidades de golpe crítico." lvl="3"/>
      </talent>
      <talent column="1" icon="spell_shadow_summonfelguard" key="1672" name="Invocar guardia vil" tier="8">
        <rank description="Invoca a un guardia vil a las órdenes del brujo." lvl="1"/>
        <spell castTime="10000">
          <power cost="80" type="mana"/>
        </spell>
      </talent>
      <talent column="2" icon="spell_shadow_demonicempathy" key="1884" name="Némesis" tier="8">
        <rank description="Reduce el tiempo de reutilización de los hechizos Potenciación demoníaca, Metamorfosis y Dominación vil un 10%." lvl="1"/>
        <rank description="Reduce el tiempo de reutilización de los hechizos Potenciación demoníaca, Metamorfosis y Dominación vil un 20%." lvl="2"/>
        <rank description="Reduce el tiempo de reutilización de los hechizos Potenciación demoníaca, Metamorfosis y Dominación vil un 30%." lvl="3"/>
      </talent>
      <talent column="1" icon="spell_shadow_demonicpact" key="1885" name="Pacto demoníaco" tier="9">
        <rank description="Aumenta tu daño con hechizos un 2% y los golpes críticos de tu mascota aplican el efecto de Pacto demoníaco a los miembros de tu banda o grupo. Pacto demoníaco aumenta el poder con hechizos un 2% de tu daño con hechizos durante 45 s. Este efecto tiene un tiempo de reutilización de 20 s. No funciona sobre demonios esclavizados." lvl="1"/>
        <rank description="Aumenta tu daño con hechizos un 4% y los golpes críticos de tu mascota aplican el efecto de Pacto demoníaco a los miembros de tu banda o grupo. Pacto demoníaco aumenta el poder con hechizos un 4% de tu daño con hechizos durante 45 s. Este efecto tiene un tiempo de reutilización de 20 s. No funciona sobre demonios esclavizados." lvl="2"/>
        <rank description="Aumenta tu daño con hechizos un 6% y los golpes críticos de tu mascota aplican el efecto de Pacto demoníaco a los miembros de tu banda o grupo. Pacto demoníaco aumenta el poder con hechizos un 6% de tu daño con hechizos durante 45 s. Este efecto tiene un tiempo de reutilización de 20 s. No funciona sobre demonios esclavizados." lvl="3"/>
        <rank description="Aumenta tu daño con hechizos un 8% y los golpes críticos de tu mascota aplican el efecto de Pacto demoníaco a los miembros de tu banda o grupo. Pacto demoníaco aumenta el poder con hechizos un 8% de tu daño con hechizos durante 45 s. Este efecto tiene un tiempo de reutilización de 20 s. No funciona sobre demonios esclavizados." lvl="4"/>
        <rank description="Aumenta tu daño con hechizos un 10% y los golpes críticos de tu mascota aplican el efecto de Pacto demoníaco a los miembros de tu banda o grupo. Pacto demoníaco aumenta el poder con hechizos un 10% de tu daño con hechizos durante 45 s. Este efecto tiene un tiempo de reutilización de 20 s. No funciona sobre demonios esclavizados." lvl="5"/>
      </talent>
      <talent column="1" icon="spell_shadow_demonform" key="1886" name="Metamorfosis" tier="10">
        <rank description="Te transformas en un demonio durante 30 s. Esta forma aumenta tu armadura un 600%, el daño un 20%, reduce la probabilidad de que los ataques cuerpo a cuerpo te impacten un 6% y reduce la duración de los efectos de aturdimiento y de frenado un 50%. Ganas facultades de demonio únicas además de tus facultades normales. Tiempo de reutilización: 3 min." lvl="1"/>
      </talent>
    </tree>
    <tree bgImage="WarlockCurses" icon="spell_shadow_deathcoil" key="Affliction" name="Aflicción" order="0">
      <talent column="0" icon="spell_shadow_curseofsargeras" key="1284" name="Maldición de agonía mejorada" tier="0">
        <rank description="Aumenta el daño infligido con tu Maldición de agonía un 5%." lvl="1"/>
        <rank description="Aumenta el daño infligido con tu Maldición de agonía un 10%." lvl="2"/>
      </talent>
      <talent column="1" icon="spell_shadow_unsummonbuilding" key="1005" name="Supresión" tier="0">
        <rank description="Aumenta tu probabilidad de golpear con hechizos un 1% y reduce el coste de maná de tus hechizos de aflicción un 2%." lvl="1"/>
        <rank description="Aumenta tu probabilidad de golpear con hechizos un 2% y reduce el coste de maná de tus hechizos de aflicción un 4%." lvl="2"/>
        <rank description="Aumenta tu probabilidad de golpear con hechizos un 3% y reduce el coste de maná de tus hechizos de aflicción un 6%." lvl="3"/>
      </talent>
      <talent column="2" icon="spell_shadow_abominationexplosion" key="1003" name="Corrupción mejorada" tier="0">
        <rank description="Aumenta el daño infligido por tu hechizo Corrupción un 2% y aumenta la probabilidad de golpe crítico con tu Semilla de corrupción un 1%." lvl="1"/>
        <rank description="Aumenta el daño infligido por tu hechizo Corrupción un 4% y aumenta la probabilidad de golpe crítico con tu Semilla de corrupción un 2%." lvl="2"/>
        <rank description="Aumenta el daño infligido por tu hechizo Corrupción un 6% y aumenta la probabilidad de golpe crítico con tu Semilla de corrupción un 3%." lvl="3"/>
        <rank description="Aumenta el daño infligido por tu hechizo Corrupción un 8% y aumenta la probabilidad de golpe crítico con tu Semilla de corrupción un 4%." lvl="4"/>
        <rank description="Aumenta el daño infligido por tu hechizo Corrupción un 10% y aumenta la probabilidad de golpe crítico con tu Semilla de corrupción un 5%." lvl="5"/>
      </talent>
      <talent column="0" icon="spell_shadow_curseofmannoroth" key="1006" name="Maldición de debilidad mejorada" tier="1">
        <rank description="Aumenta la cantidad de poder de ataque que reduce tu Maldición de debilidad un 10%." lvl="1"/>
        <rank description="Aumenta la cantidad de poder de ataque que reduce tu Maldición de debilidad un 20%." lvl="2"/>
      </talent>
      <talent column="1" icon="spell_shadow_haunting" key="1101" name="Drenar alma mejorado" tier="1">
        <rank description="Devuelve el 7% de tu nivel de maná máximo si matas al objetivo mientras drenas su alma. Además, tus hechizos de aflicción generan un 10% menos de amenaza." lvl="1"/>
        <rank description="Devuelve el 15% de tu nivel de maná máximo si matas al objetivo mientras drenas su alma. Además, tus hechizos de aflicción generan un 20% menos de amenaza." lvl="2"/>
      </talent>
      <talent column="2" icon="spell_shadow_burningspirit" key="1007" name="Transfusión de vida mejorada" tier="1">
        <rank description="Aumenta el maná generado por tu hechizo Transfusión de vida un 10%." lvl="1"/>
        <rank description="Aumenta el maná generado por tu hechizo Transfusión de vida un 20%." lvl="2"/>
      </talent>
      <talent column="3" icon="spell_shadow_lifedrain02" key="1004" name="Succión de alma" tier="1">
        <rank description="Aumenta la cantidad drenada por tus hechizos Drenar vida y Drenar alma un 3% extra por cada efecto de aflicción aplicado sobre el objetivo, hasta un máximo del 9% de efecto extra." lvl="1"/>
        <rank description="Aumenta la cantidad drenada por tus hechizos Drenar vida y Drenar alma un 6% extra por cada efecto de aflicción aplicado sobre el objetivo, hasta un máximo del 18% de efecto extra." lvl="2"/>
      </talent>
      <talent column="0" icon="spell_shadow_possession" key="2205" name="Miedo mejorado" tier="2">
        <rank description="Provoca que tu hechizo Miedo inflija una Pesadilla sobre el objetivo cuando el efecto de miedo acaba. El efecto de Pesadilla reduce la velocidad de movimiento del objetivo un 15% durante 5 s." lvl="1"/>
        <rank description="Provoca que tu hechizo Miedo inflija una Pesadilla sobre el objetivo cuando el efecto de miedo acaba. El efecto de Pesadilla reduce la velocidad de movimiento del objetivo un 30% durante 5 s." lvl="2"/>
      </talent>
      <talent column="1" icon="spell_shadow_fingerofdeath" key="1001" name="Concentración vil" tier="2">
        <rank description="Reduce el retroceso sufrido por los ataques dañinos mientras lanzas Drenar vida, Drenar maná, Drenar alma, Aflicción inestable y Poseer un 23%." lvl="1"/>
        <rank description="Reduce el retroceso sufrido por los ataques dañinos mientras lanzas Drenar vida, Drenar maná, Drenar alma, Aflicción inestable y Poseer un 46%." lvl="2"/>
        <rank description="Reduce el retroceso sufrido por los ataques dañinos mientras lanzas Drenar vida, Drenar maná, Drenar alma, Aflicción inestable y Poseer un 70%." lvl="3"/>
      </talent>
      <talent column="2" icon="spell_shadow_contagion" key="1061" name="Amplificar maldición" tier="2">
        <rank description="Reduce el tiempo de reutilización global de tus maldiciones 0.5 s." lvl="1"/>
      </talent>
      <talent column="0" icon="spell_shadow_callofbone" key="1021" name="Alcance macabro" tier="3">
        <rank description="Aumenta un 10% el alcance de tus hechizos de aflicción." lvl="1"/>
        <rank description="Aumenta un 20% el alcance de tus hechizos de aflicción." lvl="2"/>
      </talent>
      <talent column="1" icon="spell_shadow_twilight" key="1002" name="Ocaso" tier="3">
        <rank description="Da al hechizo de Corrupción y al de Drenar vida un 2% de probabilidad de hacerte entrar en estado de trance de las Sombras después de causarle daño a un oponente. El estado de trance de las Sombras reduce el tiempo de lanzamiento de tu próximo hechizo de Descarga de las Sombras un 100%." lvl="1"/>
        <rank description="Da al hechizo de Corrupción y al de Drenar vida un 4% de probabilidad de hacerte entrar en estado de trance de las Sombras después de causarle daño a un oponente. El estado de trance de las Sombras reduce el tiempo de lanzamiento de tu próximo hechizo de Descarga de las Sombras un 100%." lvl="2"/>
      </talent>
      <talent column="3" icon="spell_shadow_abominationexplosion" key="1764" name="Corrupción potenciada" tier="3">
        <rank description="Aumenta el daño de tu hechizo Corrupción una cantidad igual al 12% de tu poder con hechizos." lvl="1"/>
        <rank description="Aumenta el daño de tu hechizo Corrupción una cantidad igual al 24% de tu poder con hechizos." lvl="2"/>
        <rank description="Aumenta el daño de tu hechizo Corrupción una cantidad igual al 36% de tu poder con hechizos." lvl="3"/>
      </talent>
      <talent column="0" icon="spell_shadow_shadowembrace" key="1763" name="Abrazo de las Sombras" tier="4">
        <rank description="Tus hechizos Descarga de las Sombras y Poseer aplican el efecto Abrazo de las Sombras, que aumenta todo el daño periódico de las Sombras que infliges al objetivo un 1% y reduce toda la sanación periódica que le hacen al objetivo un 2%. Dura 12 s. Se acumula hasta 3 veces." lvl="1"/>
        <rank description="Tus hechizos Descarga de las Sombras y Poseer aplican el efecto Abrazo de las Sombras, que aumenta todo el daño periódico de las Sombras que infliges al objetivo un 2% y reduce toda la sanación periódica hecha al objetivo un 4%. Dura 12 s. Se acumula hasta 3 veces." lvl="2"/>
        <rank description="Tus hechizos Descarga de las Sombras y Poseer aplican el efecto Abrazo de las Sombras, que aumenta todo el daño periódico de las Sombras que infliges al objetivo un 3% y reduce toda la sanación periódica hecha al objetivo un 6%. Dura 12 s. Se acumula hasta 3 veces." lvl="3"/>
        <rank description="Tus hechizos Descarga de las Sombras y Poseer aplican el efecto Abrazo de las Sombras, que aumenta todo el daño periódico de las Sombras que infliges al objetivo un 4% y reduce toda la sanación periódica hecha al objetivo un 8%. Dura 12 s. Se acumula hasta 3 veces." lvl="4"/>
        <rank description="Tus hechizos Descarga de las Sombras y Poseer aplican el efecto Abrazo de las Sombras, que aumenta todo el daño periódico de las Sombras que infliges al objetivo un 5% y reduce toda la sanación periódica que le hacen al objetivo un 10%. Dura 12 s. Se acumula hasta 3 veces." lvl="5"/>
      </talent>
      <talent column="1" icon="spell_shadow_requiem" key="1041" name="Succionar vida" tier="4">
        <rank description="Cuando infliges daño con Corrupción, te sanas instantáneamente un 40% del daño infligido. Además, los efectos de daño en el tiempo infligidos con tu Corrupción, Semilla de corrupción y Aflicción inestable aumentan un 5%." lvl="1"/>
      </talent>
      <talent column="2" icon="spell_shadow_grimward" key="1081" name="Maldición de agotamiento" requires="1061" tier="4">
        <rank description="Reduce la velocidad de movimiento del objetivo un 30% durante 12 s. Cada brujo solo puede tener una maldición activa sobre cada objetivo." lvl="1"/>
        <spell castTime="0" maxRange="30">
          <power cost="6" type="mana"/>
        </spell>
      </talent>
      <talent column="0" icon="spell_shadow_summonfelhunter" key="1873" name="Manáfago mejorado" tier="5">
        <rank description="Tu manáfago recupera un 4% de su maná máximo cada vez que golpea con su facultad Mordedura de las Sombras y el tiempo de reutilización de dicha facultad se reduce 2 s. Además, aumenta el efecto de Inteligencia vil de tu manáfago un 5%." lvl="1"/>
        <rank description="Tu manáfago recupera un 8% de su maná máximo cada vez que golpea con su facultad Mordedura de las Sombras y el tiempo de reutilización de dicha facultad se reduce 4 s. Además, aumenta el efecto de Inteligencia vil de tu manáfago un 10%." lvl="2"/>
      </talent>
      <talent column="1" icon="spell_shadow_shadetruesight" key="1042" name="Maestría de las Sombras" requires="1041" tier="5">
        <rank description="Aumenta un 3% el daño infligido o el drenaje de vida de tus hechizos de las Sombras y de la facultad Mordedura de las Sombras de tu manáfago." lvl="1"/>
        <rank description="Aumenta un 6% el daño infligido o el drenaje de vida de tus hechizos de las Sombras y de la facultad Mordedura de las Sombras de tu manáfago." lvl="2"/>
        <rank description="Aumenta un 9% el daño infligido o el drenaje de vida de tus hechizos de las Sombras y de la facultad Mordedura de las Sombras de tu manáfago." lvl="3"/>
        <rank description="Aumenta un 12% el daño infligido o el drenaje de vida de tus hechizos de las Sombras y de la facultad Mordedura de las Sombras de tu manáfago." lvl="4"/>
        <rank description="Aumenta un 15% el daño infligido o el drenaje de vida de tus hechizos de las Sombras y de la facultad Mordedura de las Sombras de tu manáfago." lvl="5"/>
      </talent>
      <talent column="0" icon="ability_warlock_eradication" key="1878" name="Erradicación" tier="6">
        <rank description="Cuando infliges daño con Corrupción, tienes un 6% de probabilidad de aumentar la velocidad de lanzamientos de hechizos un 6% durante 10 s." lvl="1"/>
        <rank description="Cuando infliges daño con Corrupción, tienes un 6% de probabilidad de aumentar la velocidad de lanzamientos de hechizos un 12% durante 10 s." lvl="2"/>
        <rank description="Cuando infliges daño con Corrupción, tienes un 6% de probabilidad de aumentar la velocidad de lanzamientos de hechizos un 20% durante 10 s." lvl="3"/>
      </talent>
      <talent column="1" icon="spell_shadow_painfulafflictions" key="1669" name="Contagio" tier="6">
        <rank description="Aumenta el daño de tus hechizos Maldición de agonía, Corrupción y Semilla de corrupción un 1% y reduce la probabilidad de que disipen tus hechizos de ayuda de aflicción y tus efectos de daño en el tiempo un 6% extra." lvl="1"/>
        <rank description="Aumenta el daño de tus hechizos Maldición de agonía, Corrupción y Semilla de corrupción un 2% y reduce la probabilidad de que disipen tus hechizos de ayuda de aflicción y tus efectos de daño en el tiempo un 12% extra." lvl="2"/>
        <rank description="Aumenta el daño de tus hechizos Maldición de agonía, Corrupción y Semilla de corrupción un 3% y reduce la probabilidad de que disipen tus hechizos de ayuda de aflicción y tus efectos de daño en el tiempo un 18% extra." lvl="3"/>
        <rank description="Aumenta el daño de tus hechizos Maldición de agonía, Corrupción y Semilla de corrupción un 4% y reduce la probabilidad de que disipen tus hechizos de ayuda de aflicción y tus efectos de daño en el tiempo un 24% extra." lvl="4"/>
        <rank description="Aumenta el daño de tus hechizos Maldición de agonía, Corrupción y Semilla de corrupción un 5% y reduce la probabilidad de que disipen tus hechizos de ayuda de aflicción y tus efectos de daño en el tiempo un 30% extra." lvl="5"/>
      </talent>
      <talent column="2" icon="spell_shadow_darkritual" key="1022" name="Pacto oscuro" tier="6">
        <rank description="Drena 305 p. de maná de tu demonio invocado y tú recibes el 100% del maná drenado." lvl="1"/>
      </talent>
      <talent column="0" icon="spell_shadow_deathscream" key="1668" name="Aullido de terror mejorado" tier="7">
        <rank description="Reduce el tiempo de lanzamiento de tu hechizo Aullido de terror 0.8 s." lvl="1"/>
        <rank description="Reduce el tiempo de lanzamiento de tu hechizo Aullido de terror 1.5 s." lvl="2"/>
      </talent>
      <talent column="2" icon="spell_shadow_curseofachimonde" key="1667" name="Imprecación" tier="7">
        <rank description="Aumenta el daño con hechizos un 1% y aumenta la probabilidad de golpe crítico periódico de tus hechizos Corrupción y Aflicción inestable un 3%." lvl="1"/>
        <rank description="Aumenta el daño con hechizos un 2% y aumenta la probabilidad de golpe crítico periódico de tus hechizos Corrupción y Aflicción inestable un 6%." lvl="2"/>
        <rank description="Aumenta el daño con hechizos un 3% y aumenta la probabilidad de golpe crítico periódico de tus hechizos Corrupción y Aflicción inestable un 9%." lvl="3"/>
      </talent>
      <talent column="0" icon="spell_shadow_deathsembrace" key="1875" name="Abrazo de la Muerte" tier="8">
        <rank description="Aumenta la cantidad drenada por tu Drenar vida un 10% mientras tu salud está al 20% o menos y aumenta el daño infligido por tus hechizos de las Sombras un 4% cuando tu objetivo está al 35% o menos de salud." lvl="1"/>
        <rank description="Aumenta la cantidad drenada por tu Drenar vida un 20% mientras tu salud está al 20% o menos y aumenta el daño infligido por tus hechizos de las Sombras un 8% cuando tu objetivo está al 35% o menos de salud." lvl="2"/>
        <rank description="Aumenta la cantidad drenada por tu Drenar vida un 30% mientras tu salud está al 20% o menos y aumenta el daño infligido por tus hechizos de las Sombras un 12% cuando tu objetivo está al 35% o menos de salud." lvl="3"/>
      </talent>
      <talent column="1" icon="spell_shadow_unstableaffliction_3" key="1670" name="Aflicción inestable" requires="1669" tier="8">
        <rank description="La energía de las Sombras destruye poco a poco al objetivo, inflige 550 p. de daño durante 15 s. Además, si se disipa tu hechizo Aflicción inestable, el que lo haya disipado recibe 990 p. de daño y queda silenciado durante 5 s. Un brujo solo puede un hechizo Aflicción inestable o Inmolar activo sobre un objetivo." lvl="1"/>
        <spell castTime="1500" maxRange="30">
          <power cost="15" type="mana"/>
        </spell>
      </talent>
      <talent column="2" icon="spell_shadow_unstableaffliction_2" key="2245" name="Pandemia" requires="1670" tier="8">
        <rank description="Otorga al daño periódico de tus hechizos Corrupción y Aflicción inestable la facultad de asestar un golpe crítico que inflija un 100% de daño aumentado y aumenta el bonus de daño de golpe crítico de tu hechizo Poseer un 100%." lvl="1"/>
      </talent>
      <talent column="1" icon="ability_warlock_everlastingaffliction" key="1876" name="Aflicción eterna" tier="9">
        <rank description="Los hechizos Corrupción y Aflicción inestable ganan un 1% extra de tu bonus de daño con hechizos y tus hechizos Drenar vida, Drenar alma, Descarga de las Sombras y Poseer tienen un 20% de probabilidad de reiniciar la duración del hechizo Corrupción en el objetivo." lvl="1"/>
        <rank description="Los hechizos Corrupción y Aflicción inestable ganan un 2% extra de tu bonus de daño con hechizos y tus hechizos Drenar vida, Drenar alma, Descarga de las Sombras y Poseer tienen un 40% de probabilidad de reiniciar la duración del hechizo Corrupción en el objetivo." lvl="2"/>
        <rank description="Los hechizos Corrupción y Aflicción inestable ganan un 3% extra de tu bonus de daño con hechizos y tus hechizos Drenar vida, Drenar alma, Descarga de las Sombras y Poseer tienen un 60% de probabilidad de reiniciar la duración del hechizo Corrupción en el objetivo." lvl="3"/>
        <rank description="Los hechizos Corrupción y Aflicción inestable ganan un 4% extra de tu bonus de daño con hechizos y tus hechizos Drenar vida, Drenar alma, Descarga de las Sombras y Poseer tienen un 80% de probabilidad de reiniciar la duración del hechizo Corrupción en el objetivo." lvl="4"/>
        <rank description="Los hechizos Corrupción y Aflicción inestable ganan un 5% extra de tu bonus de daño con hechizos y tus hechizos Drenar vida, Drenar alma, Descarga de las Sombras y Poseer tienen un 100% de probabilidad de reiniciar la duración del hechizo Corrupción en el objetivo." lvl="5"/>
      </talent>
      <talent column="1" icon="ability_warlock_haunt" key="2041" name="Poseer" tier="10">
        <rank description="Envías un alma fantasmagórica al objetivo, infligiendo 405-473 p. de daño de las Sombras y aumentando un 20% todo el daño infligido por tus efectos de daño de las Sombras en el tiempo sobre el objetivo durante 12 s. Cuando el hechizo Poseer se acaba o se disipa, el alma vuelve a ti y te sana un 100% de todo el daño infligido al objetivo." lvl="1"/>
        <spell castTime="1500" cooldown="8000" maxRange="30">
          <power cost="12" type="mana"/>
        </spell>
      </talent>
    </tree>
  </talentTrees>
</page>
