<?xml version="1.0" encoding="UTF-8"?><page globalSearch="1" lang="es_mx" requestUrl="/talent-tree.xml">
  <talentTrees>
    <tree bgImage="DeathKnightFrost" icon="spell_deathknight_frostpresence" key="Frost" name="Escarcha" order="1">
      <talent column="0" icon="spell_deathknight_icetouch" key="2031" name="Toque helado mejorado" tier="0">
        <rank description="Tu hechizo Toque helado inflige un 5% de daño extra y tu Fiebre de Escarcha reduce la velocidad de ataque cuerpo a cuerpo y a distancia un 2% extra." lvl="1"/>
        <rank description="Tu hechizo Toque helado inflige un 10% de daño extra y tu Fiebre de Escarcha reduce la velocidad de ataque cuerpo a cuerpo y a distancia un 4% extra." lvl="2"/>
        <rank description="Tu hechizo Toque helado inflige un 15% de daño extra y tu Fiebre de Escarcha reduce la velocidad de ataque cuerpo a cuerpo y a distancia un 6% extra." lvl="3"/>
      </talent>
      <talent column="1" icon="spell_arcane_arcane01" key="2020" name="Maestría en poder rúnico" tier="0">
        <rank description="Aumenta tu poder rúnico máximo 15 p." lvl="1"/>
        <rank description="Aumenta tu poder rúnico máximo 30 p." lvl="2"/>
      </talent>
      <talent column="2" icon="spell_holy_devotion" key="1968" name="Consistencia" tier="0">
        <rank description="Aumenta tu valor de armadura de objetos un 2% y reduce la duración de todos los efectos de ralentización de movimiento un 6%." lvl="1"/>
        <rank description="Aumenta tu valor de armadura de objetos un 4% y reduce la duración de todos los efectos de ralentización de movimiento un 12%." lvl="2"/>
        <rank description="Aumenta tu valor de armadura de objetos un 6% y reduce la duración de todos los efectos de ralentización de movimiento un 18%." lvl="3"/>
        <rank description="Aumenta tu valor de armadura de objetos un 8% y reduce la duración de todos los efectos de ralentización de movimiento un 24%." lvl="4"/>
        <rank description="Aumenta tu valor de armadura de objetos un 10% y reduce la duración de todos los efectos de ralentización de movimiento un 30%." lvl="5"/>
      </talent>
      <talent column="1" icon="spell_frost_manarecharge" key="2035" name="Alcance helado" tier="1">
        <rank description="Aumenta 5 m el alcance de tu Toque helado, Cadenas de hielo y Explosión aullante." lvl="1"/>
        <rank description="Aumenta 10 m el alcance de tu Toque helado, Cadenas de hielo y Explosión aullante." lvl="2"/>
      </talent>
      <talent column="2" icon="spell_shadow_darkritual" key="1973" name="Hielo negro" tier="1">
        <rank description="Aumenta tu daño de Escarcha y de las Sombras un 2%." lvl="1"/>
        <rank description="Aumenta tu daño de Escarcha y de las Sombras un 4%." lvl="2"/>
        <rank description="Aumenta tu daño de Escarcha y de las Sombras un 6%." lvl="3"/>
        <rank description="Aumenta tu daño de Escarcha y de las Sombras un 8%." lvl="4"/>
        <rank description="Aumenta tu daño de Escarcha y de las Sombras un 10%." lvl="5"/>
      </talent>
      <talent column="3" icon="ability_dualwield" key="2022" name="Nervios de acero helado" tier="1">
        <rank description="Aumenta tu probabilidad de golpear con armas cuerpo a cuerpo de una mano un 1% y aumenta el daño infligido por tus armas de mano izquierda un 8%." lvl="1"/>
        <rank description="Aumenta tu probabilidad de golpear con armas cuerpo a cuerpo de una mano un 2% y aumenta el daño infligido por tus armas de mano izquierda un 16%." lvl="2"/>
        <rank description="Aumenta tu probabilidad de golpear con armas cuerpo a cuerpo de una mano un 3% y aumenta el daño infligido por tus armas de mano izquierda un 25%." lvl="3"/>
      </talent>
      <talent column="0" icon="spell_deathknight_icytalons" key="2042" name="Garras heladas" requires="2031" tier="2">
        <rank description="Parasitas calor de las víctimas de tu Fiebre de Escarcha, de modo que cuando su velocidad de ataque cuerpo a cuerpo se reduce, la tuya aumenta un 4% durante los próximos 20 s." lvl="1"/>
        <rank description="Parasitas calor de las víctimas de tu Fiebre de Escarcha, de modo que cuando su velocidad de ataque cuerpo a cuerpo se reduce, la tuya aumenta un 8% durante los próximos 20 s." lvl="2"/>
        <rank description="Parasitas calor de las víctimas de tu Fiebre de Escarcha, de modo que cuando su velocidad de ataque cuerpo a cuerpo se reduce, la tuya aumenta un 12% durante los próximos 20 s." lvl="3"/>
        <rank description="Parasitas calor de las víctimas de tu Fiebre de Escarcha, de modo que cuando su velocidad de ataque cuerpo a cuerpo se reduce, la tuya aumenta un 16% durante los próximos 20 s." lvl="4"/>
        <rank description="Parasitas calor de las víctimas de tu Fiebre de Escarcha, de modo que cuando su velocidad de ataque cuerpo a cuerpo se reduce, la tuya aumenta un 20% durante los próximos 20 s." lvl="5"/>
      </talent>
      <talent column="1" icon="spell_shadow_raisedead" key="2215" name="Exánime nato" tier="2">
        <rank description="Extrae energía profana para convertirte en un no-muerto durante 10 s. Mientras eres un no-muerto, eres inmune a los efectos de embelesar, miedo y sueño." lvl="1"/>
        <spell castTime="0" cooldown="120000"/>
      </talent>
      <talent column="2" icon="inv_weapon_hand_18" key="2048" name="Aniquilación" tier="2">
        <rank description="Aumenta un 1% la probabilidad de conseguir un golpe crítico con tus facultades especiales cuerpo a cuerpo. Además, hay un 33% de probabilidad de que tu hechizo Asolar inflija daño sin consumir ninguna enfermedad." lvl="1"/>
        <rank description="Aumenta un 2% la probabilidad de conseguir un golpe crítico con tus facultades especiales cuerpo a cuerpo. Además, hay un 66% de probabilidad de que tu hechizo Asolar inflija daño sin consumir ninguna enfermedad." lvl="2"/>
        <rank description="Aumenta un 3% la probabilidad de conseguir un golpe crítico con tus facultades especiales cuerpo a cuerpo. Además, hay un 100% de probabilidad de que tu hechizo Asolar inflija daño sin consumir ninguna enfermedad." lvl="3"/>
      </talent>
      <talent column="1" icon="inv_sword_122" key="2044" name="Máquina de matar" tier="3">
        <rank description="Tus ataques cuerpo a cuerpo tienen una probabilidad de hacer que tu siguiente Toque helado, Explosión aullante o Golpe de Escarcha aseste un golpe crítico." lvl="1"/>
        <rank description="Tus ataques cuerpo a cuerpo tienen una probabilidad de hacer que tu siguiente Toque helado, Explosión aullante o Golpe de Escarcha aseste un golpe crítico. Este efecto ocurre con más frecuencia que con Máquina de matar (Rango 1)." lvl="2"/>
        <rank description="Tus ataques cuerpo a cuerpo tienen una probabilidad de hacer que tu siguiente Toque helado, Explosión aullante o Golpe de Escarcha aseste un golpe crítico. Este efecto ocurre con más frecuencia que con Máquina de matar (Rango 2)." lvl="3"/>
        <rank description="Tus ataques cuerpo a cuerpo tienen una probabilidad de hacer que tu siguiente Toque helado, Explosión aullante o Golpe de Escarcha aseste un golpe crítico. Este efecto ocurre con más frecuencia que con Máquina de matar (Rango 3)." lvl="4"/>
        <rank description="Tus ataques cuerpo a cuerpo tienen una probabilidad de hacer que tu siguiente Toque helado, Explosión aullante o Golpe de Escarcha aseste un golpe crítico. Este efecto ocurre con más frecuencia que con Máquina de matar (Rango 4)." lvl="5"/>
      </talent>
      <talent column="2" icon="spell_frost_frostshock" key="1981" name="Escalofrío de la tumba" tier="3">
        <rank description="Tu Toque helado, Cadenas de hielo, Explosión aullante y Asolar generan 2,5 p. de poder rúnico extra." lvl="1"/>
        <rank description="Tu Toque helado, Cadenas de hielo, Explosión aullante y Asolar generan 5 p. de poder rúnico extra." lvl="2"/>
      </talent>
      <talent column="3" icon="spell_shadow_twilight" key="1971" name="Invierno interminable" tier="3">
        <rank description="Tu fuerza aumenta un 2% y el coste de tu Helada mental se reduce a 10 p. de poder rúnico." lvl="1"/>
        <rank description="Tu fuerza aumenta un 4% y tu Helada mental ya no cuesta poder rúnico." lvl="2"/>
      </talent>
      <talent column="1" icon="inv_chest_mail_04" key="1990" name="Placas de tinieblas gélidas" tier="4">
        <rank description="Reduce la probabilidad de que los ataques cuerpo a cuerpo te golpeen un 1%." lvl="1"/>
        <rank description="Reduce la probabilidad de que los ataques cuerpo a cuerpo te golpeen un 2%." lvl="2"/>
        <rank description="Reduce la probabilidad de que los ataques cuerpo a cuerpo te golpeen un 3%." lvl="3"/>
      </talent>
      <talent column="2" icon="spell_nature_removedisease" key="2030" name="Putrefacción glacial" tier="4">
        <rank description="Los enemigos enfermos reciben un 7% más de daño de tus hechizos Toque helado, Explosión aullante y Golpe de Escarcha." lvl="1"/>
        <rank description="Los enemigos enfermos reciben un 13% más de daño de tus hechizos Toque helado, Explosión aullante y Golpe de Escarcha." lvl="2"/>
        <rank description="Los enemigos enfermos reciben un 20% más de daño de tus hechizos Toque helado, Explosión aullante y Golpe de Escarcha." lvl="3"/>
      </talent>
      <talent column="3" icon="spell_shadow_soulleech_2" key="1980" name="Escalofrío de muerte" tier="4">
        <rank description="Cuando se activa, provoca que tu siguiente Toque helado, Explosión aullante, Golpe de Escarcha o Asolar asesten un golpe crítico si se usan en 30 s." lvl="1"/>
        <spell castTime="0" cooldown="120000"/>
      </talent>
      <talent column="0" icon="spell_deathknight_icytalons" key="2223" name="Garras heladas mejoradas" requires="2042" tier="5">
        <rank description="Aumenta la celeridad cuerpo a cuerpo de tu banda o grupo que se encuentran en un radio de 100 m en un 20% y aumenta tu celeridad un 5%." lvl="1"/>
        <spell castTime="0"/>
      </talent>
      <talent column="1" icon="inv_sword_112" key="1993" name="Combate despiadado" tier="5">
        <rank description="Tus hechizos Toque helado, Explosión aullante, Asolar y Golpe de Escarcha infligen un 6% de daño adicional al golpear a objetivos que se encuentran por debajo del 35% de salud." lvl="1"/>
        <rank description="Tus hechizos Toque helado, Explosión aullante, Asolar y Golpe de Escarcha infligen un 12% de daño adicional al golpear a objetivos que se encuentran por debajo del 35% de salud." lvl="2"/>
      </talent>
      <talent column="2" icon="spell_frost_freezingbreath" key="1992" name="Helada blanca" tier="5">
        <rank description="Aumenta la probabilidad de golpe crítico con tu hechizo Toque helado y Asolar un 5% y el lanzamiento de Asolar tiene un 5% de probabilidades de reiniciar el tiempo de reutilización de Explosión aullante y de hacer que tu siguiente Explosión aullante no consuma runas." lvl="1"/>
        <rank description="Aumenta la probabilidad de golpe crítico con tu hechizo Toque helado y Asolar un 10% y el lanzamiento de Asolar tiene un 10% de probabilidades de reiniciar el tiempo de reutilización de Explosión aullante y de hacer que tu siguiente Explosión aullante no consuma runas." lvl="2"/>
        <rank description="Aumenta la probabilidad de golpe crítico con tu hechizo Toque helado y Asolar un 15% y el lanzamiento de Asolar tiene un 15% de probabilidades de reiniciar el tiempo de reutilización de Explosión aullante y de hacer que tu siguiente Explosión aullante no consuma runas." lvl="3"/>
      </talent>
      <talent column="0" icon="spell_frost_wisp" key="2260" name="Sabañones" tier="6">
        <rank description="Las víctimas de tu enfermedad Fiebre de Escarcha quedan congeladas, reduciendo su velocidad de movimiento un 15% durante 10 s." lvl="1"/>
        <rank description="Las víctimas de tu enfermedad Fiebre de Escarcha quedan congeladas, reduciendo su velocidad de movimiento un 30% durante 10 s." lvl="2"/>
        <rank description="Las víctimas de tu enfermedad Fiebre de Escarcha quedan congeladas, reduciendo su velocidad de movimiento un 50% durante 10 s." lvl="3"/>
      </talent>
      <talent column="1" icon="inv_staff_15" key="1999" name="Frío hambriento" tier="6">
        <rank description="Elimina todo el calor la tierra que rodea al caballero de la Muerte. Los enemigos que se encuentren en un radio de 10 m quedan atrapados en hielo, impidiendo que puedan realizar ninguna acción durante 10 s e infectándolos con Fiebre de Escarcha. Se considera que los enemigos están congelados, pero cualquier daño no infligido con enfermedades romperá el hielo." lvl="1"/>
        <spell castTime="0" cooldown="60000">
          <power cost="40" type="runic"/>
        </spell>
      </talent>
      <talent column="2" icon="spell_deathknight_frostpresence" key="2029" name="Presencia de escarcha mejorada" tier="6">
        <rank description="En Presencia de sangre o Presencia profana retienes un 4% de aguante de Presencia de escarcha y el daño que recibas se reduce un 1% extra en Presencia de escarcha." lvl="1"/>
        <rank description="En Presencia de sangre o Presencia profana retienes un 8% de aguante de Presencia de escarcha y el daño que recibas se reduce un 2% extra en Presencia de escarcha." lvl="2"/>
      </talent>
      <talent column="0" icon="ability_dualwieldspecialization" key="2284" name="Amenaza de Thassarian" tier="7">
        <rank description="Con la doble empuñadura, tus facultades Golpe letal, Asolar, Golpe de peste, Golpe con runa, Golpe sangriento y Golpe de Escarcha tienen un 30% de probabilidad de infligir también daño con el arma de mano izquierda." lvl="1"/>
        <rank description="Con la doble empuñadura, tus facultades Golpe letal, Asolar, Golpe de peste, Golpe con runa, Golpe sangriento y Golpe de Escarcha tienen un 60% de probabilidad de infligir también daño con el arma de mano izquierda." lvl="2"/>
        <rank description="Con la doble empuñadura, tus facultades Golpe letal, Asolar, Golpe de peste, Golpe con runa, Golpe sangriento y Golpe de Escarcha tienen un 100% de probabilidad de infligir también daño con el arma de mano izquierda." lvl="3"/>
      </talent>
      <talent column="1" icon="inv_weapon_shortblade_79" key="2210" name="Sangre del norte" tier="7">
        <rank description="Aumenta el daño de Golpe sangriento y Golpe de Escarcha un 3%. Además, cuando golpeas con Golpe sangriento o Pestilencia, tienes un 30% de probabilidades de que la runa de sangre se convierta en una runa de muerte al activarse. Esta runa cuenta como un runa de sangre, de escarcha o profana." lvl="1"/>
        <rank description="Aumenta el daño de Golpe sangriento y Golpe de Escarcha un 6%. Además, cuando golpeas con Golpe sangriento o Pestilencia, tienes un 60% de probabilidades de que la runa de sangre se convierta en una runa de muerte al activarse. Esta runa cuenta como un runa de sangre, de escarcha o profana." lvl="2"/>
        <rank description="Aumenta el daño de Golpe sangriento y Golpe de Escarcha un 10%. Además, cuando golpeas con Golpe sangriento o Pestilencia, tienes un 100% de probabilidades de que la runa de sangre se convierta en una runa de muerte al activarse. Esta runa cuenta como un runa de sangre, de escarcha o profana." lvl="3"/>
      </talent>
      <talent column="2" icon="inv_armor_helm_plate_naxxramas_raidwarrior_c_01" key="1979" name="Armadura inquebrantable" tier="7">
        <rank description="Refuerza tu armadura con una gruesa capa de hielo, aumenta tu armadura un 25% y aumenta tu fuerza un 20% durante 20 s." lvl="1"/>
        <spell castTime="0" cooldown="60000">
          <power cost="1" type="frost"/>
        </spell>
      </talent>
      <talent column="0" icon="spell_fire_elementaldevastation" key="1997" name="Aclimatación" tier="8">
        <rank description="Cuando te alcanza un hechizo, tienes un 10% de probabilidad de potenciar tu resistencia frente a ese tipo de magia durante 18 s. Se acumula hasta 3 veces." lvl="1"/>
        <rank description="Cuando te alcanza un hechizo, tienes un 20% de probabilidad de potenciar tu resistencia frente a ese tipo de magia durante 18 s. Se acumula hasta 3 veces." lvl="2"/>
        <rank description="Cuando te alcanza un hechizo, tienes un 30% de probabilidad de potenciar tu resistencia frente a ese tipo de magia durante 18 s. Se acumula hasta 3 veces." lvl="3"/>
      </talent>
      <talent column="1" icon="spell_deathknight_empowerruneblade2" key="1975" name="Golpe de Escarcha" tier="8">
        <rank description="Golpea instantáneamente al enemigo y le inflige un 55% de daño con arma más 48 p. de daño de Escarcha." lvl="1"/>
        <spell castTime="0" maxRange="5">
          <power cost="40" type="runic"/>
        </spell>
      </talent>
      <talent column="2" icon="inv-sword_53" key="2040" name="Astucia de Sanguino" tier="8">
        <rank description="Aumenta el bonus de daño por golpe crítico de tus facultades Golpe sangriento, Asolar, Explosión Aullante y Golpe de Escarcha un 15% y aumenta la duración de tu Entereza ligada al hielo 2 s." lvl="1"/>
        <rank description="Aumenta el bonus de daño por golpe crítico de tus facultades Golpe sangriento, Asolar, Explosión Aullante y Golpe de Escarcha un 30% y aumenta la duración de tu Entereza ligada al hielo 4 s." lvl="2"/>
        <rank description="Aumenta el bonus de daño por golpe crítico de tus facultades Golpe sangriento, Asolar, Explosión Aullante y Golpe de Escarcha un 45% y aumenta la duración de tu Entereza ligada al hielo 6 s." lvl="3"/>
      </talent>
      <talent column="1" icon="spell_nature_tranquility" key="1998" name="Acechador de tundra" tier="9">
        <rank description="Tus hechizos y facultades infligen un 3% más de daño a los objetivos enfermos con Fiebre de Escarcha. También aumenta la pericia 1 p." lvl="1"/>
        <rank description="Tus hechizos y facultades infligen un 6% más de daño a los objetivos enfermos con Fiebre de Escarcha. También aumenta la pericia 2 p." lvl="2"/>
        <rank description="Tus hechizos y facultades infligen un 9% más de daño a los objetivos enfermos con Fiebre de Escarcha. También aumenta la pericia 3 p." lvl="3"/>
        <rank description="Tus hechizos y facultades infligen un 12% más de daño a los objetivos enfermos con Fiebre de Escarcha. También aumenta la pericia 4 p." lvl="4"/>
        <rank description="Tus hechizos y facultades infligen un 15% más de daño a los objetivos enfermos con Fiebre de Escarcha. También aumenta la pericia 5 p." lvl="5"/>
      </talent>
      <talent column="1" icon="spell_frost_arcticwinds" key="1989" name="Explosión aullante" tier="10">
        <rank description="Golpea al objetivo con un viento helado que inflige 198-214 p. de daño de Escarcha a todos los enemigos en un radio de 10 m." lvl="1"/>
        <spell castTime="0" cooldown="8000" maxRange="20">
          <power cost="1" type="unholy"/>
          <power cost="1" type="frost"/>
        </spell>
      </talent>
    </tree>
    <tree bgImage="DeathKnightBlood" icon="spell_deathknight_bloodpresence" key="Blood" name="Sangre" order="0">
      <talent column="0" icon="inv_axe_68" key="1939" name="Carnicería" tier="0">
        <rank description="Cuando mates a un enemigo que otorgue experiencia u honor, generarás 10 p. de poder rúnico. Además, también generarás 1 p. de poder rúnico cada 5 segundos mientras estés en combate." lvl="1"/>
        <rank description="Cuando mates a un enemigo que otorgue experiencia u honor, generarás hasta 20 p. de poder rúnico. Además, también generarás 2 p. de poder rúnico cada 5 segundos mientras estés en combate." lvl="2"/>
      </talent>
      <talent column="1" icon="spell_deathknight_subversion" key="1945" name="Subversión" tier="0">
        <rank description="Aumenta la probabilidad de golpe crítico de Golpe sangriento, Golpe de la Plaga, Golpe en el corazón y Asolar un 3% y reduce un 8% la amenaza que generas mientras tienes activada Presencia de sangre o Presencia profana." lvl="1"/>
        <rank description="Aumenta la probabilidad de golpe crítico de Golpe sangriento, Golpe de la Plaga, Golpe en el corazón y Asolar un 6% y reduce un 16% la amenaza que generas mientras tienes activada Presencia de sangre o Presencia profana." lvl="2"/>
        <rank description="Aumenta la probabilidad de golpe crítico de Golpe sangriento, Golpe de la Plaga, Golpe en el corazón y Asolar un 9% y reduce un 25% la amenaza que generas mientras tienes activada Presencia de sangre o Presencia profana." lvl="3"/>
      </talent>
      <talent column="2" icon="ability_upgrademoonglaive" key="2017" name="Barrera de filos" tier="0">
        <rank description="Cuando tus runas de sangre están en tiempo de reutilización, ganas el efecto de Barrera de filos, que reduce el daño recibido un 1% durante los próximos 10 s." lvl="1"/>
        <rank description="Cuando tus runas de sangre están en tiempo de reutilización, ganas el efecto de Barrera de filos, que reduce el daño recibido un 2% durante los próximos 10 s." lvl="2"/>
        <rank description="Cuando tus runas de sangre están en tiempo de reutilización, ganas el efecto de Barrera de filos, que reduce el daño recibido un 3% durante los próximos 10 s." lvl="3"/>
        <rank description="Cuando tus runas de sangre están en tiempo de reutilización, ganas el efecto de Barrera de filos, que reduce el daño recibido un 4% durante los próximos 10 s." lvl="4"/>
        <rank description="Cuando tus runas de sangre están en tiempo de reutilización, ganas el efecto de Barrera de filos, que reduce el daño recibido un 5% durante los próximos 10 s." lvl="5"/>
      </talent>
      <talent column="0" icon="inv_shoulder_36" key="1938" name="Armadura con filo" tier="1">
        <rank description="Aumenta tu poder de ataque 1 p. por cada 180 p. de tu valor de armadura." lvl="1"/>
        <rank description="Aumenta tu poder de ataque 2 p. por cada 180 p. de tu valor de armadura." lvl="2"/>
        <rank description="Aumenta tu poder de ataque 3 p. por cada 180 p. de tu valor de armadura." lvl="3"/>
        <rank description="Aumenta tu poder de ataque 4 p. por cada 180 p. de tu valor de armadura." lvl="4"/>
        <rank description="Aumenta tu poder de ataque 5 p. por cada 180 p. de tu valor de armadura." lvl="5"/>
      </talent>
      <talent column="1" icon="ability_rogue_bloodyeye" key="1948" name="Aroma de sangre" tier="1">
        <rank description="Tras esquivar, parar o recibir daño directo, tienes un 15% de probabilidad de ganar el efecto Aroma de sangre, que provoca que tu siguiente golpe cuerpo a cuerpo genere 10 p. de poder rúnico." lvl="1"/>
        <rank description="Tras esquivar, parar o recibir daño directo, tienes un 15% de probabilidad de ganar el efecto Aroma de sangre, que provoca que tus 2 golpes cuerpo a cuerpo siguientes generen 10 p. de poder rúnico." lvl="2"/>
        <rank description="Tras esquivar, parar o recibir daño directo, tienes un 15% de probabilidad de ganar el efecto Aroma de sangre, que provoca que tus 3 golpes cuerpo a cuerpo siguientes generen 10 p. de poder rúnico." lvl="3"/>
      </talent>
      <talent column="2" icon="inv_sword_68" key="2217" name="Especialización en armas de dos manos" tier="1">
        <rank description="Aumenta un 2% el daño infligido con las armas cuerpo a cuerpo de dos manos." lvl="1"/>
        <rank description="Aumenta un 4% el daño infligido con las armas cuerpo a cuerpo de dos manos." lvl="2"/>
      </talent>
      <talent column="0" icon="spell_deathknight_runetap" key="1941" name="Transfusión de runa" tier="2">
        <rank description="Convierte una runa de sangre en un 10% de tu salud máxima." lvl="1"/>
        <spell castTime="0" cooldown="60000">
          <power cost="1" type="blood"/>
        </spell>
      </talent>
      <talent column="1" icon="spell_deathknight_darkconviction" key="1943" name="Convicción oscura" tier="2">
        <rank description="Aumenta tu probabilidad de asestar un golpe crítico con armas, hechizos y facultades un 1%." lvl="1"/>
        <rank description="Aumenta tu probabilidad de asestar un golpe crítico con armas, hechizos y facultades un 2%." lvl="2"/>
        <rank description="Aumenta tu probabilidad de asestar un golpe crítico con armas, hechizos y facultades un 3%." lvl="3"/>
        <rank description="Aumenta tu probabilidad de asestar un golpe crítico con armas, hechizos y facultades un 4%." lvl="4"/>
        <rank description="Aumenta tu probabilidad de asestar un golpe crítico con armas, hechizos y facultades un 5%." lvl="5"/>
      </talent>
      <talent column="2" icon="inv_sword_62" key="2086" name="Maestría en runas de muerte" tier="2">
        <rank description="Al usar Golpe letal o Asolar, tienes un 33% de probabilidad de que las runas de escarcha y profanas se conviertan en runas de muerte al activarse. Las runas de muerte cuentan como runas de sangre, escarcha y profanas." lvl="1"/>
        <rank description="Al usar Golpe letal o Asolar, tienes un 66% de probabilidad de que las runas de escarcha y profanas se conviertan en runas de muerte al activarse. Las runas de muerte cuentan como runas de sangre, escarcha y profanas." lvl="2"/>
        <rank description="Al usar Golpe letal o Asolar, tienes un 100% de probabilidad de que las runas de escarcha y profanas se conviertan en runas de muerte al activarse. Las runas de muerte cuentan como runas de sangre, escarcha y profanas." lvl="3"/>
      </talent>
      <talent column="0" icon="spell_deathknight_runetap" key="1942" name="Transfusión de runa mejorada" requires="1941" tier="3">
        <rank description="Aumenta la salud proporcionada por Transfusión de runa un 33% y reduce su tiempo de utilización 10 s." lvl="1"/>
        <rank description="Aumenta la salud proporcionada por Transfusión de runa un 66% y reduce su tiempo de utilización 20 s." lvl="2"/>
        <rank description="Aumenta la salud proporcionada por Transfusión de runa un 100% y reduce su tiempo de utilización 30 s." lvl="3"/>
      </talent>
      <talent column="2" icon="spell_deathknight_spelldeflection" key="2018" name="Desvío de hechizos" tier="3">
        <rank description="Tienes una probabilidad igual a tu probabilidad de parada de recibir un 15% de daño menos de un hechizo de daño directo." lvl="1"/>
        <rank description="Tienes una probabilidad igual a tu probabilidad de parada de recibir un 30% de daño menos de un hechizo de daño directo." lvl="2"/>
        <rank description="Tienes una probabilidad igual a tu probabilidad de parada de recibir un 45% de daño menos de un hechizo de daño directo." lvl="3"/>
      </talent>
      <talent column="3" icon="spell_deathknight_vendetta" key="1953" name="Vendetta" tier="3">
        <rank description="Te sana hasta un 2% de tu salud máxima cuando matas a un objetivo que otorga experiencia u honor." lvl="1"/>
        <rank description="Te sana hasta un 4% de tu salud máxima cuando matas a un objetivo que otorga experiencia u honor." lvl="2"/>
        <rank description="Te sana hasta un 6% de tu salud máxima cuando matas a un objetivo que otorga experiencia u honor." lvl="3"/>
      </talent>
      <talent column="0" icon="spell_deathknight_deathstrike" key="2015" name="Golpes sangrientos" tier="4">
        <rank description="Aumenta el daño de tu Golpe sangriento un 5% y tu Golpe en el corazón un 15%, y aumenta el daño de Hervor de sangre un 10%." lvl="1"/>
        <rank description="Aumenta el daño de tu Golpe sangriento un 10% y tu Golpe en el corazón un 30%, y aumenta el daño de Hervor de sangre un 20%." lvl="2"/>
        <rank description="Aumenta el daño de tu Golpe sangriento un 15% y tu Golpe en el corazón un 45%, y aumenta el daño de Hervor de sangre un 30%." lvl="3"/>
      </talent>
      <talent column="2" icon="spell_misc_warsongfocus" key="1950" name="Veterano de la Tercera Guerra" tier="4">
        <rank description="Aumenta tu fuerza total un 2%, tu aguante total un 1% y tu pericia 2 p." lvl="1"/>
        <rank description="Aumenta tu fuerza total un 4%, tu aguante total un 2% y tu pericia 4 p." lvl="2"/>
        <rank description="Aumenta tu fuerza total un 6%, tu aguante total un 3% y tu pericia 6 p." lvl="3"/>
      </talent>
      <talent column="3" icon="ability_hunter_rapidkilling" key="1949" name="Marca de sangre" tier="4">
        <rank description="Coloca una Marca de sangre sobre un enemigo. Cuando el enemigo marcado inflija daño a un objetivo, se sanará al objetivo un 4% de su salud máxima. Dura 20 s o hasta 20 golpes." lvl="1"/>
        <spell castTime="0" cooldown="180000" maxRange="30">
          <power cost="1" type="blood"/>
        </spell>
      </talent>
      <talent column="1" icon="ability_backstab" key="1944" name="Venganza sangrienta" requires="1943" tier="5">
        <rank description="Proporciona un 1% de bonificación al daño físico que infliges durante 30 s después de asestar un golpe crítico con un golpe de arma, hechizo o facultad. El efecto se acumula hasta 3 veces." lvl="1"/>
        <rank description="Proporciona un 2% de bonificación al daño físico que infliges durante 30 s después de asestar un golpe crítico con un golpe de arma, hechizo o facultad. El efecto se acumula hasta 3 veces." lvl="2"/>
        <rank description="Proporciona un 3% de bonificación al daño físico que infliges durante 30 s después de asestar un golpe crítico con un golpe de arma, hechizo o facultad. El efecto se acumula hasta 3 veces." lvl="3"/>
      </talent>
      <talent column="2" icon="ability_warrior_intensifyrage" key="2105" name="Poderío de abominación" tier="5">
        <rank description="Aumenta en un 5% el poder de ataque de los miembros del grupo y de la banda que se encuentren en un radio de 100 m. También aumenta tu fuerza total un 1%." lvl="1"/>
        <rank description="Aumenta en un 10% el poder de ataque de los miembros del grupo y de la banda que se encuentren en un radio de 100 m. También aumenta tu fuerza total un 2%." lvl="2"/>
      </talent>
      <talent column="0" icon="spell_shadow_soulleech" key="1960" name="Gusanos de sangre" tier="6">
        <rank description="Tus golpes con arma tienen un 3% de probabilidad de provocar que el taumaturgo engendre 2-4 gusanos de sangre. Los gusanos de sangre atacan a tus enemigos, sanándote la misma cantidad de daño que ellos infligen durante 20 s o hasta que mueran." lvl="1"/>
        <rank description="Tus golpes con arma tienen un 6% de probabilidad de provocar que el taumaturgo engendre 2-4 gusanos de sangre. Los gusanos de sangre atacan a tus enemigos, sanándote la misma cantidad de daño que ellos infligen durante 20 s o hasta que mueran." lvl="2"/>
        <rank description="Tus golpes con arma tienen un 9% de probabilidad de provocar que el taumaturgo engendre 2-4 gusanos de sangre. Los gusanos de sangre atacan a tus enemigos, sanándote la misma cantidad de daño que ellos infligen durante 20 s o hasta que mueran." lvl="3"/>
      </talent>
      <talent column="1" icon="spell_deathknight_bladedarmor" key="1954" name="Histeria" tier="6">
        <rank description="Induce a una unidad amistosa a matar frenéticamente durante 30 s. El objetivo se enfurece, lo que aumenta su daño físico un 20%, pero provoca que pierda salud igual al 1% de su salud máxima cada segundo." lvl="1"/>
        <spell castTime="0" cooldown="180000" maxRange="30"/>
      </talent>
      <talent column="2" icon="spell_deathknight_bloodpresence" key="1936" name="Presencia de sangre mejorada" tier="6">
        <rank description="En Presencia de escarcha y Presencia profana, retienes un 2% de sanación de Presencia de sangre y la sanación que recibas aumenta un 5% en Presencia de sangre." lvl="1"/>
        <rank description="En Presencia de escarcha y Presencia profana, retienes un 4% de sanación de Presencia de sangre y la sanación que recibas aumenta un 10% en Presencia de sangre." lvl="2"/>
      </talent>
      <talent column="0" icon="spell_deathknight_butcher2" key="2259" name="Golpe letal mejorado" tier="7">
        <rank description="Aumenta el daño de tu Golpe letal un 15%, aumenta la probabilidad de golpe crítico un 3% y aumenta la sanación otorgada un 25%." lvl="1"/>
        <rank description="Aumenta el daño de tu Golpe letal un 30%, aumenta la probabilidad de golpe crítico un 6% y aumenta la sanación otorgada un 50%." lvl="2"/>
      </talent>
      <talent column="1" icon="spell_shadow_painspike" key="1955" name="Fatalidad súbita" tier="7">
        <rank description="Tus Golpes sangrientos y tus Golpes en el corazón tienen un 5% de probabilidad de lanzar una Espiral de la muerte gratuita a tu objetivo." lvl="1"/>
        <rank description="Tus Golpes sangrientos y tus Golpes en el corazón tienen un 10% de probabilidad de lanzar una Espiral de la muerte gratuita a tu objetivo." lvl="2"/>
        <rank description="Tus Golpes sangrientos y tus Golpes en el corazón tienen un 15% de probabilidad de lanzar una Espiral de la muerte gratuita a tu objetivo." lvl="3"/>
      </talent>
      <talent column="2" icon="spell_shadow_lifedrain" key="2019" name="Sangre vampírica" tier="7">
        <rank description="Otorga de forma temporal un 15% de la salud máxima al caballero de la Muerte y aumenta la cantidad de salud generada a través de los hechizos y efectos un 35% durante 10 s. Cuando el efecto se disipa, la salud se pierde." lvl="1"/>
        <spell castTime="0" cooldown="60000">
          <power cost="1" type="blood"/>
        </spell>
      </talent>
      <talent column="0" icon="ability_creature_cursed_02" key="1959" name="Voluntad de la necrópolis" tier="8">
        <rank description="El daño que recibas que deje tu salud por debajo del 35% o cuando tengas un 35% de salud se reduce un 5%." lvl="1"/>
        <rank description="El daño que recibas que deje tu salud por debajo del 35% o cuando tengas un 35% de salud se reduce un 10%." lvl="2"/>
        <rank description="El daño que recibas que deje tu salud por debajo del 35% o cuando tengas un 35% de salud se reduce un 15%." lvl="3"/>
      </talent>
      <talent column="1" icon="inv_weapon_shortblade_40" key="1957" name="Golpe en el corazón" tier="8">
        <rank description="Golpea instantáneamente al objetivo y a su aliado más cercano, infligiéndoles un 50% de daño con arma más 125 p. al objetivo principal y un 25% de daño de arma más 63 p. al objetivo secundario. Cada objetivo recibe un 10% de daño adicional por cada una de las enfermedades que tengas activas sobre él." lvl="1"/>
        <spell castTime="0" maxRange="5">
          <power cost="1" type="blood"/>
        </spell>
      </talent>
      <talent column="2" icon="spell_deathknight_classicon" key="1958" name="Poderío de Mograine" tier="8">
        <rank description="Aumenta un 15% el bonus del daño por golpe crítico de tus facultades Golpe sangriento, Golpe en el corazón, Golpe letal, Hervor de sangre." lvl="1"/>
        <rank description="Aumenta un 30% el bonus del daño por golpe crítico de tus facultades Golpe sangriento, Golpe en el corazón, Golpe letal, Hervor de sangre." lvl="2"/>
        <rank description="Aumenta un 45% el bonus del daño por golpe crítico de tus facultades Golpe sangriento, Golpe en el corazón, Golpe letal, Hervor de sangre." lvl="3"/>
      </talent>
      <talent column="1" icon="spell_nature_reincarnation" key="2034" name="Atracarse de sangre" tier="9">
        <rank description="Cuando tienes más del 75% de salud, infliges un 2% de daño más. Además, tus ataques ignoran hasta un 2% de la armadura de tu oponente en todo momento." lvl="1"/>
        <rank description="Cuando tienes más del 75% de salud, infliges un 4% de daño más. Además, tus ataques ignoran hasta un 4% de la armadura de tu oponente en todo momento." lvl="2"/>
        <rank description="Cuando tienes más del 75% de salud, infliges un 6% de daño más. Además, tus ataques ignoran hasta un 6% de la armadura de tu oponente en todo momento." lvl="3"/>
        <rank description="Cuando tienes más del 75% de salud, infliges un 8% de daño más. Además, tus ataques ignoran hasta un 8% de la armadura de tu oponente en todo momento." lvl="4"/>
        <rank description="Cuando tienes más del 75% de salud, infliges un 10% de daño más. Además, tus ataques ignoran hasta un 10% de la armadura de tu oponente en todo momento." lvl="5"/>
      </talent>
      <talent column="1" icon="inv_sword_07" key="1961" name="Arma de runa danzante" tier="10">
        <rank description="Invoca una segunda arma de runas que lucha sola durante 12 s y realiza los mismos ataques que el caballero de la Muerte pero inflige un 50% de daño reducido." lvl="1"/>
        <spell castTime="0" cooldown="90000" maxRange="30">
          <power cost="60" type="runic"/>
        </spell>
      </talent>
    </tree>
    <tree bgImage="DeathKnightUnholy" icon="spell_deathknight_unholypresence" key="Unholy" name="Profano" order="2">
      <talent column="0" icon="spell_deathknight_plaguestrike" key="2082" name="Golpes feroces" tier="0">
        <rank description="Aumenta la probabilidad de golpe crítico un 3% y el bonus de daño de golpe crítico un 15% de tu Golpe de peste y Golpe de la Plaga." lvl="1"/>
        <rank description="Aumenta la probabilidad de golpe crítico un 6% y el bonus de daño de golpe crítico un 30% de tu Golpe de peste y Golpe de la Plaga." lvl="2"/>
      </talent>
      <talent column="1" icon="spell_shadow_burningspirit" key="1932" name="Virulencia" tier="0">
        <rank description="Aumenta la probabilidad de que golpees con tus hechizos un 1% y reduce la probabilidad de que se curen tus enfermedades de daño en el tiempo un 10%." lvl="1"/>
        <rank description="Aumenta la probabilidad de que golpees con tus hechizos un 2% y reduce la probabilidad de que se curen tus enfermedades de daño en el tiempo un 20%." lvl="2"/>
        <rank description="Aumenta la probabilidad de que golpees con tus hechizos un 3% y reduce la probabilidad de que se curen tus enfermedades de daño en el tiempo un 30%." lvl="3"/>
      </talent>
      <talent column="2" icon="spell_nature_mirrorimage" key="2218" name="Anticipación" tier="0">
        <rank description="Aumenta la probabilidad de esquivar un 1%." lvl="1"/>
        <rank description="Aumenta la probabilidad de esquivar un 2%." lvl="2"/>
        <rank description="Aumenta la probabilidad de esquivar un 3%." lvl="3"/>
        <rank description="Aumenta la probabilidad de esquivar un 4%." lvl="4"/>
        <rank description="Aumenta la probabilidad de esquivar un 5%." lvl="5"/>
      </talent>
      <talent column="0" icon="spell_shadow_shadowwordpain" key="1963" name="Epidemia" tier="1">
        <rank description="Aumenta la duración de Peste de sangre y Fiebre de Escarcha 3 s." lvl="1"/>
        <rank description="Aumenta la duración de Peste de sangre y Fiebre de Escarcha 6 s." lvl="2"/>
      </talent>
      <talent column="1" icon="spell_shadow_deathanddecay" key="1933" name="Morbosidad" tier="1">
        <rank description="Aumenta el daño y la sanación de tu Espiral de la muerte un 5% y reduce el tiempo de reutilización de Muerte y descomposición 5 s." lvl="1"/>
        <rank description="Aumenta el daño y la sanación de tu Espiral de la muerte un 10% y reduce el tiempo de reutilización de Muerte y descomposición 10 s." lvl="2"/>
        <rank description="Aumenta el daño y la sanación de tu Espiral de la muerte un 15% y reduce el tiempo de reutilización de Muerte y descomposición 15 s." lvl="3"/>
      </talent>
      <talent column="2" icon="spell_deathknight_strangulate" key="2025" name="Orden profana" tier="1">
        <rank description="Reduce el tiempo de reutilización de Atracción letal 5 s." lvl="1"/>
        <rank description="Reduce el tiempo de reutilización de Atracción letal 10 s." lvl="2"/>
      </talent>
      <talent column="3" icon="spell_deathknight_gnaw_ghoul" key="1934" name="Muerte voraz" tier="1">
        <rank description="Aumenta tu fuerza total un 1% y la contribución que consiguen tus necrófagos de tu fuerza y aguante un 20%." lvl="1"/>
        <rank description="Aumenta tu fuerza total un 2% y la contribución que consiguen tus necrófagos de tu fuerza y aguante un 40%." lvl="2"/>
        <rank description="Aumenta tu fuerza total un 3% y la contribución que consiguen tus necrófagos de tu fuerza y aguante un 60%." lvl="3"/>
      </talent>
      <talent column="0" icon="spell_shadow_plaguecloud" key="2008" name="Brote" tier="2">
        <rank description="Aumenta el daño infligido por Golpe de peste un 10% y por Golpe de la Plaga un 7%." lvl="1"/>
        <rank description="Aumenta el daño infligido por Golpe de peste un 20% y por Golpe de la Plaga un 13%." lvl="2"/>
        <rank description="Aumenta el daño infligido por Golpe de peste un 30% y por Golpe de la Plaga un 20%." lvl="3"/>
      </talent>
      <talent column="1" icon="inv_weapon_shortblade_60" key="2047" name="Necrosis" tier="2">
        <rank description="Tus ataques automáticos infligen un 4% de daño de las Sombras extra." lvl="1"/>
        <rank description="Tus ataques automáticos infligen un 8% de daño de las Sombras extra." lvl="2"/>
        <rank description="Tus ataques automáticos infligen un 12% de daño de las Sombras extra." lvl="3"/>
        <rank description="Tus ataques automáticos infligen un 16% de daño de las Sombras extra." lvl="4"/>
        <rank description="Tus ataques automáticos infligen un 20% de daño de las Sombras extra." lvl="5"/>
      </talent>
      <talent column="2" icon="ability_creature_disease_02" key="1985" name="Deflagración de cadáver" tier="2">
        <rank description="Provoca que explote un cadáver y que inflija 166 p. de daño de las Sombras a todos los enemigos en un radio de 10 m. Usará un cadáver cercano si no hay ninguno seleccionado. No afecta a los cadáveres elementales o mecánicos." lvl="1"/>
        <spell castTime="0" cooldown="5000" maxRange="30">
          <power cost="40" type="runic"/>
        </spell>
      </talent>
      <talent column="1" icon="spell_deathknight_summondeathcharger" key="2039" name="Sobre caballo bayo" tier="3">
        <rank description="Te vuelves tan difícil de detener como la mismísima muerte. La duración de todos los efectos de aturdimiento y miedo que se usen frente a ti se reduce un 10% y tu velocidad sobre montura aumenta un 10%. Esto no se acumula con otros efectos de aumento de velocidad de movimiento." lvl="1"/>
        <rank description="Te vuelves tan difícil de detener como la mismísima muerte. La duración de todos los efectos de aturdimiento y miedo que se usen frente a ti se reduce un 20% y tu velocidad sobre montura aumenta un 20%. Esto no se acumula con otros efectos de aumento de velocidad de movimiento." lvl="2"/>
      </talent>
      <talent column="2" icon="ability_criticalstrike" key="2004" name="Hoja bañada en sangre" tier="3">
        <rank description="Tus ataques automáticos tienen un 10% de probabilidad de asestar un Golpe bañado en sangre, que inflige el 25% de daño con arma más un 12.5% por enfermedad sobre el objetivo." lvl="1"/>
        <rank description="Tus ataques automáticos tienen un 20% de probabilidad de asestar un Golpe bañado en sangre, que inflige el 25% de daño con arma más un 12.5% por enfermedad sobre el objetivo." lvl="2"/>
        <rank description="Tus ataques automáticos tienen un 30% de probabilidad de asestar un Golpe bañado en sangre, que inflige el 25% de daño con arma más un 12.5% por enfermedad sobre el objetivo." lvl="3"/>
      </talent>
      <talent column="3" icon="spell_deathknight_armyofthedead" key="2225" name="Noche de los muertos" tier="3">
        <rank description="Reduce el tiempo de reutilización de Levantar a muerto 45 s y el tiempo de reutilización de Ejército de muertos 2 min. También reduce el daño que recibe tu mascota de los ataques de área de efecto de criaturas un 45%." lvl="1"/>
        <rank description="Reduce el tiempo de reutilización de Levantar a muerto 90 s y el tiempo de reutilización de Ejército de muertos 4 min. También reduce el daño que recibe tu mascota de los ataques de área de efecto de criaturas un 90%." lvl="2"/>
      </talent>
      <talent column="0" icon="spell_shadow_contagion" key="1996" name="Añublo profano" tier="4">
        <rank description="Provoca que las víctimas de tu Espiral de la muerte se vean rodeadas por un espeluznante enjambre de insectos profanos y que reciban un 10% del daño infligido por la Espiral de la muerte durante 10 s y evitando que las enfermedades de la víctima puedan disiparse." lvl="1"/>
      </talent>
      <talent column="1" icon="spell_shadow_shadowandflame" key="2005" name="Impuridad" tier="4">
        <rank description="El bonus de poder de ataque de tus hechizos se aumenta un 4%." lvl="1"/>
        <rank description="El bonus de poder de ataque de tus hechizos se aumenta un 8%." lvl="2"/>
        <rank description="El bonus de poder de ataque de tus hechizos se aumenta un 12%." lvl="3"/>
        <rank description="El bonus de poder de ataque de tus hechizos se aumenta un 16%." lvl="4"/>
        <rank description="Tus hechizos reciben un 20% extra de beneficio de tu poder de ataque." lvl="5"/>
      </talent>
      <talent column="2" icon="spell_shadow_shadesofdarkness" key="2011" name="Réquiem" tier="4">
        <rank description="Tu Golpe letal, Golpe de peste, Golpe de la Plaga generan 2,5 p. de poder rúnico extra." lvl="1"/>
        <rank description="Tu Golpe letal, Golpe de peste, Golpe de la Plaga generan 5 p. de poder rúnico extra." lvl="2"/>
      </talent>
      <talent column="0" icon="spell_shadow_shadowfiend" key="2226" name="Profanación" tier="5">
        <rank description="Tus Golpes de peste y Golpes de la Plaga provocan el efecto Suelo profanado. Los objetivos dentro de la zona se ralentizan un 25% por los brazos de los muertos mientras permanecen sobre suelo profano. Dura 20 s." lvl="1"/>
        <rank description="Tus Golpes de peste y Golpes de la Plaga provocan el efecto Suelo profanado. Los objetivos dentro de la zona se ralentizan un 50% por los brazos de los muertos mientras permanecen sobre suelo profano. Dura 20 s." lvl="2"/>
      </talent>
      <talent column="1" icon="spell_shadow_antimagicshell" key="2009" name="Supresión mágica" tier="5">
        <rank description="Recibes un 2% de daño menos de toda la magia. Además, tu Caparazón antimagia absorbe un 8% extra de daño con hechizos." lvl="1"/>
        <rank description="Recibes un 4% de daño menos de toda la magia. Además, tu Caparazón antimagia absorbe un 16% extra de daño con hechizos." lvl="2"/>
        <rank description="Recibes un 6% de daño menos de toda la magia. Además, tu Caparazón antimagia absorbe un 25% extra de daño con hechizos." lvl="3"/>
      </talent>
      <talent column="2" icon="spell_shadow_shadetruesight" key="2001" name="Siega" tier="5">
        <rank description="Al usar Golpe sangriento o Pestilencia, tienes un 33% de probabilidad de que la runa de sangre se convierta en runa de muerte al activarse. Las runas de muerte cuentan como runas de sangre, escarcha y profanas." lvl="1"/>
        <rank description="Al usar Golpe sangriento o Pestilencia, tienes un 66% de probabilidad de que la runa de sangre se convierta en runa de muerte al activarse. Las runas de muerte cuentan como runas de sangre, escarcha y profanas." lvl="2"/>
        <rank description="Al usar Golpe sangriento o Pestilencia, tienes un 100% de probabilidad de que la runa de sangre se convierta en runa de muerte al activarse. Las runas de muerte cuentan como runas de sangre, escarcha y profanas." lvl="3"/>
      </talent>
      <talent column="3" icon="spell_shadow_animatedead" key="1984" name="Maestro de los necrófagos" requires="2225" tier="5">
        <rank description="Reduce el tiempo de reutilización de Levantar a muerto  60 s y el necrófago que invoques con tu hechizo Levantar a muerto se considera tu mascota y queda bajo tu control. A diferencia de los necrófagos de los caballeros de la Muerte normales, tu mascota no tiene una duración limitada." lvl="1"/>
      </talent>
      <talent column="0" icon="spell_shadow_unholyfrenzy" key="2285" name="Desolación" tier="6">
        <rank description="Tus Golpes sangrientos provocan que inflijas un 1% de daño adicional con todos los ataques durante los próximos 20 s." lvl="1"/>
        <rank description="Tus Golpes sangrientos provocan que inflijas un 2% de daño adicional con todos los ataques durante los próximos 20 s." lvl="2"/>
        <rank description="Tus Golpes sangrientos provocan que inflijas un 3% de daño adicional con todos los ataques durante los próximos 20 s." lvl="3"/>
        <rank description="Tus Golpes sangrientos provocan que inflijas un 4% de daño adicional con todos los ataques durante los próximos 20 s." lvl="4"/>
        <rank description="Tus Golpes sangrientos provocan que inflijas un 5% de daño adicional con todos los ataques durante los próximos 20 s." lvl="5"/>
      </talent>
      <talent column="1" icon="spell_deathknight_antimagiczone" key="2221" name="Zona antimagia" requires="2009" tier="6">
        <rank description="Coloca una gran zona antimagia estática que reduce el daño con hechizos infligido a cualquier miembro de tu grupo o banda que se encuentre dentro un 75%. La zona antimagia dura 10 s o hasta que absorbe 10052 p. de daño con hechizos." lvl="1"/>
        <spell castTime="0" cooldown="120000">
          <power cost="1" type="unholy"/>
        </spell>
      </talent>
      <talent column="2" icon="spell_deathknight_unholypresence" key="2013" name="Presencia profana mejorada" tier="6">
        <rank description="En Presencia de sangre o Presencia de escarcha, retienes un 8% de la velocidad de movimiento aumentada de Presencia profana y tus runas acaban su tiempo de reutilización un 5% más rápido en Presencia profana." lvl="1"/>
        <rank description="En Presencia de sangre o Presencia de escarcha, retienes un 15% de la velocidad de movimiento aumentada de Presencia profana y tus runas acaban su tiempo de reutilización un 10% más rápido en Presencia profana." lvl="2"/>
      </talent>
      <talent column="3" icon="ability_ghoulfrenzy" key="2085" name="Furia de necrófago" requires="1984" tier="6">
        <rank description="Otorga a tu mascota un 25% de celeridad durante 30 s y la sana un 60% de su salud mientras dure." lvl="1"/>
        <spell castTime="0" cooldown="10000" maxRange="45">
          <power cost="1" type="unholy"/>
        </spell>
      </talent>
      <talent column="1" icon="spell_nature_nullifydisease" key="1962" name="Fiebre de la cripta" tier="7">
        <rank description="Tus enfermedades también provocan Fiebre de la cripta, que aumenta el daño de enfermedad recibido por el objetivo un 10%." lvl="1"/>
        <rank description="Tus enfermedades también provocan Fiebre de la cripta, que aumenta el daño de enfermedad recibido por el objetivo un 20%." lvl="2"/>
        <rank description="Tus enfermedades también provocan Fiebre de la cripta, que aumenta el daño de enfermedad recibido por el objetivo un 30%." lvl="3"/>
      </talent>
      <talent column="2" icon="inv_chest_leather_13" key="2007" name="Escudo óseo" tier="7">
        <rank description="3 huesos giran alrededor del caballero de la Muerte. Mientras quede al menos un hueso, recibirá un 20% menos de daño de todo origen e infligirá un 2% más de daño en todos los ataques, hechizos y facultades. Cada ataque dañino que le impacte consumirá un hueso. Dura 5 min." lvl="1"/>
        <spell castTime="0" cooldown="60000">
          <power cost="1" type="unholy"/>
        </spell>
      </talent>
      <talent column="0" icon="spell_shadow_callofbone" key="2003" name="Peste vagante" tier="8">
        <rank description="Cuando tus enfermedades infligen daño a un enemigo, hay una probabilidad igual a tu probabilidad de golpe crítico cuerpo a cuerpo de que cause un 33% de daño adicional al objetivo y a todos los enemigos en un radio de 8 m. Este hechizo ignora a los objetivos que tengan efectos que se cancelen al infligir daño." lvl="1"/>
        <rank description="Cuando tus enfermedades infligen daño a un enemigo, hay una probabilidad igual a tu probabilidad de golpe crítico cuerpo a cuerpo de que cause un 66% de daño adicional al objetivo y a todos los enemigos en un radio de 8 m. Este hechizo ignora a los objetivos que tengan efectos que se cancelen al infligir daño." lvl="2"/>
        <rank description="Cuando tus enfermedades infligen daño a un enemigo, hay una probabilidad igual a tu probabilidad de golpe crítico cuerpo a cuerpo de que cause un 100% de daño adicional al objetivo y a todos los enemigos en un radio de 8 m. Este hechizo ignora a los objetivos que tengan efectos que se cancelen al infligir daño." lvl="3"/>
      </talent>
      <talent column="1" icon="ability_creature_cursed_03" key="2043" name="Pesteador de ébano" requires="1962" tier="8">
        <rank description="Tu fiebre de la cripta evoluciona en Peste de ébano, que aumenta el daño mágico recibido un 4% además de aumentar el daño recibido por enfermedad. Mejora tu probabilidad de golpe crítico con armas y hechizos un 1% en todo momento." lvl="1"/>
        <rank description="Tu fiebre de la cripta evoluciona en Peste de ébano, que aumenta el daño mágico recibido un 9% además de aumentar el daño recibido por enfermedad. Mejora tu probabilidad de golpe crítico con armas y hechizos un 2% en todo momento." lvl="2"/>
        <rank description="Tu fiebre de la cripta evoluciona en Peste de ébano, que aumenta el daño mágico recibido un 13% además de aumentar el daño recibido por enfermedad. Mejora tu probabilidad de golpe crítico con armas y hechizos un 3% en todo momento." lvl="3"/>
      </talent>
      <talent column="2" icon="spell_deathknight_scourgestrike" key="2216" name="Golpe de la Plaga" tier="8">
        <rank description="Un golpe profano que inflige un 70% de daño con arma como daño físico más 238 p. Además, por cada una de tus enfermedades sobre el objetivo, infliges un 12% extra del daño físico infligido como daño de las Sombras." lvl="1"/>
        <spell castTime="0" maxRange="5">
          <power cost="1" type="unholy"/>
          <power cost="1" type="frost"/>
        </spell>
      </talent>
      <talent column="1" icon="inv_weapon_halberd14" key="2036" name="Ira de Osahendido" tier="9">
        <rank description="Tus hechizos y facultades infligen un 2% más de daño a los objetivos enfermos de Peste de sangre. También aumenta tu pericia 1 p." lvl="1"/>
        <rank description="Tus hechizos y facultades infligen un 4% más de daño a los objetivos enfermos de Peste de sangre. También aumenta tu pericia 2 p." lvl="2"/>
        <rank description="Tus hechizos y facultades infligen un 6% más de daño a los objetivos enfermos de Peste de sangre. También aumenta tu pericia 3 p." lvl="3"/>
        <rank description="Tus hechizos y facultades infligen un 8% más de daño a los objetivos enfermos de Peste de sangre. También aumenta tu pericia 4 p." lvl="4"/>
        <rank description="Tus hechizos y facultades infligen un 10% más de daño a los objetivos enfermos de Peste de sangre. También aumenta tu pericia 5 p." lvl="5"/>
      </talent>
      <talent column="1" icon="ability_hunter_pet_bat" key="2000" name="Invocar gárgola" tier="10">
        <rank description="Una gárgola sobrevuela la zona y bombardea al objetivo con daño de Naturaleza modificado por el poder de ataque del caballero de la Muerte. Dura 30 s." lvl="1"/>
        <spell castTime="0" cooldown="180000" maxRange="30">
          <power cost="60" type="runic"/>
        </spell>
      </talent>
    </tree>
  </talentTrees>
</page>
