<?xml version="1.0" encoding="UTF-8"?><page globalSearch="1" lang="de_de" requestUrl="/talent-tree.xml">
  <talentTrees>
    <tree bgImage="RogueCombat" icon="ability_backstab" key="Combat" name="Kampf" order="1">
      <talent column="0" icon="ability_gouge" key="203" name="Verbesserter Solarplexus" tier="0">
        <rank description="Erhöht die Effektdauer Eurer Fähigkeit 'Solarplexus' um 0.5 Sek." lvl="1"/>
        <rank description="Erhöht die Effektdauer Eurer Fähigkeit 'Solarplexus' um 1 Sek." lvl="2"/>
        <rank description="Erhöht die Effektdauer Eurer Fähigkeit 'Solarplexus' um 1.5 Sek." lvl="3"/>
      </talent>
      <talent column="1" icon="spell_shadow_ritualofsacrifice" key="201" name="Verbesserter finsterer Stoß" tier="0">
        <rank description="Verringert die Energiekosten Eurer Fähigkeit 'Finsterer Stoß' um 3." lvl="1"/>
        <rank description="Verringert die Energiekosten Eurer Fähigkeit 'Finsterer Stoß' um 5." lvl="2"/>
      </talent>
      <talent column="2" icon="ability_dualwield" key="221" name="Beidhändigkeits-Spezialisierung" tier="0">
        <rank description="Erhöht den von Eurer Schildhandwaffe verursachten Schaden um 10%." lvl="1"/>
        <rank description="Erhöht den von Eurer Schildhandwaffe verursachten Schaden um 20%." lvl="2"/>
        <rank description="Erhöht den von Eurer Schildhandwaffe verursachten Schaden um 30%." lvl="3"/>
        <rank description="Erhöht den von Eurer Schildhandwaffe verursachten Schaden um 40%." lvl="4"/>
        <rank description="Erhöht den von Eurer Schildhandwaffe verursachten Schaden um 50%." lvl="5"/>
      </talent>
      <talent column="0" icon="ability_rogue_slicedice" key="1827" name="Verbessertes Zerhäckseln" tier="1">
        <rank description="Erhöht die Dauer Eurer Fähigkeit 'Zerhäckseln' um 25%." lvl="1"/>
        <rank description="Erhöht die Dauer Eurer Fähigkeit 'Zerhäckseln' um 50%." lvl="2"/>
      </talent>
      <talent column="1" icon="ability_parry" key="187" name="Abwehr" tier="1">
        <rank description="Erhöht Eure Parierchance um 2%." lvl="1"/>
        <rank description="Erhöht Eure Parierchance um 4%." lvl="2"/>
        <rank description="Erhöht Eure Parierchance um 6%." lvl="3"/>
      </talent>
      <talent column="3" icon="ability_marksmanship" key="181" name="Präzision" tier="1">
        <rank description="Erhöht Eure Chance, mit Waffen und Giftangriffen zu treffen, um 1%." lvl="1"/>
        <rank description="Erhöht Eure Chance, mit Waffen und Giftangriffen zu treffen, um 2%." lvl="2"/>
        <rank description="Erhöht Eure Chance, mit Waffen und Giftangriffen zu treffen, um 3%." lvl="3"/>
        <rank description="Erhöht Eure Chance, mit Waffen und Giftangriffen zu treffen, um 4%." lvl="4"/>
        <rank description="Erhöht Eure Chance, mit Waffen und Giftangriffen zu treffen, um 5%." lvl="5"/>
      </talent>
      <talent column="0" icon="spell_shadow_shadowward" key="204" name="Durchhaltevermögen" tier="2">
        <rank description="Verringert die Abklingzeit Eurer Fähigkeiten 'Sprinten' und 'Entrinnen' um 30 Sek., und erhöht Eure gesamte Ausdauer um 2%." lvl="1"/>
        <rank description="Verringert die Abklingzeit Eurer Fähigkeiten 'Sprinten' und 'Entrinnen' um 60 Sek., und erhöht Eure gesamte Ausdauer um 4%." lvl="2"/>
      </talent>
      <talent column="1" icon="ability_warrior_challange" key="301" name="Riposte" requires="187" tier="2">
        <rank description="Ein Schlag, der aktiv wird, nachdem ein gegnerischer Angriff pariert wurde. Dieser Angriff verursacht 150% Waffenschaden und verlangsamt das Nahkampfangriffstempo des Gegners 30 Sek. lang um 20%. Gewährt 1 Combopunkt." lvl="1"/>
        <spell castTime="0" cooldown="6000" maxRange="5">
          <power cost="10" type="energy"/>
        </spell>
      </talent>
      <talent column="2" icon="inv_weapon_shortblade_05" key="182" name="Nahbereichsgefecht" requires="221" tier="2">
        <rank description="Erhöht Eure Chance, mit Dolchen und Faustwaffen einen kritischen Treffer zu erzielen, um 1%." lvl="1"/>
        <rank description="Erhöht Eure Chance, mit Dolchen und Faustwaffen einen kritischen Treffer zu erzielen, um 2%." lvl="2"/>
        <rank description="Erhöht Eure Chance, mit Dolchen und Faustwaffen einen kritischen Treffer zu erzielen, um 3%." lvl="3"/>
        <rank description="Erhöht Eure Chance, mit Dolchen und Faustwaffen einen kritischen Treffer zu erzielen, um 4%." lvl="4"/>
        <rank description="Erhöht Eure Chance, mit Dolchen und Faustwaffen einen kritischen Treffer zu erzielen, um 5%." lvl="5"/>
      </talent>
      <talent column="0" icon="ability_kick" key="206" name="Verbesserter Tritt" tier="3">
        <rank description="Gewährt Eurer Fähigkeit 'Tritt' eine Chance von 50%, das Ziel 2 Sek. lang zum Schweigen zu bringen." lvl="1"/>
        <rank description="Gewährt Eurer Fähigkeit 'Tritt' eine Chance von 100%, das Ziel 2 Sek. lang zum Schweigen zu bringen." lvl="2"/>
      </talent>
      <talent column="1" icon="ability_rogue_sprint" key="222" name="Verbessertes Sprinten" tier="3">
        <rank description="Verleiht eine Chance von 50%, alle bewegungseinschränkenden Effekte zu entfernen, wenn Ihr die Fähigkeit 'Sprinten' aktiviert." lvl="1"/>
        <rank description="Verleiht eine Chance von 100%, alle bewegungseinschränkenden Effekte zu entfernen, wenn Ihr die Fähigkeit 'Sprinten' aktiviert." lvl="2"/>
      </talent>
      <talent column="2" icon="spell_nature_invisibilty" key="186" name="Blitzartige Reflexe" tier="3">
        <rank description="Erhöht Eure Ausweichchance um 2% und gewährt Euch 4% Nahkampfangriffstempo." lvl="1"/>
        <rank description="Erhöht Eure Ausweichchance um 4% und gewährt Euch 7% Nahkampfangriffstempo." lvl="2"/>
        <rank description="Erhöht Eure Ausweichchance um 6% und gewährt Euch 10% Nahkampfangriffstempo." lvl="3"/>
      </talent>
      <talent column="3" icon="ability_racial_avatar" key="1122" name="Aggression" tier="3">
        <rank description="Erhöht den Schaden Eurer Fähigkeiten 'Finsterer Stoß', 'Meucheln' und 'Ausweiden' um 3%." lvl="1"/>
        <rank description="Erhöht den Schaden Eurer Fähigkeiten 'Finsterer Stoß', 'Meucheln' und 'Ausweiden' um 6%." lvl="2"/>
        <rank description="Erhöht den Schaden Eurer Fähigkeiten 'Finsterer Stoß', 'Meucheln' und 'Ausweiden' um 9%." lvl="3"/>
        <rank description="Erhöht den Schaden Eurer Fähigkeiten 'Finsterer Stoß', 'Meucheln' und 'Ausweiden' um 12%." lvl="4"/>
        <rank description="Erhöht den Schaden Eurer Fähigkeiten 'Finsterer Stoß', 'Meucheln' und 'Ausweiden' um 15%." lvl="5"/>
      </talent>
      <talent column="0" icon="inv_mace_01" key="184" name="Streitkolben-Spezialisierung" tier="4">
        <rank description="Eure Angriffe mit Streitkolben ignorieren bis zu 3% der Rüstung Eures Feindes." lvl="1"/>
        <rank description="Eure Angriffe mit Streitkolben ignorieren bis zu 6% der Rüstung Eures Feindes." lvl="2"/>
        <rank description="Eure Angriffe mit Streitkolben ignorieren bis zu 9% der Rüstung Eures Feindes." lvl="3"/>
        <rank description="Eure Angriffe mit Streitkolben ignorieren bis zu 12% der Rüstung Eures Feindes." lvl="4"/>
        <rank description="Eure Angriffe mit Streitkolben ignorieren bis zu 15% der Rüstung Eures Feindes." lvl="5"/>
      </talent>
      <talent column="1" icon="ability_warrior_punishingblow" key="223" name="Klingenwirbel" tier="4">
        <rank description="Erhöht Euer Angriffstempo um 20%. Zusätzlich treffen Angriffe einen weiteren in der Nähe befindlichen Gegner. Hält 15 Sek. lang an." lvl="1"/>
        <spell castTime="0" cooldown="120000">
          <power cost="25" type="energy"/>
        </spell>
      </talent>
      <talent column="2" icon="inv_sword_27" key="242" name="Niedermetzeln" tier="4">
        <rank description="Gewährt Euch eine Chance von 1%, einen zusätzlichen Angriff auf das gleiche Ziel zu erhalten, nachdem Ihr mit Eurem Schwert oder Eurer Axt einen Treffer erzielt habt." lvl="1"/>
        <rank description="Gewährt Euch eine Chance von 2%, einen zusätzlichen Angriff auf das gleiche Ziel zu erhalten, nachdem Ihr mit Eurem Schwert oder Eurer Axt einen Treffer erzielt habt." lvl="2"/>
        <rank description="Gewährt Euch eine Chance von 3%, einen zusätzlichen Angriff auf das gleiche Ziel zu erhalten, nachdem Ihr mit Eurem Schwert oder Eurer Axt einen Treffer erzielt habt." lvl="3"/>
        <rank description="Gewährt Euch eine Chance von 4%, einen zusätzlichen Angriff auf das gleiche Ziel zu erhalten, nachdem Ihr mit Eurem Schwert oder Eurer Axt einen Treffer erzielt habt." lvl="4"/>
        <rank description="Gewährt Euch eine Chance von 5%, einen zusätzlichen Angriff auf das gleiche Ziel zu erhalten, nachdem Ihr mit Eurem Schwert oder Eurer Axt einen Treffer erzielt habt." lvl="5"/>
      </talent>
      <talent column="1" icon="spell_holy_blessingofstrength" key="1703" name="Waffenexperte" requires="223" tier="5">
        <rank description="Erhöht Eure Waffenkunde um 5." lvl="1"/>
        <rank description="Erhöht Eure Waffenkunde um 10." lvl="2"/>
      </talent>
      <talent column="2" icon="ability_rogue_bladetwisting" key="1706" name="Klingenwendung" tier="5">
        <rank description="Erhöht den verursachten Schaden von 'Finsterer Stoß' und 'Meucheln' um 5% und Eure Schaden verursachenden Nahkampfangriffe haben eine Chance von 10%, das Ziel 4 Sek. lang benommen zu machen." lvl="1"/>
        <rank description="Erhöht den verursachten Schaden von 'Finsterer Stoß' und 'Meucheln' um 10% und Eure Schaden verursachenden Nahkampfangriffe haben eine Chance von 10%, das Ziel 8 Sek. lang benommen zu machen." lvl="2"/>
      </talent>
      <talent column="0" icon="ability_warrior_revenge" key="1705" name="Vitalität" tier="6">
        <rank description="Erhöht Eure Energieregenerationsrate um 8%." lvl="1"/>
        <rank description="Erhöht Eure Energieregenerationsrate um 16%." lvl="2"/>
        <rank description="Erhöht Eure Energieregenerationsrate um 25%." lvl="3"/>
      </talent>
      <talent column="1" icon="spell_shadow_shadowworddominate" key="205" name="Adrenalinrausch" tier="6">
        <rank description="Erhöht Eure Energieregenerationsrate 15 Sek. lang um 100%." lvl="1"/>
        <spell castTime="0" cooldown="180000"/>
      </talent>
      <talent column="2" icon="ability_rogue_nervesofsteel" key="1707" name="Nerven aus Stahl" tier="6">
        <rank description="Verringert Euren erlittenen Schaden, während Ihr unter dem Effekt von Betäubungs- und Furchteffekten steht um 15%." lvl="1"/>
        <rank description="Verringert Euren erlittenen Schaden, während Ihr unter dem Effekt von Betäubungs- und Furchteffekten steht um 30%." lvl="2"/>
      </talent>
      <talent column="0" icon="ability_rogue_throwingspecialization" key="2072" name="Wurfspezialisierung" tier="7">
        <rank description="Erhöht die Reichweite von 'Werfen' und 'Tödlicher Wurf' um 2 Meter und verleiht 'Tödlicher Wurf' eine Chance von 50%, das Ziel 3 Sek. lang zu unterbrechen." lvl="1"/>
        <rank description="Erhöht die Reichweite von 'Werfen' und 'Tödlicher Wurf' um 4 Meter und verleiht 'Tödlicher Wurf' eine Chance von 100%, das Ziel 3 Sek. lang zu unterbrechen." lvl="2"/>
      </talent>
      <talent column="2" icon="inv_weapon_shortblade_38" key="1825" name="Kampfkraft" tier="7">
        <rank description="Gewährt Euren erfolgreichen Nahkampfangriffen mit der Schildhand eine Chance von 20%, 3 Energie zu erzeugen." lvl="1"/>
        <rank description="Gewährt Euren erfolgreichen Nahkampfangriffen mit der Schildhand eine Chance von 20%, 6 Energie zu erzeugen." lvl="2"/>
        <rank description="Gewährt Euren erfolgreichen Nahkampfangriffen mit der Schildhand eine Chance von 20%, 9 Energie zu erzeugen." lvl="3"/>
        <rank description="Gewährt Euren erfolgreichen Nahkampfangriffen mit der Schildhand eine Chance von 20%, 12 Energie zu erzeugen." lvl="4"/>
        <rank description="Gewährt Euren erfolgreichen Nahkampfangriffen mit der Schildhand eine Chance von 20%, 15 Energie zu erzeugen." lvl="5"/>
      </talent>
      <talent column="0" icon="ability_rogue_unfairadvantage" key="2073" name="Unfairer Vorteil" tier="8">
        <rank description="Weicht Ihr einem Angriff aus, gewinnt Ihr einen unfairen Vorteil und schlagt umgehend zurück. Verursacht 50% des Schadens Eurer Waffenhandwaffe. Dieser Effekt kann nur einmal pro Sekunde auftreten." lvl="1"/>
        <rank description="Weicht Ihr einem Angriff aus, gewinnt Ihr einen unfairen Vorteil und schlagt umgehend zurück. Verursacht 100% des Schadens Eurer Waffenhandwaffe. Dieser Effekt kann nur einmal pro Sekunde auftreten." lvl="2"/>
      </talent>
      <talent column="1" icon="ability_rogue_surpriseattack" key="1709" name="Überraschungsangriffe" requires="205" tier="8">
        <rank description="Euren Finishing-Moves kann nicht mehr ausgewichen werden. Der durch Eure Fähigkeiten 'Finsterer Stoß', 'Meucheln', 'Tückische Klinge', 'Blutsturz' und 'Solarplexus' verursachte Schaden wird um 10% erhöht." lvl="1"/>
      </talent>
      <talent column="2" icon="ability_creature_disease_03" key="2074" name="Grausamer Kampf" tier="8">
        <rank description="Erhöht Eure gesamte Angriffskraft um 2% und jeglicher körperliche Schaden an Gegnern, die von Euch vergiftet wurden, wird um 2% erhöht." lvl="1"/>
        <rank description="Erhöht Eure gesamte Angriffskraft um 4% und jeglicher körperliche Schaden an Gegnern, die von Euch vergiftet wurden, wird um 4% erhöht." lvl="2"/>
      </talent>
      <talent column="1" icon="ability_rogue_preyontheweak" key="2075" name="Die Schwachen ausbeuten" tier="9">
        <rank description="Euer kritischer Schaden wird um 4% erhöht, wenn das Ziel über weniger Gesundheit verfügt, als Ihr (Prozentsatz der gesamten Gesundheit)." lvl="1"/>
        <rank description="Euer kritischer Schaden wird um 8% erhöht, wenn das Ziel über weniger Gesundheit verfügt, als Ihr (Prozentsatz der gesamten Gesundheit)." lvl="2"/>
        <rank description="Euer kritischer Schaden wird um 12% erhöht, wenn das Ziel über weniger Gesundheit verfügt, als Ihr (Prozentsatz der gesamten Gesundheit)." lvl="3"/>
        <rank description="Euer kritischer Schaden wird um 16% erhöht, wenn das Ziel über weniger Gesundheit verfügt, als Ihr (Prozentsatz der gesamten Gesundheit)." lvl="4"/>
        <rank description="Euer kritischer Schaden wird um 20% erhöht, wenn das Ziel über weniger Gesundheit verfügt, als Ihr (Prozentsatz der gesamten Gesundheit)." lvl="5"/>
      </talent>
      <talent column="1" icon="ability_rogue_murderspree" key="2076" name="Mordlust" tier="10">
        <rank description="Taucht in die Schatten und springt von Gegner zu Gegner innerhalb von 10 Metern und greift einen Feind mit beiden Waffen alle 0,5 Sek. an, bis 5 Angriffe vollführt wurden. Während der Effekt anhält, ist der verursachte Schaden um 20% erhöht. Das gleiche Ziel kann mehrmals getroffen werden. Unsichtbare oder verstohlene Ziele können nicht getroffen werden." lvl="1"/>
        <spell castTime="0" cooldown="120000" maxRange="10"/>
      </talent>
    </tree>
    <tree bgImage="RogueSubtlety" icon="ability_stealth" key="Subtlety" name="Täuschung" order="2">
      <talent column="0" icon="ability_warrior_decisivestrike" key="2244" name="Unerbittliche Stöße" tier="0">
        <rank description="Gewährt Euren Finishing-Moves eine Chance von 4% je Combopunkt, 25 Energie wiederherzustellen." lvl="1"/>
        <rank description="Gewährt Euren Finishing-Moves eine Chance von 8% je Combopunkt, 25 Energie wiederherzustellen." lvl="2"/>
        <rank description="Gewährt Euren Finishing-Moves eine Chance von 12% je Combopunkt, 25 Energie wiederherzustellen." lvl="3"/>
        <rank description="Gewährt Euren Finishing-Moves eine Chance von 16% je Combopunkt, 25 Energie wiederherzustellen." lvl="4"/>
        <rank description="Gewährt Euren Finishing-Moves eine Chance von 20% je Combopunkt, 25 Energie wiederherzustellen." lvl="5"/>
      </talent>
      <talent column="1" icon="spell_shadow_charm" key="241" name="Meister der Täuschung" tier="0">
        <rank description="Verringert die Chance der Feinde, Euch zu entdecken, während Ihr Euch im Verstohlenheitsmodus befindet." lvl="1"/>
        <rank description="Verringert die Chance der Feinde, Euch zu entdecken, während Ihr Euch im Verstohlenheitsmodus befindet. Wirkungsvoller als 'Meister der Täuschung' (Rang 1)." lvl="2"/>
        <rank description="Verringert die Chance der Feinde, Euch zu entdecken, während Ihr Euch im Verstohlenheitsmodus befindet. Wirkungsvoller als 'Meister der Täuschung' (Rang 2)." lvl="3"/>
      </talent>
      <talent column="2" icon="ability_warrior_warcry" key="261" name="Günstige Gelegenheit" tier="0">
        <rank description="Erhöht den Schaden Eurer Fähigkeiten 'Meucheln', 'Verstümmeln, 'Erdrosseln' und 'Hinterhalt' um 10%." lvl="1"/>
        <rank description="Erhöht den Schaden Eurer Fähigkeiten 'Meucheln', 'Verstümmeln, 'Erdrosseln' und 'Hinterhalt' um 20%." lvl="2"/>
      </talent>
      <talent column="0" icon="ability_rogue_feint" key="1700" name="Kunstgriff" tier="1">
        <rank description="Die Bedrohungsverringerung Eurer Fähigkeit 'Finte' wird um 10% verbessert und die Chance, dass Ihr einen kritischen Treffer durch Nahkampf- oder Distanzangriffe erleidet, um 1% verringert." lvl="1"/>
        <rank description="Die Bedrohungsverringerung Eurer Fähigkeit 'Finte' wird um 20% verbessert und die Chance, dass Ihr einen kritischen Treffer durch Nahkampf- oder Distanzangriffe erleidet, um 2% verringert." lvl="2"/>
      </talent>
      <talent column="1" icon="ability_sap" key="262" name="Faule Tricks" tier="1">
        <rank description="Erhöht die Reichweite Eurer Fähigkeiten 'Kopfnuss' und 'Blenden' um 2 Meter und verringert die Energiekosten von 'Kopfnuss' und 'Blenden' um 25%." lvl="1"/>
        <rank description="Erhöht die Reichweite Eurer Fähigkeiten 'Kopfnuss' und 'Blenden' um 5 Meter und verringert die Energiekosten von 'Kopfnuss' und 'Blenden' um 50%." lvl="2"/>
      </talent>
      <talent column="2" icon="ability_stealth" key="244" name="Tarnung" tier="1">
        <rank description="Erhöht Euer Tempo im Verstohlenheitszustand um 5% und verringert die Abklingzeit Eurer Fähigkeit 'Verstohlenheit' um 2 Sek." lvl="1"/>
        <rank description="Erhöht Euer Tempo im Verstohlenheitszustand um 10% und verringert die Abklingzeit Eurer Fähigkeit 'Verstohlenheit' um 4 Sek." lvl="2"/>
        <rank description="Erhöht Euer Tempo im Verstohlenheitszustand um 15% und verringert die Abklingzeit Eurer Fähigkeit 'Verstohlenheit' um 6 Sek." lvl="3"/>
      </talent>
      <talent column="0" icon="spell_magic_lesserinvisibilty" key="247" name="Flüchtigkeit" tier="2">
        <rank description="Verringert die Abklingzeit Eurer Fähigkeiten 'Verschwinden' und 'Blenden' um 30 Sek. und die Abklingzeit von 'Mantel der Schatten' um 15 Sek." lvl="1"/>
        <rank description="Verringert die Abklingzeit Eurer Fähigkeiten 'Verschwinden' und 'Blenden' um 60 Sek. und die Abklingzeit von 'Mantel der Schatten' um 30 Sek." lvl="2"/>
      </talent>
      <talent column="1" icon="spell_shadow_curse" key="303" name="Geisterhafter Stoß" tier="2">
        <rank description="Ein Stoß, der 125% Waffenschaden (oder bei Ausrüstung mit einem Dolch 180% Waffenschaden) verursacht und Eure Ausweichchance 7 Sek. lang um 15% erhöht. Gewährt 1 Combopunkt." lvl="1"/>
        <spell castTime="0" cooldown="20000" maxRange="5">
          <power cost="40" type="energy"/>
        </spell>
      </talent>
      <talent column="2" icon="inv_sword_17" key="1123" name="Gezahnte Klingen" tier="2">
        <rank description="Eure Angriffe ignorieren bis zu 3% Rüstung Eures Ziels. Zudem wird der von Eurer Fähigkeit 'Blutung' verursachte Schaden um 10% erhöht." lvl="1"/>
        <rank description="Eure Angriffe ignorieren bis zu 6% Rüstung Eures Ziels. Zudem wird der von Eurer Fähigkeit 'Blutung' verursachte Schaden um 20% erhöht." lvl="2"/>
        <rank description="Eure Angriffe ignorieren bis zu 9% Rüstung Eures Ziels. Zudem wird der von Eurer Fähigkeit 'Blutung' verursachte Schaden um 30% erhöht." lvl="3"/>
      </talent>
      <talent column="0" icon="spell_nature_mirrorimage" key="246" name="Reinlegen" tier="3">
        <rank description="Gewährt Euch eine Chance von 33%, Eurem Ziel einen Combopunkt hinzuzufügen, nachdem Ihr dessen Angriff ausgewichen seid oder einem seiner Zauber vollständig widerstanden habt. Dieser Effekt kann nicht öfter als einmal pro Sekunde auftreten." lvl="1"/>
        <rank description="Gewährt Euch eine Chance von 66%, Eurem Ziel einen Combopunkt hinzuzufügen, nachdem Ihr dessen Angriff ausgewichen seid oder einem seiner Zauber vollständig widerstanden habt. Dieser Effekt kann nicht öfter als einmal pro Sekunde auftreten." lvl="2"/>
        <rank description="Gewährt Euch eine Chance von 100%, Eurem Ziel einen Combopunkt hinzuzufügen, nachdem Ihr dessen Angriff ausgewichen seid oder einem seiner Zauber vollständig widerstanden habt. Dieser Effekt kann nicht öfter als einmal pro Sekunde auftreten." lvl="3"/>
      </talent>
      <talent column="1" icon="spell_shadow_fumble" key="245" name="Initiative" tier="3">
        <rank description="Gibt Euch eine Chance von 33%, Eurem Ziel einen weiteren Combopunkt hinzuzufügen, wenn Ihr Eure Fähigkeiten 'Hinterhalt', 'Erdrosseln' oder 'Fieser Trick' benutzt." lvl="1"/>
        <rank description="Gibt Euch eine Chance von 66%, Eurem Ziel einen weiteren Combopunkt hinzuzufügen, wenn Ihr Eure Fähigkeiten 'Hinterhalt', 'Erdrosseln' oder 'Fieser Trick' benutzt." lvl="2"/>
        <rank description="Gibt Euch eine Chance von 100%, Eurem Ziel einen weiteren Combopunkt hinzuzufügen, wenn Ihr Eure Fähigkeiten 'Hinterhalt', 'Erdrosseln' oder 'Fieser Trick' benutzt." lvl="3"/>
      </talent>
      <talent column="2" icon="ability_rogue_ambush" key="263" name="Verbesserter Hinterhalt" tier="3">
        <rank description="Erhöht die Chance auf einen kritischen Treffer Eurer Fähigkeit 'Hinterhalt' um 25%." lvl="1"/>
        <rank description="Erhöht die Chance auf einen kritischen Treffer Eurer Fähigkeit 'Hinterhalt' um 50%." lvl="2"/>
      </talent>
      <talent column="0" icon="ability_ambush" key="1701" name="Geschärfte Sinne" tier="4">
        <rank description="Erhöht Eure Verstohlenheitsentdeckung und verringert die Chance, dass Ihr von Zaubern und Distanzangriffen getroffen werdet, um 2%." lvl="1"/>
        <rank description="Erhöht Eure Verstohlenheitsentdeckung und verringert die Chance, dass Ihr von Zaubern und Distanzangriffen getroffen werdet, um 4%. Effektiver als 'Geschärfte Sinne' (Rang 1)." lvl="2"/>
      </talent>
      <talent column="1" icon="spell_shadow_antishadow" key="284" name="Vorbereitung" tier="4">
        <rank description="Bei Aktivierung schließt diese Fähigkeit die Abklingzeit Eurer Fähigkeiten 'Entrinnen', 'Sprinten', 'Verschwinden', 'Kaltblütigkeit' und 'Schattenschritt' sofort ab." lvl="1"/>
        <spell castTime="0" cooldown="480000"/>
      </talent>
      <talent column="2" icon="spell_shadow_summonsuccubus" key="265" name="Gemeinheiten" tier="4">
        <rank description="Verringert die Energiekosten Eurer Fähigkeiten 'Fieser Trick' und 'Erdrosseln' um 10. Zusätzlich verursachen Eure Spezialfähigkeiten 10% mehr Schaden gegen Ziele mit weniger als 35% Gesundheit." lvl="1"/>
        <rank description="Verringert die Energiekosten Eurer Fähigkeiten 'Fieser Trick' und 'Erdrosseln' um 20. Zusätzlich verursachen Eure Spezialfähigkeiten 20% mehr Schaden gegen Ziele mit weniger als 35% Gesundheit." lvl="2"/>
      </talent>
      <talent column="3" icon="spell_shadow_lifedrain" key="681" name="Blutsturz" requires="1123" tier="4">
        <rank description="Ein sofortiger Stoß, der 110% Waffenschaden (oder bei Ausrüstung mit einem Dolch 160% Waffenschaden) sowie einen Blutsturz beim Ziel verursacht und so den dem Ziel zugefügten körperlichen Schaden um bis zu 13 erhöht. Hält 10 Aufladungen oder 15 Sek. lang an. Gewährt 1 Combopunkt." lvl="1"/>
        <spell castTime="0" maxRange="5">
          <power cost="35" type="energy"/>
        </spell>
      </talent>
      <talent column="0" icon="ability_rogue_masterofsubtlety" key="1713" name="Meister des hinterhältigen Angriffs" tier="5">
        <rank description="Angriffe, die aus dem Verstohlenheitsmodus und bis zu 6 Sekunden nach Verlassen des Verstohlenheitsmodus ausgeführt werden, verursachen 4% zusätzlichen Schaden." lvl="1"/>
        <rank description="Angriffe, die aus dem Verstohlenheitsmodus und bis zu 6 Sekunden nach Verlassen des Verstohlenheitsmodus ausgeführt werden, verursachen 7% zusätzlichen Schaden." lvl="2"/>
        <rank description="Angriffe, die aus dem Verstohlenheitsmodus und bis zu 6 Sekunden nach Verlassen des Verstohlenheitsmodus ausgeführt werden, verursachen 10% zusätzlichen Schaden." lvl="3"/>
      </talent>
      <talent column="2" icon="inv_weapon_crossbow_11" key="1702" name="Todbringer" tier="5">
        <rank description="Erhöht Eure Angriffskraft um 2%." lvl="1"/>
        <rank description="Erhöht Eure Angriffskraft um 4%." lvl="2"/>
        <rank description="Erhöht Eure Angriffskraft um 6%." lvl="3"/>
        <rank description="Erhöht Eure Angriffskraft um 8%." lvl="4"/>
        <rank description="Erhöht Eure Angriffskraft um 10%." lvl="5"/>
      </talent>
      <talent column="0" icon="ability_rogue_envelopingshadows" key="1711" name="Verhüllende Schatten" tier="6">
        <rank description="Verringert den erlittenen Schaden durch Effekte, die auf ein Gebiet wirken, um 10%." lvl="1"/>
        <rank description="Verringert den erlittenen Schaden durch Effekte, die auf ein Gebiet wirken, um 20%." lvl="2"/>
        <rank description="Verringert den erlittenen Schaden durch Effekte, die auf ein Gebiet wirken, um 30%." lvl="3"/>
      </talent>
      <talent column="1" icon="spell_shadow_possession" key="381" name="Konzentration" requires="284" tier="6">
        <rank description="Bei Benutzung werden Eurem Ziel 2 Combopunkte hinzugefügt. Wenn auf diese Weise erhaltene Combopunkte nicht innerhalb von 20 Sek. verbraucht oder weitere hinzugefügt werden, gehen die Combopunkte verloren." lvl="1"/>
        <spell castTime="0" cooldown="20000" maxRange="30"/>
      </talent>
      <talent column="2" icon="ability_rogue_cheatdeath" key="1722" name="Von der Schippe springen" tier="6">
        <rank description="Ihr verfügt über eine Chance von 33%, dass ein Angriff, der Euch töten würde, Eure Gesundheit lediglich auf 10% verringert und Euer erlittener Schaden 3 Sek. lang um 90% verringert wird (modifiziert durch Abhärtung). Dieser Effekt kann nicht öfter als einmal pro Minute auftreten." lvl="1"/>
        <rank description="Ihr verfügt über eine Chance von 66%, dass ein Angriff, der Euch töten würde, Eure Gesundheit lediglich auf 10% verringert und Euer erlittener Schaden 3 Sek. lang um 90% verringert wird (modifiziert durch Abhärtung). Dieser Effekt kann nicht öfter als einmal pro Minute auftreten." lvl="2"/>
        <rank description="Ihr verfügt über eine Chance von 100%, dass ein Angriff, der Euch töten würde, Eure Gesundheit lediglich auf 10% verringert und Euer erlittener Schaden 3 Sek. lang um 90% verringert wird (modifiziert durch Abhärtung). Dieser Effekt kann nicht öfter als einmal pro Minute auftreten." lvl="3"/>
      </talent>
      <talent column="1" icon="ability_rogue_sinistercalling" key="1712" name="Finstere Berufung" requires="381" tier="7">
        <rank description="Erhöht Eure gesamte Beweglichkeit um 3% und den prozentualen Schadensbonus von 'Meucheln' und 'Blutsturz' um zusätzliche 2%." lvl="1"/>
        <rank description="Erhöht Eure gesamte Beweglichkeit um 6% und den prozentualen Schadensbonus von 'Meucheln' und 'Blutsturz' um zusätzliche 4%." lvl="2"/>
        <rank description="Erhöht Eure gesamte Beweglichkeit um 9% und den prozentualen Schadensbonus von 'Meucheln' und 'Blutsturz' um zusätzliche 6%." lvl="3"/>
        <rank description="Erhöht Eure gesamte Beweglichkeit um 12% und den prozentualen Schadensbonus von 'Meucheln' und 'Blutsturz' um zusätzliche 8%." lvl="4"/>
        <rank description="Erhöht Eure gesamte Beweglichkeit um 15% und den prozentualen Schadensbonus von 'Meucheln' und 'Blutsturz' um zusätzliche 10%." lvl="5"/>
      </talent>
      <talent column="2" icon="ability_rogue_waylay" key="2077" name="Wegelagerei" tier="7">
        <rank description="Die Treffer Eurer Fähigkeiten 'Hinterhalt' und 'Meucheln' haben eine Chance von 50%, das Ziel aus dem Gleichgewicht zu bringen und die Zeit zwischen den Nah- und Distanzangriffen um 20% zu erhöhen sowie sein Bewegungstempo um 50% zu verringern. Hält 8 Sek. lang an." lvl="1"/>
        <rank description="Die Treffer Eurer Fähigkeiten 'Hinterhalt' und 'Meucheln' haben eine Chance von 100%, das Ziel aus dem Gleichgewicht zu bringen und die Zeit zwischen den Nah- und Distanzangriffen um 20% zu erhöhen sowie sein Bewegungstempo um 50% zu verringern. Hält 8 Sek. lang an." lvl="2"/>
      </talent>
      <talent column="0" icon="ability_rogue_honoramongstthieves" key="2078" name="Ehre unter Dieben" tier="8">
        <rank description="Erzielt eines Eurer Gruppenmitglieder mit einer Fähigkeit, einem Schadens- oder Heilzauber einen kritischen Treffer, habt Ihr eine Chance von 33%, einen zusätzlichen Combopunkt auf Eurem aktuellen Ziel dazuzugewinnen. Dieser Effekt kann nur einmal pro Sekunde auftreten." lvl="1"/>
        <rank description="Erzielt eines Eurer Gruppenmitglieder mit einer Fähigkeit, einem Schadens- oder Heilzauber einen kritischen Treffer, habt Ihr eine Chance von 66%, einen zusätzlichen Combopunkt auf Eurem aktuellen Ziel dazuzugewinnen. Dieser Effekt kann nur einmal pro Sekunde auftreten." lvl="2"/>
        <rank description="Erzielt eines Eurer Gruppenmitglieder mit einer Fähigkeit, einem Schadens- oder Heilzauber einen kritischen Treffer, habt Ihr eine Chance von 100%, einen zusätzlichen Combopunkt auf Eurem aktuellen Ziel dazuzugewinnen. Dieser Effekt kann nur einmal pro Sekunde auftreten." lvl="3"/>
      </talent>
      <talent column="1" icon="ability_rogue_shadowstep" key="1714" name="Schattenschritt" tier="8">
        <rank description="Versucht, in die Schatten zu tauchen, um hinter dem Gegner zu erscheinen, und erhöht das Bewegungstempo 3 Sek. lang um 70%. Der Schaden Eurer nächsten Fähigkeit wird um 20% erhöht und die dabei erzeugte Bedrohung um 50% verringert. Hält 10 Sek. lang an." lvl="1"/>
        <spell castTime="0" cooldown="30000" maxRange="25">
          <power cost="10" type="energy"/>
        </spell>
      </talent>
      <talent column="2" icon="ability_rogue_wrongfullyaccused" key="2079" name="Schmutzige Tricks" tier="8">
        <rank description="Verringert die Abklingzeit Eurer Fähigkeiten 'Schurkenhandel', 'Ablenken' und 'Schattenschritt' um 5 Sek. sowie ihre Energiekosten um 5. Zudem wird die Abklingzeit von 'Vorbereitung' um 1.5 Min. verringert." lvl="1"/>
        <rank description="Verringert die Abklingzeit Eurer Fähigkeiten 'Schurkenhandel', 'Ablenken' und 'Schattenschritt' um 10 Sek. sowie ihre Energiekosten um 10. Zudem wird die Abklingzeit von 'Vorbereitung' um 3 Min. verringert." lvl="2"/>
      </talent>
      <talent column="1" icon="ability_rogue_slaughterfromtheshadows" key="2080" name="Hinterhältiger Mord" tier="9">
        <rank description="Verringert die Energiekosten Eurer Fähigkeiten 'Meucheln' und 'Hinterhalt' um 4 und die Energiekosten von 'Blutsturz' um 1. Erhöht zudem jeglichen verursachten Schaden um 1." lvl="1"/>
        <rank description="Verringert die Energiekosten Eurer Fähigkeiten 'Meucheln' und 'Hinterhalt' um 8 und die Energiekosten von 'Blutsturz' um 2. Erhöht zudem jeglichen verursachten Schaden um 2." lvl="2"/>
        <rank description="Verringert die Energiekosten Eurer Fähigkeiten 'Meucheln' und 'Hinterhalt' um 12 und die Energiekosten von 'Blutsturz' um 3. Erhöht zudem jeglichen verursachten Schaden um 3." lvl="3"/>
        <rank description="Verringert die Energiekosten Eurer Fähigkeiten 'Meucheln' und 'Hinterhalt' um 16 und die Energiekosten von 'Blutsturz' um 4. Erhöht zudem jeglichen verursachten Schaden um 4." lvl="4"/>
        <rank description="Verringert die Energiekosten Eurer Fähigkeiten 'Meucheln' und 'Hinterhalt' um 20 und die Energiekosten von 'Blutsturz' um 5. Erhöht zudem jeglichen verursachten Schaden um 5." lvl="5"/>
      </talent>
      <talent column="1" icon="ability_rogue_shadowdance" key="2081" name="Schattentanz" tier="10">
        <rank description="Beginnt den Schattentanz, durch den 6 Sek. lang 'Kopfnuss', 'Erdrosseln', 'Hinterhalt', 'Fieser Trick', 'Konzentration', 'Taschendiebstahl' und 'Falle entschärfen' unabhängig von Verstohlenheit angewendet werden können." lvl="1"/>
        <spell castTime="0" cooldown="60000"/>
      </talent>
    </tree>
    <tree bgImage="RogueAssassination" icon="ability_rogue_eviscerate" key="Assassination" name="Meucheln" order="0">
      <talent column="0" icon="ability_rogue_eviscerate" key="276" name="Verbessertes Ausweiden" tier="0">
        <rank description="Erhöht den von Eurer Fähigkeit 'Ausweiden' verursachten Schaden um 7%." lvl="1"/>
        <rank description="Erhöht den von Eurer Fähigkeit 'Ausweiden' verursachten Schaden um 14%." lvl="2"/>
        <rank description="Erhöht den von Eurer Fähigkeit 'Ausweiden' verursachten Schaden um 20%." lvl="3"/>
      </talent>
      <talent column="1" icon="ability_fiegndead" key="272" name="Gnadenlose Angriffe" tier="0">
        <rank description="Nachdem ein Gegner getötet wurde, der Erfahrung oder Ehre gewährt, erhaltet Ihr eine 20% höhere Chance auf einen kritischen Treffer bei Eurem nächsten 'Finsteren Stoß', 'Blutsturz', 'Meucheln', 'Verstümmeln', 'Hinterhalt' oder 'Geisterhaften Stoß'. Hält 20 Sek. lang an." lvl="1"/>
        <rank description="Nachdem ein Gegner getötet wurde, der Erfahrung oder Ehre gewährt, erhaltet Ihr eine 40% höhere Chance auf einen kritischen Treffer bei Eurem nächsten 'Finsteren Stoß', 'Blutsturz', 'Meucheln', 'Verstümmeln', 'Hinterhalt' oder 'Geisterhaften Stoß'. Hält 20 Sek. lang an." lvl="2"/>
      </talent>
      <talent column="2" icon="ability_racial_bloodrage" key="270" name="Tücke" tier="0">
        <rank description="Erhöht Eure Chance auf einen kritischen Treffer um 1%." lvl="1"/>
        <rank description="Erhöht Eure Chance auf einen kritischen Treffer um 2%." lvl="2"/>
        <rank description="Erhöht Eure Chance auf einen kritischen Treffer um 3%." lvl="3"/>
        <rank description="Erhöht Eure Chance auf einen kritischen Treffer um 4%." lvl="4"/>
        <rank description="Erhöht Eure Chance auf einen kritischen Treffer um 5%." lvl="5"/>
      </talent>
      <talent column="0" icon="ability_druid_disembowel" key="273" name="Skrupellosigkeit" tier="1">
        <rank description="Gewährt Euren Nahkampf-Finishing-Moves eine Chance von 20%, Eurem Ziel einen Combopunkt hinzuzufügen." lvl="1"/>
        <rank description="Gewährt Euren Nahkampf-Finishing-Moves eine Chance von 40%, Eurem Ziel einen Combopunkt hinzuzufügen." lvl="2"/>
        <rank description="Gewährt Euren Nahkampf-Finishing-Moves eine Chance von 60%, Eurem Ziel einen Combopunkt hinzuzufügen." lvl="3"/>
      </talent>
      <talent column="1" icon="ability_rogue_bloodsplatter" key="2068" name="Blut vergießen" tier="1">
        <rank description="Erhöht den Schaden Eurer Fähigkeiten 'Erdrosseln' und 'Blutung' um 15%." lvl="1"/>
        <rank description="Erhöht den Schaden Eurer Fähigkeiten 'Erdrosseln' und 'Blutung' um 30%." lvl="2"/>
      </talent>
      <talent column="3" icon="ability_backstab" key="277" name="Stichwunden" tier="1">
        <rank description="Erhöht die Chance auf einen kritischen Treffer Eurer Fähigkeit 'Meucheln' um 10% und die Chance auf einen kritischen Treffer Eurer Fähigkeit 'Verstümmeln' um 5%." lvl="1"/>
        <rank description="Erhöht die Chance auf einen kritischen Treffer Eurer Fähigkeit 'Meucheln' um 20% und die Chance auf einen kritischen Treffer Eurer Fähigkeit 'Verstümmeln' um 10%." lvl="2"/>
        <rank description="Erhöht die Chance auf einen kritischen Treffer Eurer Fähigkeit 'Meucheln' um 30% und die Chance auf einen kritischen Treffer Eurer Fähigkeit 'Verstümmeln' um 15%." lvl="3"/>
      </talent>
      <talent column="0" icon="spell_nature_earthbindtotem" key="382" name="Lebenskraft" tier="2">
        <rank description="Erhöht Eure maximale Energie um 10." lvl="1"/>
      </talent>
      <talent column="1" icon="ability_warrior_riposte" key="278" name="Verbessertes Rüstung schwächen" tier="2">
        <rank description="Verringert die Energiekosten Eurer Fähigkeit 'Rüstung schwächen' um 5." lvl="1"/>
        <rank description="Verringert die Energiekosten Eurer Fähigkeit 'Rüstung schwächen' um 10." lvl="2"/>
      </talent>
      <talent column="2" icon="ability_criticalstrike" key="269" name="Tödlichkeit" requires="270" tier="2">
        <rank description="Erhöht den kritischen Schadensbonus aller Eurer Fähigkeiten, die Combopunkte erzeugen, jedoch keine Verstohlenheit benötigen, um 6%." lvl="1"/>
        <rank description="Erhöht den kritischen Schadensbonus aller Eurer Fähigkeiten, die Combopunkte erzeugen und keine Verstohlenheit benötigen, um 12%." lvl="2"/>
        <rank description="Erhöht den kritischen Schadensbonus aller Eurer Angriffe, die Combopunkte erzeugen und keine Verstohlenheit benötigen, um 18%." lvl="3"/>
        <rank description="Erhöht den kritischen Schadensbonus aller Eurer Angriffe, die Combopunkte erzeugen und keine Verstohlenheit benötigen, um 24%." lvl="4"/>
        <rank description="Erhöht den kritischen Schadensbonus aller Eurer Angriffe, die Combopunkte erzeugen und keine Verstohlenheit benötigen, um 30%." lvl="5"/>
      </talent>
      <talent column="1" icon="ability_rogue_feigndeath" key="682" name="Üble Gifte" tier="3">
        <rank description="Erhöht den von Euren Giften und der Fähigkeit 'Vergiften' angerichteten Schaden um 7% und verleiht Euren Giften, die Schaden im Laufe der Zeit verursachen, eine Chance von zusätzlichen 10%, Banneffekten zu widerstehen." lvl="1"/>
        <rank description="Erhöht den von Euren Giften und der Fähigkeit 'Vergiften' angerichteten Schaden um 14% und verleiht Euren Giften, die Schaden im Laufe der Zeit verursachen, eine Chance von zusätzlichen 20%, Banneffekten zu widerstehen." lvl="2"/>
        <rank description="Erhöht den von Euren Giften und der Fähigkeit 'Vergiften' angerichteten Schaden um 20% und verleiht Euren Giften, die Schaden im Laufe der Zeit verursachen, eine Chance von zusätzlichen 30%, Banneffekten zu widerstehen." lvl="3"/>
      </talent>
      <talent column="2" icon="ability_poisons" key="268" name="Verbesserte Gifte" tier="3">
        <rank description="Erhöht die Chance, Euer Ziel mit tödlichem Gift zu erreichen, um 4% und die Frequenz, mit der das Ziel mit sofort wirkendem Gift erreicht werden kann, um 10%." lvl="1"/>
        <rank description="Erhöht die Chance, Euer Ziel mit tödlichem Gift zu erreichen, um 8% und die Frequenz, mit der das Ziel mit sofort wirkendem Gift erreicht werden kann, um 20%." lvl="2"/>
        <rank description="Erhöht die Chance, Euer Ziel mit tödlichem Gift zu erreichen, um 12% und die Frequenz, mit der das Ziel mit sofort wirkendem Gift erreicht werden kann, um 30%." lvl="3"/>
        <rank description="Erhöht die Chance, Euer Ziel mit tödlichem Gift zu erreichen, um 16% und die Frequenz, mit der das Ziel mit sofort wirkendem Gift erreicht werden kann, um 40%." lvl="4"/>
        <rank description="Erhöht die Chance, Euer Ziel mit tödlichem Gift zu erreichen, um 20% und die Frequenz, mit der das Ziel mit sofort wirkendem Gift erreicht werden kann, um 50%." lvl="5"/>
      </talent>
      <talent column="0" icon="ability_rogue_fleetfooted" key="1721" name="Leichtfüßig" tier="4">
        <rank description="Verringert die Dauer aller auf Euch wirkenden bewegungseinschränkenden Effekte um 15% und erhöht Euer Bewegungstempo um 8%. Nicht stapelbar mit anderen Effekten, die das Bewegungstempo erhöhen." lvl="1"/>
        <rank description="Verringert die Dauer aller auf Euch wirkenden bewegungseinschränkenden Effekte um 30% und erhöht Euer Bewegungstempo um 15%. Nicht stapelbar mit anderen Effekten, die das Bewegungstempo erhöhen." lvl="2"/>
      </talent>
      <talent column="1" icon="spell_ice_lament" key="280" name="Kaltblütigkeit" tier="4">
        <rank description="Wenn aktiv, wird die kritische Trefferchance Eurer nächsten Offensivfähigkeit um 100% erhöht." lvl="1"/>
        <spell castTime="0" cooldown="180000"/>
      </talent>
      <talent column="2" icon="ability_rogue_kidneyshot" key="279" name="Verbesserter Nierenhieb" tier="4">
        <rank description="Während Euer Ziel von 'Nierenhieb' betroffen ist, erleidet es zusätzliche 3% Schaden von allen Schadensquellen." lvl="1"/>
        <rank description="Während Euer Ziel von 'Nierenhieb' betroffen ist, erleidet es zusätzliche 6% Schaden von allen Schadensquellen." lvl="2"/>
        <rank description="Während Euer Ziel von 'Nierenhieb' betroffen ist, erleidet es zusätzliche 9% Schaden von allen Schadensquellen." lvl="3"/>
      </talent>
      <talent column="3" icon="ability_rogue_quickrecovery" key="1762" name="Schnelle Erholung" tier="4">
        <rank description="Alle auf Euch gewirkten Heileffekte werden um 10% erhöht. Außerdem stellen Eure Finishing-Moves 40% ihrer Energiekosten wieder her, wenn sie das Ziel verfehlen." lvl="1"/>
        <rank description="Alle auf Euch gewirkten Heileffekte werden um 20% erhöht. Außerdem stellen Eure Finishing-Moves 80% ihrer Energiekosten wieder her, wenn sie das Ziel verfehlen." lvl="2"/>
      </talent>
      <talent column="1" icon="spell_shadow_chilltouch" key="283" name="Schicksal besiegeln" requires="280" tier="5">
        <rank description="Gewährt Euren kritischen Treffern aus Fähigkeiten, die Combopunkte hinzufügen, eine Chance von 20%, einen zusätzlichen Combopunkt hinzuzufügen." lvl="1"/>
        <rank description="Gewährt Euren kritischen Treffern aus Fähigkeiten, die Combopunkte hinzufügen, eine Chance von 40%, einen zusätzlichen Combopunkt hinzuzufügen." lvl="2"/>
        <rank description="Gewährt Euren kritischen Treffern aus Fähigkeiten, die Combopunkte hinzufügen, eine Chance von 60%, einen zusätzlichen Combopunkt hinzuzufügen." lvl="3"/>
        <rank description="Gewährt Euren kritischen Treffern aus Fähigkeiten, die Combopunkte hinzufügen, eine Chance von 80%, einen zusätzlichen Combopunkt hinzuzufügen." lvl="4"/>
        <rank description="Gewährt Euren kritischen Treffern aus Fähigkeiten, die Combopunkte hinzufügen, eine Chance von 100%, einen zusätzlichen Combopunkt hinzuzufügen." lvl="5"/>
      </talent>
      <talent column="2" icon="spell_shadow_deathscream" key="274" name="Mord" tier="5">
        <rank description="Erhöht jeglichen Schaden um 2%." lvl="1"/>
        <rank description="Erhöht jeglichen Schaden um 4%." lvl="2"/>
      </talent>
      <talent column="0" icon="ability_rogue_deadlybrew" key="2065" name="Tödliche Mischung" tier="6">
        <rank description="Wenn Ihr ein Ziel mit sofort wirkendem Gift, Wundgift oder gedankenbenebelndem Gift vergiftet, besteht eine Chance von 50%, das Ziel auch mit verkrüppelndem Gift zu vergiften." lvl="1"/>
        <rank description="Wenn Ihr ein Ziel mit sofort wirkendem Gift, Wundgift oder gedankenbenebelndem Gift vergiftet, besteht eine Chance von 100%, das Ziel auch mit verkrüppelndem Gift zu vergiften." lvl="2"/>
      </talent>
      <talent column="1" icon="ability_hunter_rapidkilling" key="281" name="Amok" tier="6">
        <rank description="In der Verstohlenheit und bis zu 20 Sekunden nach Verlassen der Verstohlenheit regeneriert Ihr zusätzlich 30% Energie." lvl="1"/>
      </talent>
      <talent column="2" icon="ability_rogue_deadenednerves" key="1723" name="Abgestumpfte Nerven" tier="6">
        <rank description="Verringert jeglichen erlittenen Schaden um 2%." lvl="1"/>
        <rank description="Verringert jeglichen erlittenen Schaden um 4%." lvl="2"/>
        <rank description="Verringert jeglichen erlittenen Schaden um 6%." lvl="3"/>
      </talent>
      <talent column="0" icon="ability_rogue_focusedattacks" key="2069" name="Fokussierte Angriffe" tier="7">
        <rank description="Eure kritischen Nahkampftreffer haben eine Chance von 33%, Euch 2 Energie zu gewähren." lvl="1"/>
        <rank description="Eure kritischen Nahkampftreffer haben eine Chance von 66%, Euch 2 Energie zu gewähren." lvl="2"/>
        <rank description="Eure kritischen Nahkampftreffer haben eine Chance von 100%, Euch 2 Energie zu gewähren." lvl="3"/>
      </talent>
      <talent column="2" icon="ability_rogue_findweakness" key="1718" name="Schwächen aufspüren" tier="7">
        <rank description="Erhöht den Schaden von Offensivfähigkeiten um 2%." lvl="1"/>
        <rank description="Erhöht den Schaden von Offensivfähigkeiten um 4%." lvl="2"/>
        <rank description="Erhöht den Schaden von Offensivfähigkeiten um 6%." lvl="3"/>
      </talent>
      <talent column="0" icon="ability_creature_poison_06" key="1715" name="Meister der Gifte" tier="8">
        <rank description="Erhöht die kritische Trefferchance aller Angriffe gegen jegliche Ziele, die von Euch vergiftet wurden, um 1%, verringert die Dauer aller auf Euch wirkenden Gifteffekte um 17% und gewährt 'Vergiften' eine Chance von 33%, tödliches Gift nicht zu verbrauchen." lvl="1"/>
        <rank description="Erhöht die kritische Trefferchance aller Angriffe gegen jegliche Ziele, die von Euch vergiftet wurden, um 2%, verringert die Dauer aller auf Euch wirkenden Gifteffekte um 34% und gewährt 'Vergiften' eine Chance von 66%, tödliches Gift nicht zu verbrauchen." lvl="2"/>
        <rank description="Erhöht die kritische Trefferchance aller Angriffe gegen jegliche Ziele, die von Euch vergiftet wurden, um 3%, verringert die Dauer aller auf Euch wirkenden Gifteffekte um 50% und gewährt 'Vergiften' eine Chance von 100%, tödliches Gift nicht zu verbrauchen." lvl="3"/>
      </talent>
      <talent column="1" icon="ability_rogue_shadowstrikes" key="1719" name="Verstümmeln" requires="281" tier="8">
        <rank description="Greift sofort mit beiden Waffen an, verursacht 100% Waffenschaden sowie mit jeder Waffe zusätzlich 44 Schaden. Der Schaden gegen vergiftete Ziele ist um 20% erhöht. Gewährt 2 Combopunkte." lvl="1"/>
        <spell castTime="0" maxRange="5">
          <power cost="60" type="energy"/>
        </spell>
      </talent>
      <talent column="2" icon="ability_rogue_turnthetables" key="2066" name="Den Spieß umdrehen" tier="8">
        <rank description="Wenn ein Gruppen- oder Schlachtzugsmitglied blockt, pariert oder einem Angriff ausweicht, wird Eure Chance, mit allen Comboangriffen kritisch zu treffen 8 Sek. lang um 2% erhöht." lvl="1"/>
        <rank description="Wenn ein Gruppen- oder Schlachtzugsmitglied blockt, pariert oder einem Angriff ausweicht, wird Eure Chance, mit allen Comboangriffen kritisch zu treffen 8 Sek. lang um 4% erhöht." lvl="2"/>
        <rank description="Wenn ein Gruppen- oder Schlachtzugsmitglied blockt, pariert oder einem Angriff ausweicht, wird Eure Chance, mit allen Comboangriffen kritisch zu treffen 8 Sek. lang um 6% erhöht." lvl="3"/>
      </talent>
      <talent column="1" icon="ability_rogue_cuttothechase" key="2070" name="In Stücke schneiden" tier="9">
        <rank description="Eure Fähigkeiten 'Ausweiden' und 'Vergiften' haben eine Chance von 20%, 'Zerhäckseln' zu seiner maximalen Dauer von 5 Combopunkten wieder aufzufrischen." lvl="1"/>
        <rank description="Eure Fähigkeiten 'Ausweiden' und 'Vergiften' haben eine Chance von 40%, 'Zerhäckseln' zu seiner maximalen Dauer von 5 Combopunkten wieder aufzufrischen." lvl="2"/>
        <rank description="Eure Fähigkeiten 'Ausweiden' und 'Vergiften' haben eine Chance von 60%, 'Zerhäckseln' zu seiner maximalen Dauer von 5 Combopunkten wieder aufzufrischen." lvl="3"/>
        <rank description="Eure Fähigkeiten 'Ausweiden' und 'Vergiften' haben eine Chance von 80%, 'Zerhäckseln' zu seiner maximalen Dauer von 5 Combopunkten wieder aufzufrischen." lvl="4"/>
        <rank description="Eure Fähigkeiten 'Ausweiden' und 'Vergiften' haben eine Chance von 100%, 'Zerhäckseln' zu seiner maximalen Dauer von 5 Combopunkten wieder aufzufrischen." lvl="5"/>
      </talent>
      <talent column="1" icon="ability_rogue_hungerforblood" key="2071" name="Blutgier" tier="10">
        <rank description="Löst einen Wutanfall aus, der jeglichen verursachten Schaden um 5% erhöht. Es muss ein Blutungseffekt auf das Ziel wirken. Hält 1 Min. lang an." lvl="1"/>
        <spell castTime="0" maxRange="30">
          <power cost="15" type="energy"/>
        </spell>
      </talent>
    </tree>
  </talentTrees>
</page>
